ticket_id,split
1,train
2,train
3,train
4,train
5,train
6,validation
7,train
8,train
9,train
10,train
11,train
12,train
13,train
14,train
15,train
16,train
17,train
18,train
19,train
20,train
21,train
22,train
23,train
24,validation
25,test
26,train
27,train
28,train
29,train
30,train
31,train
32,train
33,validation
34,train
35,train
36,train
37,test
38,validation
39,train
40,validation
41,train
42,train
43,train
44,train
45,train
46,train
47,train
48,validation
49,validation
50,train
51,train
52,train
53,train
54,train
55,train
56,train
57,train
58,train
59,train
60,test
61,train
62,test
63,train
64,train
65,train
66,train
67,train
68,test
69,train
70,validation
71,train
72,train
73,train
74,train
75,validation
76,train
77,train
78,train
79,train
80,train
81,train
82,train
83,test
84,train
85,train
86,train
87,train
88,train
89,train
90,train
91,train
92,train
93,test
94,train
95,test
96,train
97,train
98,train
99,train
100,test
101,train
102,validation
103,train
104,train
105,train
106,train
107,train
108,train
109,train
110,train
111,train
112,train
113,train
114,train
115,test
116,train
117,train
118,train
119,train
120,train
121,validation
122,train
123,train
124,train
125,train
126,validation
127,train
128,train
129,train
130,train
131,validation
132,train
133,train
134,train
135,train
136,train
137,train
138,train
139,test
140,train
141,train
142,train
143,train
144,train
145,train
146,validation
147,train
148,train
149,train
150,train
151,train
152,test
153,train
154,train
155,train
156,test
157,validation
158,train
159,train
160,train
161,train
162,train
163,train
164,train
165,test
166,train
167,test
168,train
169,train
170,validation
171,train
172,validation
173,train
174,validation
175,train
176,train
177,train
178,train
179,train
180,test
181,train
182,train
183,train
184,test
185,train
186,train
187,train
188,train
189,train
190,train
191,train
192,train
193,train
194,train
195,train
196,test
197,train
198,train
199,train
200,train
201,train
202,test
203,test
204,validation
205,train
206,train
207,train
208,train
209,test
210,train
211,test
212,train
213,train
214,train
215,train
216,train
217,train
218,train
219,train
220,train
221,train
222,train
223,train
224,train
225,validation
226,train
227,train
228,train
229,train
230,train
231,train
232,validation
233,validation
234,train
235,test
236,train
237,train
238,train
239,train
240,train
241,validation
242,train
243,train
244,train
245,train
246,train
247,validation
248,train
249,train
250,train
251,train
252,train
253,train
254,train
255,validation
256,train
257,test
258,train
259,train
260,train
261,train
262,train
263,train
264,train
265,validation
266,train
267,train
268,train
269,test
270,train
271,test
272,train
273,validation
274,train
275,train
276,train
277,train
278,test
279,train
280,train
281,train
282,train
283,train
284,test
285,train
286,train
287,train
288,train
289,train
290,train
291,validation
292,train
293,train
294,train
295,train
296,train
297,train
298,train
299,train
300,train
301,train
302,train
303,train
304,train
305,train
306,train
307,train
308,train
309,train
310,train
311,train
312,train
313,train
314,train
315,train
316,train
317,train
318,train
319,train
320,validation
321,train
322,train
323,validation
324,validation
325,train
326,train
327,train
328,test
329,train
330,train
331,train
332,train
333,train
334,train
335,train
336,validation
337,train
338,train
339,train
340,train
341,train
342,train
343,train
344,train
345,train
346,train
347,train
348,train
349,train
350,train
351,test
352,test
353,train
354,train
355,train
356,train
357,train
358,train
359,train
360,validation
361,test
362,train
363,train
364,train
365,train
366,train
367,validation
368,train
369,train
370,train
371,train
372,train
373,train
374,train
375,train
376,test
377,train
378,test
379,train
380,test
381,train
382,train
383,test
384,train
385,train
386,validation
387,train
388,train
389,train
390,train
391,train
392,train
393,train
394,train
395,train
396,test
397,train
398,train
399,train
400,train
401,validation
402,train
403,train
404,train
405,train
406,train
407,train
408,train
409,train
410,validation
411,train
412,train
413,train
414,train
415,train
416,train
417,test
418,validation
419,train
420,train
421,train
422,train
423,train
424,train
425,train
426,train
427,train
428,test
429,validation
430,train
431,train
432,train
433,train
434,train
435,train
436,train
437,validation
438,train
439,train
440,train
441,train
442,train
443,train
444,train
445,train
446,train
447,train
448,train
449,train
450,train
451,train
452,train
453,train
454,test
455,train
456,train
457,train
458,train
459,train
460,train
461,validation
462,train
463,test
464,train
465,train
466,train
467,train
468,train
469,train
470,train
471,train
472,train
473,train
474,train
475,train
476,train
477,validation
478,train
479,train
480,train
481,train
482,train
483,train
484,train
485,train
486,train
487,train
488,validation
489,train
490,train
491,test
492,train
493,train
494,validation
495,train
496,train
497,train
498,train
499,train
500,train
501,train
502,test
503,train
504,train
505,train
506,test
507,test
508,train
509,train
510,train
511,train
512,train
513,validation
514,validation
515,train
516,train
517,train
518,train
519,validation
520,train
521,train
522,train
523,train
524,train
525,train
526,train
527,train
528,test
529,train
530,train
531,train
532,validation
533,train
534,train
535,train
536,train
537,train
538,train
539,train
540,train
541,train
542,train
543,train
544,train
545,train
546,train
547,train
548,train
549,train
550,test
551,train
552,train
553,train
554,train
555,train
556,train
557,train
558,test
559,train
560,test
561,train
562,train
563,train
564,train
565,train
566,train
567,train
568,train
569,validation
570,train
571,train
572,train
573,train
574,test
575,train
576,train
577,train
578,train
579,validation
580,train
581,train
582,train
583,train
584,train
585,train
586,train
587,train
588,validation
589,train
590,train
591,train
592,train
593,train
594,train
595,train
596,train
597,train
598,train
599,validation
600,train
601,train
602,train
603,train
604,test
605,train
606,train
607,train
608,train
609,train
610,train
611,train
612,train
613,train
614,train
615,train
616,train
617,train
618,train
619,train
620,train
621,train
622,train
623,train
624,validation
625,train
626,train
627,train
628,test
629,train
630,train
631,train
632,train
633,train
634,train
635,train
636,train
637,train
638,train
639,train
640,train
641,train
642,train
643,validation
644,train
645,train
646,train
647,validation
648,train
649,train
650,train
651,train
652,train
653,train
654,test
655,train
656,train
657,train
658,validation
659,train
660,train
661,train
662,train
663,test
664,train
665,train
666,train
667,train
668,train
669,train
670,train
671,train
672,train
673,train
674,train
675,test
676,test
677,train
678,train
679,train
680,test
681,train
682,train
683,train
684,train
685,train
686,test
687,validation
688,train
689,test
690,train
691,train
692,train
693,train
694,train
695,train
696,train
697,validation
698,train
699,train
700,train
701,validation
702,train
703,test
704,train
705,validation
706,train
707,train
708,test
709,train
710,train
711,train
712,train
713,train
714,train
715,train
716,train
717,train
718,train
719,train
720,train
721,train
722,train
723,train
724,train
725,train
726,train
727,train
728,train
729,test
730,train
731,train
732,validation
733,train
734,train
735,train
736,train
737,train
738,train
739,train
740,train
741,train
742,train
743,train
744,train
745,train
746,train
747,train
748,train
749,validation
750,train
751,train
752,train
753,train
754,train
755,test
756,test
757,train
758,train
759,validation
760,train
761,test
762,train
763,train
764,train
765,train
766,train
767,train
768,train
769,train
770,train
771,validation
772,train
773,train
774,train
775,test
776,validation
777,train
778,test
779,train
780,train
781,train
782,test
783,train
784,train
785,train
786,train
787,train
788,train
789,train
790,train
791,train
792,train
793,train
794,train
795,train
796,test
797,train
798,test
799,train
800,train
801,validation
802,test
803,train
804,validation
805,train
806,train
807,train
808,train
809,train
810,train
811,train
812,train
813,train
814,train
815,train
816,train
817,train
818,train
819,train
820,train
821,validation
822,train
823,train
824,train
825,train
826,train
827,train
828,train
829,train
830,train
831,test
832,train
833,train
834,train
835,train
836,train
837,train
838,train
839,train
840,train
841,train
842,train
843,train
844,train
845,train
846,train
847,train
848,train
849,validation
850,validation
851,train
852,train
853,train
854,train
855,train
856,test
857,train
858,train
859,train
860,train
861,train
862,train
863,train
864,train
865,train
866,train
867,train
868,validation
869,train
870,train
871,train
872,train
873,train
874,train
875,train
876,train
877,test
878,train
879,train
880,train
881,train
882,train
883,train
884,train
885,train
886,train
887,train
888,train
889,train
890,train
891,test
892,validation
893,train
894,train
895,train
896,train
897,train
898,train
899,test
900,train
901,test
902,train
903,train
904,train
905,train
906,train
907,train
908,train
909,train
910,train
911,train
912,train
913,train
914,train
915,train
916,train
917,train
918,train
919,train
920,train
921,train
922,train
923,train
924,test
925,train
926,train
927,train
928,validation
929,train
930,test
931,train
932,train
933,train
934,train
935,train
936,train
937,train
938,train
939,validation
940,train
941,train
942,train
943,train
944,train
945,train
946,train
947,train
948,train
949,train
950,train
951,test
952,train
953,train
954,train
955,train
956,train
957,train
958,train
959,train
960,train
961,train
962,train
963,test
964,train
965,train
966,train
967,train
968,train
969,train
970,train
971,test
972,train
973,train
974,train
975,test
976,train
977,train
978,train
979,train
980,train
981,train
982,test
983,train
984,validation
985,train
986,train
987,train
988,train
989,test
990,train
991,train
992,test
993,train
994,train
995,train
996,train
997,train
998,validation
999,validation
1000,train
1001,train
1002,train
1003,train
1004,train
1005,train
1006,train
1007,train
1008,validation
1009,validation
1010,train
1011,train
1012,train
1013,train
1014,train
1015,train
1016,train
1017,train
1018,train
1019,train
1020,train
1021,train
1022,train
1023,train
1024,train
1025,validation
1026,train
1027,train
1028,train
1029,train
1030,validation
1031,train
1032,train
1033,train
1034,train
1035,train
1036,train
1037,train
1038,train
1039,train
1040,train
1041,train
1042,train
1043,train
1044,train
1045,test
1046,train
1047,train
1048,train
1049,validation
1050,train
1051,train
1052,train
1053,train
1054,test
1055,train
1056,train
1057,train
1058,train
1059,train
1060,train
1061,train
1062,train
1063,train
1064,train
1065,train
1066,train
1067,validation
1068,validation
1069,train
1070,test
1071,train
1072,train
1073,train
1074,train
1075,validation
1076,train
1077,test
1078,validation
1079,test
1080,train
1081,train
1082,train
1083,train
1084,train
1085,train
1086,train
1087,train
1088,validation
1089,train
1090,test
1091,train
1092,train
1093,train
1094,test
1095,test
1096,train
1097,train
1098,train
1099,train
1100,train
1101,train
1102,train
1103,test
1104,train
1105,train
1106,validation
1107,test
1108,validation
1109,train
1110,train
1111,train
1112,train
1113,train
1114,train
1115,train
1116,train
1117,test
1118,train
1119,test
1120,train
1121,train
1122,train
1123,train
1124,train
1125,train
1126,train
1127,test
1128,train
1129,test
1130,train
1131,train
1132,train
1133,train
1134,train
1135,train
1136,train
1137,train
1138,train
1139,train
1140,validation
1141,train
1142,train
1143,train
1144,train
1145,train
1146,train
1147,train
1148,train
1149,train
1150,validation
1151,train
1152,train
1153,train
1154,train
1155,train
1156,validation
1157,train
1158,train
1159,train
1160,train
1161,train
1162,validation
1163,train
1164,train
1165,train
1166,train
1167,train
1168,train
1169,validation
1170,train
1171,train
1172,train
1173,train
1174,train
1175,train
1176,train
1177,test
1178,train
1179,train
1180,train
1181,validation
1182,train
1183,train
1184,train
1185,train
1186,test
1187,train
1188,test
1189,train
1190,test
1191,train
1192,test
1193,train
1194,train
1195,train
1196,validation
1197,train
1198,train
1199,train
1200,train
1201,train
1202,validation
1203,train
1204,train
1205,train
1206,train
1207,train
1208,train
1209,train
1210,train
1211,train
1212,train
1213,train
1214,validation
1215,train
1216,train
1217,train
1218,train
1219,validation
1220,train
1221,train
1222,train
1223,validation
1224,train
1225,train
1226,test
1227,train
1228,train
1229,train
1230,validation
1231,train
1232,train
1233,train
1234,validation
1235,validation
1236,train
1237,validation
1238,train
1239,train
1240,train
1241,train
1242,train
1243,train
1244,train
1245,train
1246,train
1247,train
1248,train
1249,train
1250,train
1251,train
1252,train
1253,train
1254,train
1255,train
1256,train
1257,test
1258,validation
1259,train
1260,train
1261,validation
1262,train
1263,train
1264,train
1265,train
1266,train
1267,train
1268,train
1269,train
1270,test
1271,train
1272,train
1273,train
1274,train
1275,train
1276,train
1277,test
1278,train
1279,train
1280,train
1281,train
1282,test
1283,validation
1284,train
1285,train
1286,train
1287,train
1288,train
1289,train
1290,train
1291,train
1292,test
1293,train
1294,train
1295,train
1296,train
1297,train
1298,train
1299,train
1300,train
1301,train
1302,train
1303,train
1304,test
1305,train
1306,validation
1307,train
1308,train
1309,test
1310,train
1311,train
1312,train
1313,train
1314,train
1315,train
1316,train
1317,train
1318,train
1319,train
1320,validation
1321,train
1322,train
1323,train
1324,train
1325,validation
1326,train
1327,train
1328,train
1329,train
1330,train
1331,validation
1332,train
1333,train
1334,train
1335,train
1336,train
1337,train
1338,train
1339,train
1340,train
1341,train
1342,train
1343,train
1344,test
1345,train
1346,train
1347,train
1348,train
1349,train
1350,train
1351,train
1352,train
1353,train
1354,validation
1355,test
1356,train
1357,train
1358,train
1359,train
1360,train
1361,train
1362,train
1363,train
1364,train
1365,train
1366,train
1367,train
1368,train
1369,train
1370,validation
1371,train
1372,train
1373,train
1374,train
1375,train
1376,test
1377,train
1378,train
1379,train
1380,train
1381,train
1382,train
1383,train
1384,train
1385,train
1386,train
1387,train
1388,train
1389,train
1390,train
1391,train
1392,train
1393,test
1394,train
1395,train
1396,train
1397,train
1398,train
1399,train
1400,validation
1401,validation
1402,train
1403,train
1404,train
1405,train
1406,train
1407,train
1408,train
1409,train
1410,train
1411,validation
1412,validation
1413,train
1414,validation
1415,train
1416,train
1417,train
1418,train
1419,test
1420,train
1421,train
1422,train
1423,train
1424,train
1425,validation
1426,train
1427,train
1428,train
1429,train
1430,validation
1431,train
1432,train
1433,train
1434,train
1435,validation
1436,train
1437,train
1438,test
1439,train
1440,test
1441,test
1442,train
1443,train
1444,train
1445,train
1446,train
1447,train
1448,test
1449,train
1450,train
1451,validation
1452,train
1453,test
1454,validation
1455,train
1456,train
1457,train
1458,train
1459,train
1460,train
1461,train
1462,train
1463,validation
1464,test
1465,train
1466,train
1467,validation
1468,train
1469,train
1470,test
1471,train
1472,train
1473,train
1474,train
1475,train
1476,train
1477,train
1478,train
1479,train
1480,test
1481,validation
1482,train
1483,train
1484,train
1485,validation
1486,train
1487,train
1488,train
1489,train
1490,train
1491,train
1492,train
1493,validation
1494,train
1495,train
1496,train
1497,train
1498,test
1499,train
1500,train
1501,train
1502,train
1503,train
1504,train
1505,train
1506,train
1507,train
1508,train
1509,validation
1510,test
1511,train
1512,train
1513,test
1514,train
1515,train
1516,train
1517,train
1518,train
1519,train
1520,validation
1521,train
1522,train
1523,test
1524,train
1525,train
1526,test
1527,train
1528,train
1529,train
1530,train
1531,train
1532,train
1533,train
1534,train
1535,validation
1536,test
1537,test
1538,train
1539,train
1540,train
1541,train
1542,train
1543,train
1544,validation
1545,train
1546,train
1547,train
1548,train
1549,test
1550,train
1551,validation
1552,train
1553,train
1554,train
1555,validation
1556,train
1557,train
1558,validation
1559,train
1560,train
1561,train
1562,train
1563,validation
1564,train
1565,train
1566,train
1567,train
1568,train
1569,validation
1570,train
1571,train
1572,train
1573,train
1574,test
1575,train
1576,train
1577,train
1578,train
1579,train
1580,train
1581,train
1582,validation
1583,train
1584,test
1585,train
1586,train
1587,train
1588,train
1589,train
1590,test
1591,train
1592,train
1593,test
1594,train
1595,train
1596,train
1597,train
1598,train
1599,train
1600,validation
1601,train
1602,train
1603,train
1604,train
1605,train
1606,train
1607,train
1608,train
1609,train
1610,train
1611,train
1612,test
1613,train
1614,train
1615,train
1616,validation
1617,test
1618,test
1619,train
1620,train
1621,train
1622,train
1623,train
1624,train
1625,train
1626,train
1627,train
1628,validation
1629,train
1630,train
1631,test
1632,train
1633,train
1634,train
1635,validation
1636,train
1637,test
1638,validation
1639,train
1640,train
1641,train
1642,test
1643,train
1644,train
1645,train
1646,train
1647,train
1648,train
1649,validation
1650,validation
1651,train
1652,validation
1653,test
1654,train
1655,train
1656,train
1657,validation
1658,train
1659,train
1660,test
1661,train
1662,train
1663,validation
1664,validation
1665,validation
1666,train
1667,train
1668,train
1669,validation
1670,train
1671,train
1672,train
1673,train
1674,train
1675,train
1676,train
1677,train
1678,train
1679,train
1680,train
1681,train
1682,validation
1683,train
1684,test
1685,train
1686,train
1687,train
1688,train
1689,train
1690,validation
1691,validation
1692,train
1693,test
1694,train
1695,test
1696,train
1697,test
1698,train
1699,train
1700,validation
1701,train
1702,train
1703,train
1704,train
1705,train
1706,train
1707,train
1708,train
1709,train
1710,train
1711,train
1712,train
1713,train
1714,train
1715,train
1716,train
1717,train
1718,train
1719,test
1720,train
1721,train
1722,train
1723,train
1724,validation
1725,train
1726,train
1727,train
1728,train
1729,train
1730,train
1731,train
1732,validation
1733,train
1734,train
1735,train
1736,test
1737,train
1738,train
1739,train
1740,train
1741,train
1742,train
1743,train
1744,test
1745,train
1746,train
1747,train
1748,train
1749,train
1750,train
1751,train
1752,train
1753,train
1754,train
1755,train
1756,train
1757,train
1758,train
1759,train
1760,train
1761,train
1762,train
1763,train
1764,train
1765,train
1766,train
1767,test
1768,train
1769,validation
1770,train
1771,train
1772,train
1773,train
1774,test
1775,train
1776,train
1777,train
1778,train
1779,train
1780,train
1781,validation
1782,train
1783,validation
1784,train
1785,train
1786,train
1787,train
1788,train
1789,train
1790,train
1791,train
1792,train
1793,test
1794,train
1795,validation
1796,train
1797,train
1798,validation
1799,train
1800,train
1801,train
1802,train
1803,train
1804,validation
1805,train
1806,train
1807,train
1808,validation
1809,train
1810,train
1811,train
1812,train
1813,train
1814,train
1815,train
1816,train
1817,train
1818,train
1819,train
1820,train
1821,train
1822,test
1823,train
1824,train
1825,train
1826,train
1827,validation
1828,validation
1829,validation
1830,test
1831,train
1832,train
1833,train
1834,test
1835,validation
1836,train
1837,train
1838,train
1839,train
1840,train
1841,test
1842,test
1843,train
1844,test
1845,train
1846,validation
1847,train
1848,test
1849,train
1850,train
1851,train
1852,train
1853,train
1854,train
1855,train
1856,test
1857,train
1858,test
1859,train
1860,train
1861,train
1862,validation
1863,train
1864,train
1865,train
1866,train
1867,train
1868,train
1869,train
1870,train
1871,test
1872,validation
1873,train
1874,validation
1875,train
1876,train
1877,test
1878,train
1879,train
1880,train
1881,validation
1882,validation
1883,validation
1884,train
1885,train
1886,train
1887,train
1888,train
1889,train
1890,train
1891,train
1892,train
1893,test
1894,train
1895,test
1896,train
1897,train
1898,train
1899,validation
1900,test
1901,train
1902,train
1903,train
1904,train
1905,train
1906,train
1907,train
1908,train
1909,test
1910,test
1911,validation
1912,test
1913,train
1914,train
1915,train
1916,test
1917,validation
1918,test
1919,train
1920,train
1921,validation
1922,train
1923,train
1924,train
1925,train
1926,train
1927,train
1928,train
1929,train
1930,train
1931,train
1932,train
1933,train
1934,train
1935,train
1936,train
1937,train
1938,validation
1939,train
1940,train
1941,train
1942,train
1943,train
1944,train
1945,train
1946,train
1947,train
1948,train
1949,validation
1950,train
1951,train
1952,train
1953,train
1954,train
1955,train
1956,train
1957,train
1958,train
1959,train
1960,train
1961,train
1962,train
1963,train
1964,train
1965,train
1966,train
1967,train
1968,validation
1969,train
1970,train
1971,train
1972,train
1973,train
1974,validation
1975,test
1976,train
1977,train
1978,train
1979,train
1980,train
1981,train
1982,validation
1983,test
1984,test
1985,test
1986,train
1987,train
1988,validation
1989,train
1990,train
1991,train
1992,validation
1993,train
1994,train
1995,train
1996,train
1997,validation
1998,train
1999,validation
2000,test
2001,train
2002,train
2003,train
2004,train
2005,validation
2006,train
2007,validation
2008,train
2009,validation
2010,validation
2011,train
2012,test
2013,train
2014,train
2015,train
2016,train
2017,test
2018,train
2019,train
2020,train
2021,test
2022,train
2023,train
2024,train
2025,train
2026,test
2027,train
2028,train
2029,test
2030,train
2031,train
2032,train
2033,test
2034,train
2035,test
2036,train
2037,train
2038,train
2039,train
2040,train
2041,validation
2042,train
2043,validation
2044,train
2045,train
2046,train
2047,train
2048,train
2049,train
2050,train
2051,train
2052,test
2053,train
2054,train
2055,train
2056,train
2057,train
2058,train
2059,validation
2060,test
2061,validation
2062,validation
2063,train
2064,validation
2065,train
2066,validation
2067,train
2068,train
2069,train
2070,train
2071,train
2072,validation
2073,train
2074,test
2075,train
2076,validation
2077,train
2078,train
2079,train
2080,validation
2081,train
2082,test
2083,train
2084,train
2085,train
2086,train
2087,train
2088,train
2089,test
2090,train
2091,train
2092,train
2093,test
2094,train
2095,train
2096,train
2097,train
2098,train
2099,validation
2100,train
2101,train
2102,train
2103,train
2104,train
2105,validation
2106,test
2107,train
2108,train
2109,test
2110,train
2111,test
2112,train
2113,train
2114,train
2115,validation
2116,train
2117,test
2118,train
2119,validation
2120,train
2121,train
2122,test
2123,validation
2124,train
2125,test
2126,validation
2127,train
2128,train
2129,train
2130,test
2131,train
2132,train
2133,test
2134,train
2135,train
2136,train
2137,train
2138,train
2139,train
2140,train
2141,train
2142,train
2143,train
2144,train
2145,train
2146,train
2147,test
2148,train
2149,train
2150,train
2151,train
2152,test
2153,train
2154,train
2155,train
2156,train
2157,train
2158,train
2159,test
2160,train
2161,train
2162,train
2163,train
2164,train
2165,train
2166,train
2167,train
2168,train
2169,train
2170,train
2171,train
2172,train
2173,train
2174,train
2175,train
2176,train
2177,train
2178,train
2179,train
2180,test
2181,train
2182,train
2183,train
2184,validation
2185,train
2186,train
2187,validation
2188,train
2189,train
2190,test
2191,train
2192,train
2193,train
2194,test
2195,test
2196,train
2197,validation
2198,train
2199,train
2200,train
2201,train
2202,train
2203,train
2204,train
2205,train
2206,train
2207,train
2208,train
2209,train
2210,train
2211,train
2212,train
2213,train
2214,test
2215,train
2216,validation
2217,train
2218,train
2219,validation
2220,train
2221,train
2222,train
2223,train
2224,train
2225,train
2226,test
2227,train
2228,train
2229,train
2230,train
2231,train
2232,train
2233,train
2234,train
2235,train
2236,train
2237,train
2238,train
2239,train
2240,validation
2241,train
2242,test
2243,train
2244,test
2245,train
2246,train
2247,train
2248,train
2249,train
2250,validation
2251,train
2252,validation
2253,train
2254,train
2255,train
2256,validation
2257,train
2258,train
2259,test
2260,train
2261,validation
2262,test
2263,train
2264,train
2265,train
2266,train
2267,test
2268,train
2269,train
2270,train
2271,train
2272,train
2273,train
2274,validation
2275,train
2276,train
2277,train
2278,validation
2279,train
2280,train
2281,train
2282,train
2283,train
2284,train
2285,train
2286,train
2287,train
2288,train
2289,train
2290,validation
2291,validation
2292,train
2293,train
2294,train
2295,validation
2296,train
2297,train
2298,train
2299,train
2300,train
2301,train
2302,train
2303,train
2304,test
2305,train
2306,train
2307,train
2308,train
2309,train
2310,train
2311,train
2312,train
2313,train
2314,train
2315,train
2316,train
2317,train
2318,validation
2319,train
2320,train
2321,train
2322,test
2323,train
2324,train
2325,train
2326,train
2327,train
2328,validation
2329,train
2330,test
2331,train
2332,train
2333,train
2334,train
2335,train
2336,train
2337,train
2338,train
2339,train
2340,train
2341,train
2342,train
2343,test
2344,train
2345,train
2346,train
2347,train
2348,train
2349,train
2350,train
2351,train
2352,train
2353,train
2354,validation
2355,train
2356,validation
2357,train
2358,validation
2359,validation
2360,train
2361,train
2362,train
2363,test
2364,validation
2365,validation
2366,train
2367,train
2368,train
2369,train
2370,test
2371,train
2372,validation
2373,train
2374,train
2375,validation
2376,train
2377,train
2378,train
2379,train
2380,train
2381,train
2382,train
2383,train
2384,train
2385,train
2386,train
2387,train
2388,train
2389,validation
2390,train
2391,train
2392,train
2393,train
2394,test
2395,validation
2396,train
2397,validation
2398,train
2399,train
2400,validation
2401,train
2402,train
2403,validation
2404,train
2405,train
2406,test
2407,train
2408,train
2409,train
2410,train
2411,train
2412,train
2413,train
2414,validation
2415,validation
2416,train
2417,test
2418,train
2419,train
2420,test
2421,train
2422,train
2423,train
2424,train
2425,train
2426,train
2427,train
2428,validation
2429,train
2430,test
2431,validation
2432,train
2433,train
2434,train
2435,test
2436,validation
2437,train
2438,validation
2439,train
2440,validation
2441,test
2442,train
2443,train
2444,test
2445,train
2446,train
2447,train
2448,train
2449,train
2450,train
2451,train
2452,train
2453,train
2454,test
2455,train
2456,train
2457,train
2458,train
2459,train
2460,train
2461,train
2462,train
2463,validation
2464,validation
2465,test
2466,train
2467,train
2468,train
2469,train
2470,train
2471,train
2472,train
2473,train
2474,train
2475,train
2476,train
2477,train
2478,train
2479,train
2480,train
2481,validation
2482,train
2483,train
2484,train
2485,train
2486,train
2487,train
2488,train
2489,test
2490,train
2491,validation
2492,train
2493,train
2494,test
2495,train
2496,train
2497,train
2498,train
2499,train
2500,train
2501,validation
2502,validation
2503,validation
2504,train
2505,train
2506,train
2507,test
2508,train
2509,train
2510,train
2511,train
2512,train
2513,train
2514,test
2515,test
2516,train
2517,train
2518,train
2519,train
2520,train
2521,train
2522,train
2523,train
2524,train
2525,train
2526,train
2527,validation
2528,train
2529,train
2530,train
2531,train
2532,validation
2533,train
2534,train
2535,train
2536,train
2537,train
2538,train
2539,train
2540,train
2541,train
2542,train
2543,train
2544,train
2545,train
2546,train
2547,train
2548,train
2549,test
2550,train
2551,train
2552,test
2553,train
2554,train
2555,train
2556,train
2557,train
2558,train
2559,train
2560,train
2561,test
2562,train
2563,train
2564,train
2565,train
2566,test
2567,train
2568,train
2569,train
2570,train
2571,train
2572,train
2573,validation
2574,test
2575,test
2576,train
2577,train
2578,train
2579,test
2580,train
2581,train
2582,train
2583,train
2584,train
2585,train
2586,train
2587,train
2588,train
2589,validation
2590,train
2591,validation
2592,test
2593,train
2594,train
2595,train
2596,train
2597,validation
2598,test
2599,train
2600,test
2601,train
2602,train
2603,train
2604,train
2605,train
2606,validation
2607,train
2608,train
2609,train
2610,train
2611,train
2612,train
2613,train
2614,train
2615,train
2616,train
2617,train
2618,test
2619,test
2620,train
2621,train
2622,train
2623,train
2624,train
2625,train
2626,train
2627,train
2628,train
2629,train
2630,train
2631,train
2632,train
2633,train
2634,train
2635,test
2636,train
2637,test
2638,train
2639,train
2640,train
2641,train
2642,train
2643,train
2644,train
2645,train
2646,train
2647,test
2648,train
2649,train
2650,train
2651,train
2652,test
2653,train
2654,train
2655,train
2656,train
2657,validation
2658,train
2659,train
2660,test
2661,test
2662,train
2663,train
2664,train
2665,validation
2666,train
2667,train
2668,train
2669,train
2670,train
2671,train
2672,validation
2673,train
2674,train
2675,train
2676,train
2677,train
2678,train
2679,train
2680,train
2681,train
2682,train
2683,train
2684,test
2685,train
2686,train
2687,validation
2688,train
2689,train
2690,train
2691,train
2692,test
2693,train
2694,train
2695,train
2696,test
2697,train
2698,validation
2699,train
2700,train
2701,train
2702,train
2703,train
2704,train
2705,validation
2706,validation
2707,train
2708,validation
2709,train
2710,test
2711,validation
2712,test
2713,train
2714,train
2715,train
2716,train
2717,train
2718,train
2719,train
2720,train
2721,train
2722,train
2723,train
2724,test
2725,train
2726,validation
2727,train
2728,train
2729,train
2730,train
2731,train
2732,train
2733,validation
2734,train
2735,train
2736,train
2737,validation
2738,train
2739,train
2740,validation
2741,train
2742,train
2743,test
2744,validation
2745,train
2746,train
2747,train
2748,train
2749,train
2750,train
2751,test
2752,train
2753,validation
2754,test
2755,train
2756,train
2757,train
2758,train
2759,train
2760,train
2761,test
2762,train
2763,train
2764,train
2765,train
2766,train
2767,train
2768,train
2769,train
2770,train
2771,validation
2772,train
2773,train
2774,train
2775,train
2776,train
2777,train
2778,train
2779,train
2780,test
2781,train
2782,test
2783,train
2784,test
2785,train
2786,train
2787,test
2788,validation
2789,train
2790,train
2791,train
2792,train
2793,test
2794,train
2795,train
2796,train
2797,train
2798,train
2799,train
2800,train
2801,train
2802,train
2803,test
2804,train
2805,validation
2806,train
2807,train
2808,train
2809,test
2810,train
2811,train
2812,test
2813,validation
2814,validation
2815,train
2816,test
2817,train
2818,train
2819,train
2820,train
2821,train
2822,train
2823,train
2824,train
2825,train
2826,train
2827,train
2828,train
2829,train
2830,train
2831,validation
2832,train
2833,test
2834,train
2835,train
2836,train
2837,test
2838,train
2839,train
2840,test
2841,train
2842,train
2843,train
2844,train
2845,validation
2846,train
2847,test
2848,train
2849,train
2850,train
2851,train
2852,train
2853,train
2854,train
2855,train
2856,train
2857,test
2858,train
2859,train
2860,train
2861,train
2862,validation
2863,validation
2864,train
2865,validation
2866,train
2867,train
2868,validation
2869,train
2870,train
2871,train
2872,train
2873,train
2874,train
2875,train
2876,validation
2877,train
2878,train
2879,train
2880,train
2881,train
2882,train
2883,train
2884,train
2885,train
2886,train
2887,train
2888,validation
2889,train
2890,train
2891,train
2892,train
2893,validation
2894,validation
2895,train
2896,train
2897,test
2898,validation
2899,train
2900,train
2901,train
2902,train
2903,train
2904,validation
2905,validation
2906,train
2907,train
2908,test
2909,train
2910,train
2911,validation
2912,train
2913,train
2914,train
2915,train
2916,test
2917,validation
2918,train
2919,validation
2920,train
2921,train
2922,train
2923,train
2924,train
2925,train
2926,train
2927,train
2928,train
2929,train
2930,train
2931,train
2932,train
2933,train
2934,train
2935,train
2936,train
2937,train
2938,train
2939,train
2940,train
2941,train
2942,test
2943,train
2944,train
2945,test
2946,validation
2947,train
2948,train
2949,validation
2950,train
2951,train
2952,validation
2953,train
2954,train
2955,train
2956,train
2957,train
2958,train
2959,train
2960,train
2961,train
2962,test
2963,train
2964,train
2965,train
2966,train
2967,train
2968,train
2969,train
2970,train
2971,train
2972,train
2973,train
2974,train
2975,validation
2976,train
2977,train
2978,validation
2979,train
2980,train
2981,train
2982,validation
2983,train
2984,train
2985,train
2986,train
2987,test
2988,train
2989,test
2990,train
2991,train
2992,train
2993,train
2994,train
2995,train
2996,train
2997,train
2998,train
2999,train
3000,train
3001,train
3002,train
3003,train
3004,validation
3005,train
3006,validation
3007,train
3008,train
3009,train
3010,train
3011,train
3012,train
3013,train
3014,train
3015,train
3016,test
3017,test
3018,train
3019,train
3020,train
3021,validation
3022,train
3023,train
3024,train
3025,train
3026,train
3027,train
3028,test
3029,validation
3030,train
3031,validation
3032,train
3033,train
3034,train
3035,train
3036,validation
3037,test
3038,test
3039,train
3040,train
3041,train
3042,train
3043,validation
3044,train
3045,train
3046,train
3047,validation
3048,test
3049,train
3050,train
3051,train
3052,train
3053,train
3054,validation
3055,train
3056,train
3057,validation
3058,train
3059,train
3060,train
3061,train
3062,train
3063,train
3064,validation
3065,train
3066,test
3067,validation
3068,train
3069,train
3070,train
3071,train
3072,train
3073,train
3074,validation
3075,train
3076,train
3077,train
3078,train
3079,train
3080,train
3081,train
3082,train
3083,train
3084,train
3085,validation
3086,train
3087,train
3088,train
3089,train
3090,train
3091,train
3092,train
3093,validation
3094,test
3095,train
3096,train
3097,train
3098,validation
3099,train
3100,train
3101,train
3102,train
3103,train
3104,train
3105,train
3106,train
3107,validation
3108,train
3109,train
3110,train
3111,validation
3112,train
3113,test
3114,train
3115,validation
3116,train
3117,train
3118,train
3119,train
3120,train
3121,train
3122,train
3123,train
3124,train
3125,train
3126,train
3127,train
3128,train
3129,train
3130,train
3131,train
3132,validation
3133,train
3134,train
3135,train
3136,train
3137,train
3138,train
3139,train
3140,train
3141,train
3142,train
3143,train
3144,train
3145,train
3146,train
3147,train
3148,train
3149,train
3150,train
3151,train
3152,validation
3153,train
3154,train
3155,train
3156,validation
3157,train
3158,train
3159,validation
3160,train
3161,train
3162,train
3163,train
3164,test
3165,test
3166,train
3167,train
3168,test
3169,train
3170,train
3171,train
3172,train
3173,train
3174,validation
3175,train
3176,train
3177,train
3178,train
3179,train
3180,validation
3181,test
3182,train
3183,test
3184,train
3185,train
3186,train
3187,train
3188,train
3189,train
3190,train
3191,train
3192,validation
3193,validation
3194,validation
3195,train
3196,validation
3197,train
3198,validation
3199,validation
3200,train
3201,validation
3202,train
3203,test
3204,train
3205,validation
3206,train
3207,train
3208,test
3209,train
3210,train
3211,train
3212,test
3213,train
3214,validation
3215,train
3216,train
3217,train
3218,train
3219,train
3220,train
3221,validation
3222,train
3223,train
3224,train
3225,train
3226,train
3227,train
3228,train
3229,train
3230,train
3231,train
3232,train
3233,test
3234,train
3235,test
3236,train
3237,train
3238,test
3239,train
3240,train
3241,train
3242,train
3243,train
3244,train
3245,validation
3246,train
3247,train
3248,validation
3249,train
3250,train
3251,train
3252,train
3253,validation
3254,train
3255,test
3256,train
3257,test
3258,validation
3259,train
3260,train
3261,train
3262,train
3263,train
3264,train
3265,train
3266,train
3267,train
3268,train
3269,train
3270,test
3271,validation
3272,train
3273,train
3274,train
3275,train
3276,train
3277,validation
3278,train
3279,test
3280,train
3281,train
3282,train
3283,train
3284,train
3285,train
3286,validation
3287,train
3288,test
3289,test
3290,train
3291,train
3292,train
3293,train
3294,validation
3295,train
3296,train
3297,validation
3298,train
3299,train
3300,train
3301,train
3302,train
3303,train
3304,train
3305,test
3306,train
3307,test
3308,train
3309,train
3310,train
3311,validation
3312,train
3313,validation
3314,train
3315,train
3316,train
3317,train
3318,train
3319,train
3320,train
3321,train
3322,train
3323,train
3324,train
3325,train
3326,train
3327,train
3328,train
3329,train
3330,validation
3331,train
3332,train
3333,validation
3334,test
3335,train
3336,test
3337,train
3338,test
3339,train
3340,train
3341,train
3342,train
3343,train
3344,test
3345,train
3346,test
3347,train
3348,train
3349,train
3350,train
3351,train
3352,train
3353,train
3354,test
3355,train
3356,test
3357,validation
3358,train
3359,train
3360,test
3361,train
3362,train
3363,test
3364,train
3365,test
3366,test
3367,train
3368,train
3369,train
3370,validation
3371,test
3372,test
3373,validation
3374,train
3375,train
3376,test
3377,train
3378,train
3379,train
3380,validation
3381,train
3382,train
3383,test
3384,train
3385,train
3386,train
3387,validation
3388,train
3389,test
3390,train
3391,train
3392,train
3393,train
3394,train
3395,train
3396,train
3397,train
3398,train
3399,train
3400,train
3401,train
3402,train
3403,train
3404,train
3405,test
3406,train
3407,train
3408,train
3409,train
3410,validation
3411,train
3412,train
3413,train
3414,train
3415,train
3416,train
3417,train
3418,test
3419,train
3420,train
3421,train
3422,train
3423,train
3424,test
3425,train
3426,train
3427,train
3428,train
3429,train
3430,train
3431,train
3432,train
3433,train
3434,train
3435,train
3436,train
3437,train
3438,train
3439,train
3440,train
3441,validation
3442,train
3443,train
3444,train
3445,test
3446,train
3447,train
3448,train
3449,test
3450,train
3451,validation
3452,train
3453,train
3454,train
3455,test
3456,train
3457,train
3458,train
3459,train
3460,train
3461,train
3462,train
3463,train
3464,train
3465,train
3466,train
3467,train
3468,train
3469,train
3470,validation
3471,train
3472,train
3473,validation
3474,train
3475,validation
3476,train
3477,train
3478,train
3479,train
3480,train
3481,train
3482,train
3483,train
3484,train
3485,train
3486,train
3487,train
3488,train
3489,train
3490,test
3491,train
3492,train
3493,train
3494,train
3495,train
3496,train
3497,train
3498,validation
3499,train
3500,test
3501,train
3502,train
3503,train
3504,train
3505,train
3506,train
3507,train
3508,validation
3509,train
3510,train
3511,train
3512,train
3513,train
3514,train
3515,train
3516,train
3517,train
3518,train
3519,train
3520,train
3521,train
3522,train
3523,validation
3524,train
3525,train
3526,train
3527,train
3528,train
3529,train
3530,train
3531,train
3532,train
3533,test
3534,train
3535,train
3536,train
3537,train
3538,test
3539,train
3540,train
3541,train
3542,train
3543,train
3544,test
3545,train
3546,train
3547,train
3548,train
3549,train
3550,train
3551,train
3552,train
3553,train
3554,train
3555,train
3556,train
3557,validation
3558,train
3559,train
3560,train
3561,train
3562,test
3563,test
3564,train
3565,train
3566,validation
3567,train
3568,train
3569,train
3570,train
3571,train
3572,validation
3573,train
3574,train
3575,validation
3576,train
3577,train
3578,train
3579,train
3580,train
3581,train
3582,train
3583,train
3584,train
3585,train
3586,train
3587,train
3588,train
3589,train
3590,validation
3591,train
3592,test
3593,train
3594,train
3595,train
3596,train
3597,train
3598,validation
3599,train
3600,train
3601,train
3602,test
3603,train
3604,train
3605,train
3606,train
3607,train
3608,train
3609,test
3610,test
3611,train
3612,validation
3613,train
3614,train
3615,train
3616,train
3617,train
3618,train
3619,train
3620,test
3621,test
3622,train
3623,train
3624,validation
3625,train
3626,validation
3627,train
3628,validation
3629,train
3630,train
3631,train
3632,train
3633,train
3634,train
3635,train
3636,train
3637,train
3638,train
3639,train
3640,train
3641,train
3642,test
3643,train
3644,train
3645,train
3646,train
3647,train
3648,train
3649,train
3650,train
3651,train
3652,train
3653,train
3654,train
3655,train
3656,train
3657,test
3658,train
3659,train
3660,train
3661,train
3662,validation
3663,train
3664,validation
3665,train
3666,test
3667,validation
3668,train
3669,train
3670,test
3671,train
3672,train
3673,train
3674,train
3675,validation
3676,train
3677,validation
3678,train
3679,train
3680,train
3681,train
3682,train
3683,validation
3684,test
3685,train
3686,train
3687,train
3688,train
3689,validation
3690,test
3691,validation
3692,train
3693,train
3694,train
3695,train
3696,train
3697,train
3698,train
3699,train
3700,train
3701,train
3702,train
3703,train
3704,train
3705,train
3706,train
3707,validation
3708,test
3709,train
3710,train
3711,train
3712,train
3713,train
3714,train
3715,train
3716,test
3717,train
3718,validation
3719,train
3720,train
3721,train
3722,train
3723,train
3724,train
3725,validation
3726,validation
3727,train
3728,train
3729,train
3730,train
3731,validation
3732,train
3733,train
3734,train
3735,test
3736,train
3737,validation
3738,validation
3739,train
3740,train
3741,train
3742,train
3743,train
3744,test
3745,train
3746,train
3747,train
3748,test
3749,train
3750,train
3751,train
3752,validation
3753,train
3754,train
3755,test
3756,validation
3757,train
3758,train
3759,validation
3760,train
3761,train
3762,train
3763,train
3764,train
3765,train
3766,train
3767,test
3768,train
3769,validation
3770,test
3771,validation
3772,test
3773,train
3774,train
3775,train
3776,train
3777,test
3778,train
3779,train
3780,validation
3781,train
3782,train
3783,test
3784,train
3785,train
3786,train
3787,train
3788,train
3789,test
3790,train
3791,train
3792,train
3793,train
3794,validation
3795,train
3796,train
3797,test
3798,train
3799,train
3800,validation
3801,train
3802,train
3803,train
3804,train
3805,validation
3806,train
3807,validation
3808,train
3809,train
3810,train
3811,train
3812,train
3813,validation
3814,train
3815,train
3816,train
3817,train
3818,train
3819,train
3820,train
3821,validation
3822,train
3823,train
3824,train
3825,test
3826,train
3827,train
3828,train
3829,train
3830,train
3831,train
3832,train
3833,train
3834,train
3835,train
3836,train
3837,train
3838,train
3839,train
3840,train
3841,train
3842,train
3843,train
3844,train
3845,train
3846,validation
3847,train
3848,train
3849,train
3850,train
3851,train
3852,train
3853,validation
3854,train
3855,train
3856,train
3857,train
3858,train
3859,train
3860,train
3861,train
3862,train
3863,train
3864,train
3865,train
3866,train
3867,train
3868,train
3869,validation
3870,train
3871,train
3872,test
3873,train
3874,test
3875,train
3876,train
3877,test
3878,train
3879,train
3880,train
3881,train
3882,train
3883,train
3884,train
3885,train
3886,train
3887,train
3888,train
3889,train
3890,train
3891,train
3892,train
3893,train
3894,train
3895,train
3896,train
3897,test
3898,train
3899,validation
3900,train
3901,train
3902,train
3903,train
3904,train
3905,train
3906,train
3907,train
3908,train
3909,train
3910,train
3911,train
3912,train
3913,train
3914,train
3915,train
3916,train
3917,train
3918,train
3919,test
3920,train
3921,train
3922,train
3923,train
3924,train
3925,validation
3926,validation
3927,test
3928,train
3929,validation
3930,train
3931,test
3932,train
3933,test
3934,validation
3935,train
3936,train
3937,train
3938,test
3939,validation
3940,train
3941,validation
3942,train
3943,test
3944,train
3945,train
3946,validation
3947,train
3948,train
3949,test
3950,train
3951,train
3952,train
3953,train
3954,train
3955,test
3956,train
3957,validation
3958,train
3959,train
3960,train
3961,train
3962,train
3963,train
3964,train
3965,validation
3966,train
3967,train
3968,train
3969,train
3970,train
3971,train
3972,train
3973,train
3974,train
3975,train
3976,train
3977,train
3978,test
3979,train
3980,train
3981,test
3982,train
3983,validation
3984,train
3985,train
3986,train
3987,train
3988,train
3989,validation
3990,train
3991,train
3992,train
3993,train
3994,train
3995,train
3996,train
3997,train
3998,train
3999,train
4000,train
4001,validation
4002,train
4003,train
4004,train
4005,train
4006,validation
4007,test
4008,train
4009,train
4010,validation
4011,validation
4012,train
4013,train
4014,train
4015,train
4016,train
4017,train
4018,train
4019,train
4020,train
4021,train
4022,train
4023,train
4024,train
4025,test
4026,train
4027,train
4028,train
4029,validation
4030,train
4031,train
4032,test
4033,validation
4034,train
4035,test
4036,train
4037,train
4038,test
4039,train
4040,train
4041,train
4042,train
4043,validation
4044,train
4045,train
4046,train
4047,train
4048,train
4049,test
4050,train
4051,validation
4052,train
4053,train
4054,train
4055,validation
4056,train
4057,train
4058,test
4059,train
4060,train
4061,train
4062,test
4063,train
4064,train
4065,train
4066,train
4067,test
4068,train
4069,train
4070,train
4071,train
4072,test
4073,train
4074,train
4075,train
4076,train
4077,train
4078,train
4079,train
4080,train
4081,train
4082,train
4083,train
4084,train
4085,train
4086,train
4087,train
4088,train
4089,train
4090,train
4091,train
4092,train
4093,validation
4094,test
4095,validation
4096,train
4097,train
4098,test
4099,test
4100,validation
4101,train
4102,train
4103,test
4104,train
4105,train
4106,train
4107,train
4108,test
4109,train
4110,train
4111,train
4112,train
4113,validation
4114,train
4115,train
4116,train
4117,train
4118,train
4119,test
4120,train
4121,train
4122,test
4123,validation
4124,train
4125,train
4126,train
4127,train
4128,train
4129,train
4130,train
4131,train
4132,train
4133,train
4134,train
4135,validation
4136,train
4137,test
4138,train
4139,train
4140,train
4141,train
4142,train
4143,validation
4144,test
4145,train
4146,train
4147,train
4148,train
4149,train
4150,validation
4151,test
4152,train
4153,train
4154,train
4155,train
4156,train
4157,train
4158,test
4159,train
4160,train
4161,train
4162,train
4163,train
4164,train
4165,train
4166,train
4167,train
4168,train
4169,train
4170,train
4171,train
4172,train
4173,train
4174,train
4175,validation
4176,train
4177,train
4178,test
4179,train
4180,train
4181,train
4182,train
4183,train
4184,train
4185,train
4186,train
4187,train
4188,validation
4189,train
4190,train
4191,train
4192,train
4193,train
4194,train
4195,train
4196,train
4197,train
4198,train
4199,train
4200,train
4201,train
4202,train
4203,train
4204,train
4205,train
4206,train
4207,train
4208,train
4209,train
4210,train
4211,train
4212,train
4213,test
4214,train
4215,train
4216,train
4217,train
4218,train
4219,test
4220,train
4221,train
4222,validation
4223,train
4224,train
4225,train
4226,train
4227,train
4228,validation
4229,test
4230,train
4231,train
4232,train
4233,train
4234,train
4235,train
4236,train
4237,validation
4238,train
4239,train
4240,train
4241,train
4242,train
4243,test
4244,train
4245,train
4246,train
4247,train
4248,train
4249,train
4250,train
4251,train
4252,train
4253,train
4254,train
4255,train
4256,train
4257,train
4258,validation
4259,test
4260,train
4261,train
4262,train
4263,test
4264,train
4265,train
4266,train
4267,validation
4268,test
4269,train
4270,train
4271,train
4272,train
4273,validation
4274,train
4275,train
4276,train
4277,train
4278,validation
4279,train
4280,validation
4281,train
4282,train
4283,train
4284,train
4285,train
4286,train
4287,test
4288,train
4289,train
4290,validation
4291,train
4292,train
4293,validation
4294,train
4295,train
4296,train
4297,test
4298,train
4299,train
4300,train
4301,train
4302,test
4303,train
4304,test
4305,train
4306,train
4307,train
4308,test
4309,test
4310,train
4311,train
4312,train
4313,train
4314,train
4315,train
4316,train
4317,train
4318,train
4319,train
4320,train
4321,train
4322,train
4323,train
4324,train
4325,train
4326,train
4327,train
4328,train
4329,train
4330,validation
4331,train
4332,train
4333,test
4334,train
4335,train
4336,train
4337,train
4338,validation
4339,validation
4340,train
4341,train
4342,train
4343,train
4344,train
4345,train
4346,train
4347,train
4348,test
4349,train
4350,train
4351,validation
4352,validation
4353,train
4354,train
4355,train
4356,train
4357,train
4358,train
4359,train
4360,train
4361,validation
4362,train
4363,train
4364,train
4365,train
4366,train
4367,train
4368,train
4369,train
4370,train
4371,train
4372,test
4373,train
4374,train
4375,train
4376,train
4377,train
4378,train
4379,train
4380,validation
4381,train
4382,train
4383,train
4384,train
4385,test
4386,train
4387,train
4388,train
4389,validation
4390,test
4391,train
4392,validation
4393,train
4394,train
4395,train
4396,train
4397,validation
4398,validation
4399,test
4400,train
4401,train
4402,validation
4403,test
4404,train
4405,train
4406,validation
4407,train
4408,train
4409,train
4410,validation
4411,train
4412,train
4413,train
4414,train
4415,train
4416,train
4417,train
4418,train
4419,train
4420,test
4421,test
4422,train
4423,train
4424,test
4425,train
4426,train
4427,train
4428,train
4429,train
4430,train
4431,train
4432,train
4433,train
4434,train
4435,train
4436,train
4437,test
4438,train
4439,train
4440,test
4441,train
4442,train
4443,train
4444,train
4445,train
4446,train
4447,train
4448,train
4449,train
4450,test
4451,train
4452,train
4453,train
4454,train
4455,train
4456,train
4457,train
4458,train
4459,validation
4460,train
4461,train
4462,train
4463,test
4464,train
4465,train
4466,train
4467,train
4468,train
4469,train
4470,train
4471,train
4472,validation
4473,train
4474,validation
4475,validation
4476,validation
4477,train
4478,train
4479,train
4480,train
4481,train
4482,train
4483,train
4484,train
4485,test
4486,test
4487,train
4488,train
4489,train
4490,test
4491,train
4492,train
4493,train
4494,train
4495,train
4496,train
4497,train
4498,train
4499,validation
4500,train
4501,train
4502,train
4503,train
4504,train
4505,validation
4506,train
4507,train
4508,train
4509,validation
4510,train
4511,train
4512,train
4513,train
4514,train
4515,train
4516,train
4517,train
4518,validation
4519,train
4520,train
4521,train
4522,train
4523,train
4524,train
4525,train
4526,train
4527,validation
4528,train
4529,train
4530,train
4531,train
4532,train
4533,train
4534,train
4535,train
4536,test
4537,validation
4538,train
4539,train
4540,validation
4541,train
4542,train
4543,train
4544,train
4545,train
4546,train
4547,train
4548,train
4549,test
4550,train
4551,train
4552,train
4553,validation
4554,train
4555,train
4556,train
4557,train
4558,train
4559,train
4560,train
4561,train
4562,test
4563,train
4564,train
4565,train
4566,train
4567,train
4568,train
4569,train
4570,train
4571,train
4572,train
4573,test
4574,train
4575,validation
4576,train
4577,train
4578,train
4579,train
4580,train
4581,train
4582,train
4583,train
4584,validation
4585,train
4586,train
4587,train
4588,train
4589,train
4590,validation
4591,test
4592,validation
4593,train
4594,train
4595,test
4596,train
4597,train
4598,train
4599,train
4600,train
4601,train
4602,test
4603,validation
4604,train
4605,train
4606,train
4607,train
4608,train
4609,train
4610,train
4611,train
4612,train
4613,train
4614,validation
4615,validation
4616,train
4617,train
4618,train
4619,train
4620,train
4621,test
4622,validation
4623,train
4624,train
4625,train
4626,train
4627,validation
4628,train
4629,train
4630,train
4631,train
4632,test
4633,validation
4634,train
4635,train
4636,train
4637,train
4638,train
4639,train
4640,train
4641,train
4642,train
4643,train
4644,test
4645,train
4646,train
4647,train
4648,train
4649,train
4650,train
4651,train
4652,train
4653,train
4654,validation
4655,validation
4656,train
4657,train
4658,train
4659,train
4660,validation
4661,train
4662,train
4663,validation
4664,train
4665,validation
4666,train
4667,train
4668,train
4669,train
4670,validation
4671,train
4672,train
4673,validation
4674,validation
4675,test
4676,train
4677,train
4678,train
4679,train
4680,validation
4681,train
4682,train
4683,train
4684,validation
4685,validation
4686,train
4687,train
4688,train
4689,train
4690,train
4691,test
4692,train
4693,train
4694,train
4695,train
4696,train
4697,train
4698,train
4699,train
4700,train
4701,train
4702,train
4703,validation
4704,validation
4705,train
4706,test
4707,train
4708,train
4709,train
4710,train
4711,train
4712,train
4713,train
4714,validation
4715,train
4716,train
4717,train
4718,train
4719,train
4720,validation
4721,train
4722,train
4723,validation
4724,train
4725,test
4726,train
4727,train
4728,train
4729,train
4730,train
4731,train
4732,train
4733,train
4734,train
4735,train
4736,train
4737,train
4738,train
4739,train
4740,train
4741,train
4742,validation
4743,train
4744,train
4745,train
4746,train
4747,train
4748,train
4749,train
4750,test
4751,train
4752,test
4753,train
4754,train
4755,train
4756,train
4757,train
4758,train
4759,train
4760,train
4761,validation
4762,validation
4763,train
4764,train
4765,train
4766,train
4767,validation
4768,train
4769,train
4770,train
4771,train
4772,train
4773,train
4774,train
4775,train
4776,train
4777,train
4778,train
4779,train
4780,train
4781,validation
4782,train
4783,train
4784,train
4785,test
4786,train
4787,train
4788,train
4789,train
4790,train
4791,train
4792,train
4793,validation
4794,train
4795,train
4796,train
4797,train
4798,train
4799,train
4800,train
4801,train
4802,train
4803,train
4804,train
4805,train
4806,train
4807,train
4808,train
4809,test
4810,train
4811,validation
4812,train
4813,train
4814,train
4815,validation
4816,train
4817,test
4818,test
4819,train
4820,train
4821,train
4822,train
4823,train
4824,train
4825,validation
4826,train
4827,train
4828,train
4829,train
4830,train
4831,train
4832,train
4833,train
4834,test
4835,train
4836,train
4837,train
4838,train
4839,train
4840,train
4841,train
4842,train
4843,train
4844,validation
4845,test
4846,train
4847,train
4848,train
4849,train
4850,train
4851,train
4852,test
4853,train
4854,train
4855,test
4856,validation
4857,train
4858,train
4859,train
4860,train
4861,train
4862,train
4863,train
4864,train
4865,train
4866,train
4867,train
4868,train
4869,test
4870,train
4871,train
4872,train
4873,train
4874,test
4875,validation
4876,validation
4877,train
4878,train
4879,train
4880,train
4881,train
4882,train
4883,train
4884,train
4885,train
4886,train
4887,validation
4888,train
4889,train
4890,test
4891,train
4892,train
4893,train
4894,train
4895,train
4896,validation
4897,train
4898,train
4899,test
4900,train
4901,train
4902,validation
4903,train
4904,train
4905,train
4906,train
4907,test
4908,train
4909,validation
4910,validation
4911,train
4912,train
4913,train
4914,validation
4915,train
4916,train
4917,train
4918,train
4919,train
4920,train
4921,train
4922,train
4923,validation
4924,train
4925,train
4926,train
4927,train
4928,train
4929,test
4930,train
4931,train
4932,train
4933,train
4934,train
4935,train
4936,train
4937,train
4938,test
4939,train
4940,train
4941,train
4942,validation
4943,train
4944,train
4945,train
4946,train
4947,train
4948,train
4949,train
4950,train
4951,train
4952,train
4953,train
4954,train
4955,train
4956,train
4957,train
4958,train
4959,train
4960,train
4961,train
4962,validation
4963,train
4964,validation
4965,test
4966,train
4967,train
4968,train
4969,train
4970,train
4971,validation
4972,train
4973,train
4974,train
4975,train
4976,train
4977,train
4978,train
4979,train
4980,train
4981,test
4982,train
4983,train
4984,validation
4985,test
4986,train
4987,train
4988,train
4989,test
4990,train
4991,test
4992,train
4993,train
4994,train
4995,train
4996,train
4997,train
4998,train
4999,train
5000,train
5001,train
5002,train
5003,test
5004,train
5005,train
5006,train
5007,train
5008,train
5009,train
5010,train
5011,train
5012,test
5013,validation
5014,train
5015,train
5016,train
5017,train
5018,train
5019,train
5020,train
5021,train
5022,train
5023,train
5024,train
5025,train
5026,train
5027,train
5028,train
5029,test
5030,validation
5031,train
5032,train
5033,validation
5034,validation
5035,validation
5036,train
5037,train
5038,train
5039,test
5040,train
5041,train
5042,train
5043,train
5044,train
5045,train
5046,train
5047,train
5048,validation
5049,train
5050,train
5051,train
5052,train
5053,train
5054,train
5055,train
5056,train
5057,train
5058,train
5059,train
5060,test
5061,train
5062,validation
5063,test
5064,test
5065,train
5066,test
5067,train
5068,test
5069,validation
5070,train
5071,train
5072,train
5073,train
5074,train
5075,train
5076,train
5077,train
5078,train
5079,train
5080,train
5081,train
5082,validation
5083,train
5084,train
5085,validation
5086,train
5087,train
5088,train
5089,train
5090,train
5091,train
5092,train
5093,train
5094,train
5095,train
5096,train
5097,train
5098,train
5099,train
5100,validation
5101,train
5102,train
5103,train
5104,train
5105,train
5106,train
5107,validation
5108,train
5109,train
5110,test
5111,validation
5112,train
5113,train
5114,train
5115,test
5116,test
5117,train
5118,train
5119,train
5120,train
5121,train
5122,validation
5123,train
5124,train
5125,train
5126,train
5127,test
5128,test
5129,train
5130,train
5131,train
5132,train
5133,train
5134,train
5135,validation
5136,train
5137,train
5138,train
5139,train
5140,train
5141,train
5142,train
5143,train
5144,validation
5145,train
5146,validation
5147,train
5148,train
5149,train
5150,train
5151,validation
5152,train
5153,train
5154,validation
5155,validation
5156,train
5157,test
5158,test
5159,train
5160,train
5161,train
5162,train
5163,train
5164,train
5165,train
5166,train
5167,train
5168,train
5169,train
5170,test
5171,train
5172,train
5173,train
5174,validation
5175,train
5176,validation
5177,train
5178,train
5179,train
5180,validation
5181,train
5182,train
5183,validation
5184,train
5185,train
5186,validation
5187,train
5188,train
5189,train
5190,test
5191,test
5192,validation
5193,train
5194,train
5195,train
5196,validation
5197,train
5198,train
5199,train
5200,train
5201,train
5202,validation
5203,validation
5204,train
5205,test
5206,train
5207,validation
5208,validation
5209,train
5210,train
5211,validation
5212,train
5213,train
5214,train
5215,train
5216,train
5217,train
5218,train
5219,train
5220,train
5221,test
5222,train
5223,test
5224,train
5225,train
5226,train
5227,validation
5228,train
5229,train
5230,train
5231,test
5232,train
5233,test
5234,test
5235,train
5236,train
5237,train
5238,train
5239,train
5240,train
5241,train
5242,train
5243,train
5244,train
5245,train
5246,train
5247,validation
5248,train
5249,train
5250,train
5251,train
5252,train
5253,train
5254,train
5255,train
5256,train
5257,train
5258,train
5259,train
5260,validation
5261,train
5262,train
5263,train
5264,train
5265,train
5266,train
5267,train
5268,train
5269,test
5270,train
5271,train
5272,train
5273,train
5274,train
5275,train
5276,train
5277,train
5278,train
5279,train
5280,test
5281,train
5282,train
5283,validation
5284,train
5285,train
5286,train
5287,train
5288,train
5289,train
5290,train
5291,train
5292,train
5293,train
5294,train
5295,train
5296,train
5297,train
5298,train
5299,train
5300,test
5301,test
5302,train
5303,train
5304,test
5305,train
5306,train
5307,train
5308,train
5309,test
5310,train
5311,validation
5312,train
5313,train
5314,train
5315,train
5316,train
5317,train
5318,train
5319,train
5320,train
5321,train
5322,train
5323,train
5324,train
5325,train
5326,train
5327,train
5328,train
5329,train
5330,train
5331,train
5332,train
5333,train
5334,train
5335,train
5336,train
5337,test
5338,train
5339,validation
5340,train
5341,train
5342,train
5343,train
5344,train
5345,validation
5346,train
5347,train
5348,train
5349,train
5350,validation
5351,train
5352,train
5353,test
5354,train
5355,test
5356,train
5357,train
5358,train
5359,train
5360,validation
5361,test
5362,train
5363,train
5364,train
5365,test
5366,train
5367,train
5368,train
5369,train
5370,train
5371,train
5372,train
5373,train
5374,train
5375,train
5376,train
5377,train
5378,train
5379,test
5380,train
5381,train
5382,train
5383,train
5384,train
5385,train
5386,train
5387,test
5388,train
5389,validation
5390,train
5391,train
5392,train
5393,train
5394,validation
5395,train
5396,train
5397,train
5398,train
5399,train
5400,train
5401,train
5402,train
5403,train
5404,train
5405,train
5406,train
5407,train
5408,test
5409,train
5410,train
5411,train
5412,train
5413,train
5414,train
5415,test
5416,train
5417,train
5418,train
5419,train
5420,validation
5421,test
5422,train
5423,train
5424,train
5425,train
5426,train
5427,train
5428,validation
5429,train
5430,validation
5431,validation
5432,train
5433,validation
5434,train
5435,train
5436,validation
5437,train
5438,train
5439,train
5440,train
5441,train
5442,train
5443,train
5444,train
5445,train
5446,train
5447,train
5448,train
5449,train
5450,train
5451,train
5452,train
5453,train
5454,train
5455,train
5456,train
5457,validation
5458,train
5459,train
5460,validation
5461,train
5462,validation
5463,train
5464,train
5465,train
5466,train
5467,train
5468,train
5469,train
5470,train
5471,validation
5472,train
5473,validation
5474,train
5475,train
5476,train
5477,train
5478,train
5479,train
5480,train
5481,train
5482,validation
5483,validation
5484,train
5485,train
5486,train
5487,train
5488,train
5489,train
5490,train
5491,train
5492,train
5493,validation
5494,test
5495,train
5496,test
5497,train
5498,train
5499,train
5500,train
5501,train
5502,train
5503,train
5504,train
5505,train
5506,test
5507,train
5508,train
5509,train
5510,train
5511,test
5512,train
5513,train
5514,train
5515,test
5516,train
5517,train
5518,train
5519,train
5520,train
5521,train
5522,train
5523,train
5524,train
5525,train
5526,train
5527,train
5528,train
5529,train
5530,train
5531,train
5532,train
5533,test
5534,test
5535,train
5536,train
5537,train
5538,validation
5539,train
5540,train
5541,train
5542,train
5543,validation
5544,train
5545,train
5546,train
5547,test
5548,train
5549,train
5550,train
5551,train
5552,train
5553,validation
5554,train
5555,train
5556,train
5557,train
5558,test
5559,train
5560,train
5561,validation
5562,train
5563,train
5564,train
5565,train
5566,train
5567,train
5568,train
5569,train
5570,train
5571,train
5572,test
5573,train
5574,train
5575,train
5576,train
5577,train
5578,train
5579,train
5580,train
5581,validation
5582,train
5583,train
5584,train
5585,validation
5586,train
5587,train
5588,train
5589,train
5590,train
5591,test
5592,train
5593,train
5594,train
5595,train
5596,train
5597,train
5598,validation
5599,train
5600,train
5601,train
5602,validation
5603,train
5604,train
5605,train
5606,train
5607,train
5608,train
5609,train
5610,train
5611,train
5612,train
5613,train
5614,train
5615,train
5616,train
5617,train
5618,train
5619,train
5620,train
5621,validation
5622,train
5623,validation
5624,train
5625,train
5626,test
5627,train
5628,train
5629,train
5630,train
5631,test
5632,train
5633,train
5634,test
5635,train
5636,test
5637,train
5638,train
5639,train
5640,validation
5641,train
5642,test
5643,train
5644,train
5645,train
5646,train
5647,train
5648,train
5649,validation
5650,train
5651,train
5652,train
5653,train
5654,test
5655,train
5656,train
5657,train
5658,test
5659,train
5660,train
5661,train
5662,test
5663,validation
5664,train
5665,train
5666,test
5667,train
5668,train
5669,test
5670,train
5671,train
5672,train
5673,train
5674,train
5675,train
5676,train
5677,train
5678,train
5679,train
5680,train
5681,test
5682,train
5683,train
5684,train
5685,train
5686,train
5687,train
5688,validation
5689,train
5690,train
5691,train
5692,test
5693,train
5694,train
5695,train
5696,train
5697,validation
5698,train
5699,train
5700,train
5701,train
5702,train
5703,train
5704,train
5705,train
5706,train
5707,train
5708,test
5709,validation
5710,train
5711,train
5712,train
5713,train
5714,train
5715,train
5716,train
5717,train
5718,train
5719,train
5720,validation
5721,train
5722,train
5723,train
5724,validation
5725,train
5726,validation
5727,train
5728,train
5729,train
5730,train
5731,train
5732,validation
5733,train
5734,train
5735,train
5736,train
5737,train
5738,train
5739,validation
5740,train
5741,train
5742,validation
5743,train
5744,train
5745,train
5746,train
5747,validation
5748,train
5749,train
5750,validation
5751,train
5752,test
5753,test
5754,train
5755,train
5756,train
5757,train
5758,train
5759,train
5760,validation
5761,train
5762,validation
5763,validation
5764,train
5765,validation
5766,train
5767,train
5768,test
5769,train
5770,train
5771,train
5772,train
5773,train
5774,train
5775,validation
5776,train
5777,train
5778,train
5779,train
5780,train
5781,train
5782,train
5783,test
5784,train
5785,train
5786,train
5787,train
5788,train
5789,train
5790,train
5791,train
5792,train
5793,train
5794,train
5795,train
5796,train
5797,train
5798,train
5799,train
5800,train
5801,train
5802,train
5803,train
5804,train
5805,train
5806,train
5807,train
5808,validation
5809,test
5810,train
5811,train
5812,train
5813,train
5814,train
5815,train
5816,train
5817,train
5818,test
5819,train
5820,train
5821,train
5822,train
5823,validation
5824,train
5825,train
5826,train
5827,train
5828,train
5829,train
5830,validation
5831,train
5832,validation
5833,train
5834,train
5835,train
5836,test
5837,train
5838,train
5839,train
5840,train
5841,train
5842,train
5843,validation
5844,train
5845,train
5846,train
5847,train
5848,train
5849,train
5850,train
5851,train
5852,test
5853,train
5854,train
5855,train
5856,train
5857,test
5858,train
5859,train
5860,train
5861,train
5862,train
5863,train
5864,train
5865,train
5866,train
5867,train
5868,train
5869,train
5870,train
5871,train
5872,train
5873,train
5874,train
5875,train
5876,test
5877,validation
5878,train
5879,test
5880,train
5881,validation
5882,validation
5883,train
5884,train
5885,train
5886,train
5887,test
5888,train
5889,train
5890,train
5891,train
5892,train
5893,train
5894,train
5895,train
5896,train
5897,train
5898,train
5899,train
5900,validation
5901,train
5902,train
5903,train
5904,train
5905,train
5906,train
5907,train
5908,train
5909,train
5910,train
5911,train
5912,train
5913,train
5914,train
5915,validation
5916,train
5917,test
5918,test
5919,train
5920,train
5921,train
5922,train
5923,train
5924,train
5925,train
5926,train
5927,train
5928,train
5929,train
5930,train
5931,train
5932,validation
5933,validation
5934,validation
5935,train
5936,train
5937,train
5938,train
5939,train
5940,train
5941,train
5942,train
5943,train
5944,train
5945,train
5946,train
5947,train
5948,train
5949,train
5950,train
5951,validation
5952,train
5953,train
5954,train
5955,train
5956,train
5957,train
5958,train
5959,train
5960,train
5961,train
5962,test
5963,train
5964,train
5965,train
5966,train
5967,train
5968,validation
5969,train
5970,test
5971,train
5972,train
5973,train
5974,test
5975,test
5976,train
5977,test
5978,train
5979,validation
5980,train
5981,train
5982,train
5983,test
5984,train
5985,train
5986,train
5987,train
5988,train
5989,train
5990,train
5991,train
5992,validation
5993,train
5994,validation
5995,train
5996,train
5997,train
5998,train
5999,train
6000,test
6001,test
6002,train
6003,train
6004,train
6005,train
6006,train
6007,train
6008,train
6009,train
6010,train
6011,validation
6012,train
6013,train
6014,test
6015,train
6016,train
6017,train
6018,train
6019,train
6020,train
6021,test
6022,train
6023,train
6024,train
6025,train
6026,train
6027,train
6028,validation
6029,train
6030,train
6031,train
6032,train
6033,train
6034,train
6035,train
6036,train
6037,train
6038,train
6039,train
6040,validation
6041,train
6042,train
6043,train
6044,train
6045,train
6046,train
6047,validation
6048,train
6049,train
6050,train
6051,test
6052,train
6053,train
6054,train
6055,train
6056,train
6057,train
6058,train
6059,train
6060,validation
6061,validation
6062,test
6063,validation
6064,test
6065,train
6066,train
6067,validation
6068,train
6069,train
6070,train
6071,train
6072,train
6073,train
6074,train
6075,validation
6076,validation
6077,validation
6078,train
6079,train
6080,validation
6081,test
6082,train
6083,train
6084,train
6085,train
6086,train
6087,train
6088,validation
6089,train
6090,train
6091,train
6092,validation
6093,train
6094,test
6095,train
6096,train
6097,validation
6098,train
6099,train
6100,train
6101,test
6102,train
6103,train
6104,train
6105,test
6106,test
6107,train
6108,train
6109,test
6110,train
6111,train
6112,train
6113,train
6114,train
6115,test
6116,train
6117,train
6118,validation
6119,train
6120,train
6121,train
6122,train
6123,train
6124,train
6125,train
6126,train
6127,train
6128,train
6129,train
6130,train
6131,train
6132,train
6133,test
6134,train
6135,train
6136,train
6137,train
6138,validation
6139,train
6140,train
6141,train
6142,test
6143,validation
6144,train
6145,train
6146,train
6147,validation
6148,train
6149,validation
6150,train
6151,train
6152,train
6153,train
6154,train
6155,train
6156,train
6157,train
6158,train
6159,train
6160,train
6161,validation
6162,validation
6163,validation
6164,validation
6165,train
6166,train
6167,train
6168,test
6169,train
6170,train
6171,train
6172,train
6173,train
6174,train
6175,train
6176,train
6177,train
6178,train
6179,validation
6180,test
6181,train
6182,train
6183,validation
6184,train
6185,train
6186,train
6187,train
6188,train
6189,train
6190,test
6191,validation
6192,train
6193,train
6194,train
6195,test
6196,test
6197,train
6198,validation
6199,test
6200,train
6201,train
6202,train
6203,train
6204,train
6205,train
6206,train
6207,train
6208,validation
6209,train
6210,train
6211,train
6212,train
6213,validation
6214,train
6215,train
6216,train
6217,train
6218,validation
6219,train
6220,train
6221,train
6222,train
6223,validation
6224,train
6225,validation
6226,train
6227,train
6228,train
6229,train
6230,validation
6231,train
6232,test
6233,test
6234,validation
6235,train
6236,train
6237,train
6238,train
6239,train
6240,test
6241,train
6242,train
6243,train
6244,train
6245,test
6246,test
6247,train
6248,test
6249,train
6250,train
6251,train
6252,train
6253,train
6254,test
6255,train
6256,train
6257,train
6258,train
6259,train
6260,train
6261,train
6262,train
6263,train
6264,train
6265,train
6266,train
6267,validation
6268,train
6269,train
6270,train
6271,train
6272,train
6273,train
6274,train
6275,train
6276,train
6277,train
6278,train
6279,train
6280,validation
6281,train
6282,train
6283,validation
6284,train
6285,test
6286,train
6287,test
6288,train
6289,train
6290,train
6291,train
6292,train
6293,train
6294,train
6295,train
6296,test
6297,train
6298,train
6299,train
6300,test
6301,train
6302,train
6303,train
6304,train
6305,validation
6306,train
6307,train
6308,test
6309,train
6310,train
6311,train
6312,train
6313,train
6314,train
6315,train
6316,test
6317,train
6318,train
6319,train
6320,train
6321,train
6322,train
6323,train
6324,test
6325,train
6326,train
6327,train
6328,train
6329,train
6330,train
6331,train
6332,train
6333,train
6334,test
6335,validation
6336,validation
6337,train
6338,train
6339,train
6340,train
6341,test
6342,train
6343,train
6344,train
6345,train
6346,train
6347,train
6348,test
6349,train
6350,validation
6351,test
6352,train
6353,train
6354,test
6355,test
6356,validation
6357,train
6358,validation
6359,train
6360,train
6361,validation
6362,train
6363,train
6364,test
6365,test
6366,validation
6367,train
6368,train
6369,train
6370,train
6371,train
6372,train
6373,train
6374,train
6375,validation
6376,train
6377,train
6378,test
6379,validation
6380,train
6381,train
6382,train
6383,train
6384,test
6385,train
6386,train
6387,train
6388,test
6389,train
6390,train
6391,validation
6392,train
6393,test
6394,train
6395,train
6396,train
6397,train
6398,train
6399,test
6400,test
6401,train
6402,train
6403,train
6404,train
6405,train
6406,train
6407,test
6408,train
6409,train
6410,train
6411,train
6412,train
6413,test
6414,validation
6415,train
6416,test
6417,train
6418,train
6419,train
6420,train
6421,train
6422,train
6423,train
6424,train
6425,train
6426,train
6427,test
6428,train
6429,train
6430,train
6431,train
6432,validation
6433,train
6434,train
6435,train
6436,test
6437,train
6438,train
6439,train
6440,train
6441,train
6442,train
6443,train
6444,train
6445,train
6446,train
6447,train
6448,train
6449,validation
6450,test
6451,validation
6452,train
6453,validation
6454,train
6455,train
6456,train
6457,train
6458,train
6459,train
6460,train
6461,train
6462,train
6463,train
6464,train
6465,train
6466,train
6467,train
6468,train
6469,train
6470,train
6471,train
6472,train
6473,train
6474,train
6475,test
6476,train
6477,train
6478,validation
6479,train
6480,train
6481,train
6482,validation
6483,train
6484,validation
6485,train
6486,train
6487,test
6488,train
6489,train
6490,train
6491,train
6492,train
6493,train
6494,test
6495,train
6496,train
6497,train
6498,train
6499,test
6500,train
6501,test
6502,train
6503,train
6504,train
6505,train
6506,validation
6507,validation
6508,train
6509,train
6510,train
6511,train
6512,train
6513,train
6514,train
6515,train
6516,train
6517,train
6518,train
6519,train
6520,train
6521,train
6522,train
6523,test
6524,train
6525,test
6526,train
6527,train
6528,train
6529,train
6530,train
6531,train
6532,train
6533,train
6534,train
6535,train
6536,train
6537,train
6538,train
6539,test
6540,validation
6541,train
6542,train
6543,train
6544,train
6545,train
6546,train
6547,train
6548,train
6549,train
6550,train
6551,train
6552,validation
6553,train
6554,validation
6555,test
6556,train
6557,test
6558,train
6559,train
6560,train
6561,validation
6562,validation
6563,train
6564,train
6565,test
6566,train
6567,train
6568,train
6569,train
6570,train
6571,train
6572,train
6573,train
6574,train
6575,train
6576,train
6577,train
6578,train
6579,test
6580,test
6581,train
6582,train
6583,train
6584,test
6585,train
6586,train
6587,train
6588,train
6589,train
6590,train
6591,validation
6592,train
6593,train
6594,test
6595,train
6596,train
6597,train
6598,train
6599,train
6600,train
6601,train
6602,train
6603,train
6604,train
6605,train
6606,validation
6607,train
6608,test
6609,test
6610,train
6611,train
6612,train
6613,train
6614,validation
6615,test
6616,train
6617,train
6618,train
6619,train
6620,train
6621,train
6622,test
6623,train
6624,train
6625,train
6626,train
6627,train
6628,train
6629,train
6630,train
6631,train
6632,train
6633,train
6634,train
6635,train
6636,validation
6637,train
6638,test
6639,validation
6640,train
6641,train
6642,train
6643,train
6644,validation
6645,train
6646,train
6647,train
6648,train
6649,train
6650,train
6651,train
6652,train
6653,train
6654,train
6655,test
6656,train
6657,train
6658,train
6659,train
6660,train
6661,train
6662,validation
6663,train
6664,train
6665,test
6666,train
6667,train
6668,train
6669,train
6670,train
6671,train
6672,train
6673,train
6674,train
6675,train
6676,test
6677,train
6678,train
6679,train
6680,train
6681,train
6682,test
6683,train
6684,validation
6685,train
6686,train
6687,test
6688,train
6689,train
6690,train
6691,train
6692,train
6693,train
6694,train
6695,train
6696,test
6697,train
6698,train
6699,train
6700,validation
6701,train
6702,train
6703,validation
6704,train
6705,train
6706,validation
6707,train
6708,train
6709,test
6710,train
6711,train
6712,train
6713,train
6714,validation
6715,train
6716,validation
6717,train
6718,train
6719,validation
6720,train
6721,test
6722,train
6723,train
6724,test
6725,train
6726,train
6727,train
6728,train
6729,validation
6730,train
6731,train
6732,test
6733,validation
6734,train
6735,validation
6736,train
6737,train
6738,train
6739,train
6740,test
6741,train
6742,train
6743,train
6744,test
6745,train
6746,train
6747,train
6748,train
6749,train
6750,train
6751,validation
6752,train
6753,validation
6754,train
6755,train
6756,train
6757,train
6758,train
6759,train
6760,test
6761,train
6762,train
6763,train
6764,train
6765,train
6766,test
6767,train
6768,train
6769,validation
6770,train
6771,validation
6772,validation
6773,train
6774,train
6775,test
6776,train
6777,validation
6778,train
6779,train
6780,train
6781,train
6782,train
6783,validation
6784,train
6785,train
6786,validation
6787,test
6788,train
6789,train
6790,train
6791,train
6792,train
6793,train
6794,train
6795,train
6796,validation
6797,train
6798,validation
6799,train
6800,train
6801,train
6802,train
6803,train
6804,train
6805,train
6806,train
6807,train
6808,validation
6809,test
6810,test
6811,train
6812,train
6813,train
6814,train
6815,train
6816,train
6817,train
6818,train
6819,train
6820,train
6821,train
6822,train
6823,validation
6824,train
6825,test
6826,train
6827,validation
6828,train
6829,validation
6830,train
6831,train
6832,train
6833,train
6834,train
6835,validation
6836,train
6837,train
6838,train
6839,train
6840,train
6841,train
6842,train
6843,test
6844,train
6845,train
6846,train
6847,train
6848,validation
6849,test
6850,train
6851,test
6852,train
6853,validation
6854,validation
6855,test
6856,train
6857,test
6858,validation
6859,train
6860,train
6861,test
6862,train
6863,train
6864,train
6865,train
6866,train
6867,train
6868,test
6869,test
6870,validation
6871,train
6872,train
6873,train
6874,train
6875,train
6876,validation
6877,test
6878,train
6879,train
6880,train
6881,train
6882,train
6883,train
6884,train
6885,train
6886,validation
6887,train
6888,train
6889,train
6890,train
6891,train
6892,train
6893,train
6894,train
6895,validation
6896,train
6897,validation
6898,test
6899,train
6900,train
6901,train
6902,test
6903,train
6904,test
6905,train
6906,test
6907,test
6908,train
6909,train
6910,train
6911,train
6912,train
6913,validation
6914,test
6915,validation
6916,train
6917,train
6918,train
6919,train
6920,train
6921,train
6922,train
6923,train
6924,validation
6925,train
6926,train
6927,train
6928,train
6929,train
6930,train
6931,validation
6932,test
6933,train
6934,validation
6935,train
6936,train
6937,train
6938,train
6939,train
6940,train
6941,train
6942,train
6943,train
6944,train
6945,train
6946,test
6947,validation
6948,train
6949,train
6950,validation
6951,validation
6952,train
6953,train
6954,train
6955,train
6956,train
6957,train
6958,train
6959,test
6960,train
6961,train
6962,train
6963,train
6964,validation
6965,validation
6966,train
6967,train
6968,train
6969,test
6970,train
6971,train
6972,train
6973,train
6974,validation
6975,train
6976,train
6977,train
6978,train
6979,train
6980,train
6981,train
6982,train
6983,validation
6984,train
6985,train
6986,train
6987,train
6988,train
6989,test
6990,train
6991,train
6992,validation
6993,validation
6994,train
6995,test
6996,train
6997,validation
6998,test
6999,train
7000,train
7001,train
7002,train
7003,train
7004,train
7005,train
7006,train
7007,train
7008,train
7009,train
7010,train
7011,train
7012,train
7013,test
7014,train
7015,train
7016,train
7017,train
7018,train
7019,train
7020,validation
7021,train
7022,train
7023,train
7024,train
7025,train
7026,train
7027,train
7028,train
7029,train
7030,train
7031,train
7032,train
7033,train
7034,validation
7035,train
7036,train
7037,train
7038,train
7039,train
7040,test
7041,validation
7042,train
7043,train
7044,train
7045,train
7046,test
7047,train
7048,validation
7049,train
7050,test
7051,train
7052,train
7053,train
7054,train
7055,train
7056,train
7057,train
7058,train
7059,train
7060,train
7061,train
7062,train
7063,train
7064,train
7065,test
7066,train
7067,train
7068,train
7069,train
7070,train
7071,validation
7072,train
7073,train
7074,train
7075,train
7076,train
7077,train
7078,train
7079,train
7080,train
7081,train
7082,train
7083,train
7084,train
7085,validation
7086,train
7087,test
7088,train
7089,train
7090,test
7091,train
7092,train
7093,train
7094,train
7095,validation
7096,train
7097,train
7098,train
7099,validation
7100,train
7101,train
7102,train
7103,train
7104,train
7105,train
7106,train
7107,train
7108,train
7109,train
7110,train
7111,train
7112,train
7113,train
7114,train
7115,train
7116,validation
7117,train
7118,test
7119,validation
7120,train
7121,train
7122,train
7123,train
7124,train
7125,validation
7126,train
7127,train
7128,train
7129,train
7130,train
7131,train
7132,train
7133,test
7134,train
7135,train
7136,train
7137,train
7138,train
7139,train
7140,train
7141,train
7142,train
7143,train
7144,train
7145,train
7146,validation
7147,train
7148,train
7149,train
7150,validation
7151,train
7152,validation
7153,train
7154,train
7155,train
7156,validation
7157,train
7158,train
7159,test
7160,train
7161,train
7162,train
7163,test
7164,train
7165,train
7166,train
7167,train
7168,train
7169,train
7170,test
7171,train
7172,train
7173,train
7174,train
7175,train
7176,train
7177,train
7178,train
7179,train
7180,train
7181,test
7182,train
7183,train
7184,train
7185,train
7186,train
7187,train
7188,train
7189,test
7190,test
7191,train
7192,validation
7193,train
7194,train
7195,train
7196,train
7197,train
7198,train
7199,train
7200,train
7201,test
7202,train
7203,validation
7204,train
7205,train
7206,train
7207,validation
7208,train
7209,train
7210,train
7211,train
7212,test
7213,train
7214,train
7215,train
7216,train
7217,train
7218,train
7219,train
7220,validation
7221,train
7222,train
7223,validation
7224,train
7225,train
7226,train
7227,train
7228,train
7229,train
7230,train
7231,train
7232,train
7233,train
7234,train
7235,train
7236,train
7237,test
7238,train
7239,train
7240,train
7241,train
7242,train
7243,train
7244,train
7245,train
7246,train
7247,validation
7248,test
7249,train
7250,train
7251,train
7252,train
7253,train
7254,train
7255,train
7256,train
7257,train
7258,train
7259,train
7260,train
7261,train
7262,test
7263,train
7264,train
7265,validation
7266,train
7267,train
7268,validation
7269,train
7270,train
7271,train
7272,train
7273,train
7274,train
7275,train
7276,train
7277,train
7278,train
7279,test
7280,test
7281,validation
7282,test
7283,train
7284,train
7285,train
7286,train
7287,validation
7288,train
7289,train
7290,train
7291,train
7292,train
7293,train
7294,train
7295,train
7296,test
7297,train
7298,train
7299,train
7300,train
7301,train
7302,train
7303,train
7304,train
7305,train
7306,train
7307,train
7308,train
7309,train
7310,train
7311,train
7312,validation
7313,train
7314,validation
7315,train
7316,validation
7317,train
7318,train
7319,train
7320,train
7321,train
7322,train
7323,train
7324,train
7325,train
7326,validation
7327,train
7328,train
7329,validation
7330,train
7331,train
7332,train
7333,train
7334,train
7335,train
7336,train
7337,train
7338,train
7339,train
7340,train
7341,train
7342,train
7343,train
7344,train
7345,train
7346,train
7347,train
7348,train
7349,train
7350,train
7351,train
7352,train
7353,train
7354,train
7355,test
7356,train
7357,train
7358,train
7359,train
7360,train
7361,train
7362,train
7363,train
7364,train
7365,train
7366,train
7367,train
7368,train
7369,train
7370,validation
7371,train
7372,train
7373,train
7374,train
7375,train
7376,train
7377,train
7378,train
7379,train
7380,train
7381,train
7382,test
7383,train
7384,train
7385,validation
7386,train
7387,test
7388,train
7389,train
7390,train
7391,test
7392,train
7393,validation
7394,train
7395,train
7396,train
7397,train
7398,train
7399,train
7400,train
7401,train
7402,train
7403,train
7404,test
7405,train
7406,test
7407,train
7408,train
7409,train
7410,train
7411,train
7412,train
7413,train
7414,train
7415,train
7416,train
7417,train
7418,train
7419,train
7420,train
7421,train
7422,validation
7423,validation
7424,train
7425,train
7426,train
7427,test
7428,validation
7429,train
7430,validation
7431,test
7432,validation
7433,validation
7434,train
7435,train
7436,validation
7437,train
7438,train
7439,test
7440,train
7441,train
7442,train
7443,train
7444,train
7445,validation
7446,train
7447,train
7448,train
7449,train
7450,train
7451,validation
7452,test
7453,train
7454,train
7455,train
7456,train
7457,test
7458,train
7459,train
7460,train
7461,train
7462,train
7463,train
7464,train
7465,train
7466,train
7467,train
7468,train
7469,train
7470,train
7471,train
7472,train
7473,validation
7474,train
7475,test
7476,train
7477,test
7478,validation
7479,train
7480,train
7481,train
7482,train
7483,train
7484,train
7485,train
7486,train
7487,test
7488,validation
7489,train
7490,train
7491,train
7492,train
7493,train
7494,validation
7495,train
7496,validation
7497,train
7498,train
7499,train
7500,train
7501,validation
7502,train
7503,train
7504,train
7505,train
7506,train
7507,train
7508,validation
7509,validation
7510,train
7511,train
7512,train
7513,validation
7514,train
7515,train
7516,train
7517,train
7518,train
7519,train
7520,train
7521,train
7522,train
7523,train
7524,train
7525,test
7526,train
7527,train
7528,train
7529,train
7530,train
7531,train
7532,train
7533,train
7534,train
7535,train
7536,test
7537,train
7538,train
7539,train
7540,train
7541,train
7542,train
7543,train
7544,train
7545,train
7546,train
7547,train
7548,train
7549,train
7550,train
7551,validation
7552,validation
7553,train
7554,train
7555,train
7556,train
7557,train
7558,train
7559,train
7560,train
7561,test
7562,train
7563,train
7564,train
7565,train
7566,train
7567,train
7568,train
7569,train
7570,train
7571,train
7572,train
7573,train
7574,train
7575,train
7576,train
7577,train
7578,train
7579,train
7580,train
7581,train
7582,train
7583,train
7584,validation
7585,train
7586,train
7587,test
7588,test
7589,train
7590,validation
7591,test
7592,train
7593,train
7594,train
7595,train
7596,train
7597,train
7598,train
7599,test
7600,train
7601,test
7602,test
7603,test
7604,train
7605,train
7606,train
7607,test
7608,train
7609,validation
7610,validation
7611,validation
7612,validation
7613,train
7614,validation
7615,train
7616,train
7617,train
7618,validation
7619,train
7620,test
7621,train
7622,train
7623,train
7624,validation
7625,validation
7626,train
7627,train
7628,train
7629,train
7630,train
7631,test
7632,validation
7633,train
7634,validation
7635,validation
7636,train
7637,test
7638,train
7639,train
7640,train
7641,test
7642,train
7643,train
7644,test
7645,train
7646,train
7647,train
7648,validation
7649,train
7650,test
7651,train
7652,train
7653,train
7654,train
7655,train
7656,train
7657,train
7658,train
7659,train
7660,train
7661,train
7662,validation
7663,train
7664,train
7665,test
7666,train
7667,train
7668,test
7669,test
7670,train
7671,validation
7672,test
7673,train
7674,train
7675,train
7676,train
7677,train
7678,train
7679,train
7680,train
7681,train
7682,validation
7683,train
7684,train
7685,train
7686,test
7687,train
7688,train
7689,train
7690,train
7691,train
7692,train
7693,train
7694,train
7695,validation
7696,train
7697,train
7698,test
7699,train
7700,train
7701,validation
7702,validation
7703,train
7704,train
7705,train
7706,train
7707,train
7708,train
7709,train
7710,train
7711,train
7712,validation
7713,train
7714,train
7715,test
7716,train
7717,train
7718,train
7719,train
7720,train
7721,train
7722,train
7723,validation
7724,train
7725,test
7726,train
7727,train
7728,train
7729,train
7730,validation
7731,train
7732,train
7733,train
7734,validation
7735,train
7736,train
7737,train
7738,train
7739,test
7740,test
7741,validation
7742,train
7743,train
7744,train
7745,train
7746,train
7747,validation
7748,train
7749,test
7750,train
7751,validation
7752,train
7753,validation
7754,test
7755,validation
7756,train
7757,train
7758,test
7759,test
7760,train
7761,train
7762,train
7763,train
7764,validation
7765,train
7766,train
7767,train
7768,train
7769,train
7770,train
7771,train
7772,train
7773,train
7774,train
7775,train
7776,validation
7777,test
7778,train
7779,train
7780,test
7781,train
7782,train
7783,test
7784,train
7785,train
7786,train
7787,test
7788,train
7789,train
7790,test
7791,train
7792,train
7793,train
7794,train
7795,train
7796,train
7797,test
7798,train
7799,train
7800,test
7801,train
7802,test
7803,train
7804,train
7805,test
7806,train
7807,train
7808,train
7809,train
7810,test
7811,train
7812,train
7813,validation
7814,train
7815,test
7816,train
7817,train
7818,train
7819,train
7820,train
7821,validation
7822,train
7823,validation
7824,train
7825,train
7826,train
7827,train
7828,train
7829,train
7830,validation
7831,train
7832,train
7833,train
7834,train
7835,train
7836,train
7837,train
7838,train
7839,train
7840,test
7841,train
7842,validation
7843,train
7844,validation
7845,train
7846,train
7847,train
7848,train
7849,test
7850,train
7851,train
7852,train
7853,test
7854,train
7855,test
7856,train
7857,train
7858,test
7859,train
7860,test
7861,train
7862,train
7863,train
7864,train
7865,train
7866,test
7867,train
7868,train
7869,train
7870,train
7871,train
7872,train
7873,train
7874,train
7875,train
7876,train
7877,train
7878,train
7879,train
7880,test
7881,train
7882,train
7883,train
7884,train
7885,train
7886,train
7887,train
7888,train
7889,train
7890,train
7891,train
7892,train
7893,validation
7894,train
7895,train
7896,train
7897,train
7898,train
7899,train
7900,train
7901,train
7902,train
7903,test
7904,train
7905,train
7906,test
7907,train
7908,test
7909,train
7910,train
7911,train
7912,train
7913,train
7914,train
7915,train
7916,validation
7917,train
7918,train
7919,train
7920,train
7921,train
7922,train
7923,train
7924,train
7925,train
7926,validation
7927,train
7928,train
7929,validation
7930,train
7931,train
7932,validation
7933,train
7934,train
7935,train
7936,test
7937,train
7938,train
7939,train
7940,train
7941,train
7942,validation
7943,train
7944,train
7945,train
7946,train
7947,train
7948,train
7949,train
7950,train
7951,train
7952,train
7953,test
7954,train
7955,train
7956,train
7957,train
7958,train
7959,train
7960,train
7961,train
7962,train
7963,train
7964,test
7965,train
7966,train
7967,train
7968,train
7969,train
7970,train
7971,validation
7972,test
7973,train
7974,train
7975,test
7976,train
7977,train
7978,train
7979,train
7980,train
7981,train
7982,train
7983,train
7984,train
7985,train
7986,test
7987,train
7988,train
7989,train
7990,test
7991,train
7992,train
7993,test
7994,train
7995,test
7996,train
7997,train
7998,train
7999,validation
8000,train
8001,train
8002,train
8003,train
8004,train
8005,train
8006,train
8007,test
8008,train
8009,validation
8010,train
8011,test
8012,train
8013,train
8014,validation
8015,train
8016,train
8017,train
8018,validation
8019,train
8020,train
8021,train
8022,test
8023,train
8024,train
8025,validation
8026,train
8027,test
8028,train
8029,validation
8030,train
8031,test
8032,train
8033,train
8034,train
8035,train
8036,train
8037,train
8038,train
8039,train
8040,train
8041,validation
8042,train
8043,test
8044,train
8045,train
8046,train
8047,test
8048,train
8049,train
8050,train
8051,train
8052,test
8053,train
8054,train
8055,train
8056,validation
8057,train
8058,train
8059,train
8060,train
8061,train
8062,train
8063,train
8064,train
8065,train
8066,train
8067,train
8068,train
8069,validation
8070,train
8071,test
8072,train
8073,train
8074,train
8075,train
8076,test
8077,train
8078,validation
8079,train
8080,train
8081,train
8082,train
8083,validation
8084,train
8085,test
8086,validation
8087,validation
8088,train
8089,train
8090,validation
8091,train
8092,validation
8093,train
8094,train
8095,train
8096,train
8097,train
8098,train
8099,test
8100,train
8101,train
8102,test
8103,train
8104,train
8105,train
8106,train
8107,train
8108,test
8109,validation
8110,validation
8111,validation
8112,test
8113,train
8114,train
8115,train
8116,train
8117,test
8118,test
8119,train
8120,test
8121,train
8122,train
8123,test
8124,test
8125,train
8126,train
8127,train
8128,train
8129,train
8130,validation
8131,train
8132,validation
8133,validation
8134,train
8135,train
8136,test
8137,train
8138,test
8139,train
8140,train
8141,test
8142,train
8143,train
8144,validation
8145,train
8146,train
8147,train
8148,train
8149,train
8150,validation
8151,train
8152,test
8153,train
8154,validation
8155,train
8156,train
8157,train
8158,train
8159,train
8160,train
8161,train
8162,train
8163,train
8164,train
8165,train
8166,validation
8167,train
8168,train
8169,train
8170,train
8171,train
8172,train
8173,test
8174,train
8175,train
8176,train
8177,train
8178,validation
8179,train
8180,train
8181,train
8182,validation
8183,train
8184,train
8185,validation
8186,train
8187,train
8188,train
8189,train
8190,train
8191,train
8192,train
8193,train
8194,train
8195,validation
8196,train
8197,train
8198,train
8199,test
8200,train
8201,train
8202,train
8203,validation
8204,train
8205,test
8206,train
8207,train
8208,train
8209,train
8210,train
8211,validation
8212,train
8213,train
8214,train
8215,train
8216,train
8217,validation
8218,train
8219,train
8220,train
8221,train
8222,test
8223,train
8224,train
8225,train
8226,train
8227,train
8228,validation
8229,train
8230,train
8231,validation
8232,train
8233,train
8234,train
8235,train
8236,train
8237,train
8238,train
8239,validation
8240,train
8241,train
8242,train
8243,train
8244,train
8245,train
8246,train
8247,train
8248,train
8249,train
8250,test
8251,test
8252,train
8253,train
8254,train
8255,train
8256,train
8257,train
8258,train
8259,train
8260,validation
8261,validation
8262,train
8263,train
8264,train
8265,train
8266,train
8267,train
8268,train
8269,train
8270,train
8271,train
8272,train
8273,test
8274,validation
8275,validation
8276,validation
8277,train
8278,train
8279,train
8280,train
8281,train
8282,train
8283,train
8284,train
8285,train
8286,train
8287,train
8288,validation
8289,train
8290,train
8291,train
8292,train
8293,train
8294,train
8295,train
8296,train
8297,train
8298,train
8299,train
8300,test
8301,train
8302,train
8303,validation
8304,train
8305,train
8306,train
8307,train
8308,train
8309,train
8310,train
8311,train
8312,train
8313,test
8314,train
8315,train
8316,train
8317,train
8318,test
8319,train
8320,train
8321,train
8322,train
8323,train
8324,train
8325,train
8326,train
8327,train
8328,train
8329,test
8330,train
8331,train
8332,train
8333,validation
8334,train
8335,train
8336,train
8337,train
8338,train
8339,train
8340,train
8341,train
8342,train
8343,train
8344,train
8345,test
8346,train
8347,train
8348,train
8349,train
8350,train
8351,test
8352,train
8353,train
8354,train
8355,test
8356,train
8357,test
8358,train
8359,train
8360,train
8361,train
8362,train
8363,train
8364,train
8365,train
8366,train
8367,train
8368,train
8369,test
8370,train
8371,train
8372,train
8373,test
8374,train
8375,train
8376,test
8377,train
8378,test
8379,validation
8380,train
8381,train
8382,validation
8383,train
8384,train
8385,train
8386,train
8387,train
8388,train
8389,validation
8390,train
8391,train
8392,train
8393,train
8394,train
8395,train
8396,train
8397,train
8398,train
8399,train
8400,train
8401,train
8402,train
8403,test
8404,train
8405,train
8406,train
8407,train
8408,train
8409,train
8410,train
8411,train
8412,train
8413,validation
8414,train
8415,train
8416,train
8417,train
8418,train
8419,train
8420,train
8421,train
8422,train
8423,train
8424,train
8425,train
8426,train
8427,train
8428,validation
8429,train
8430,train
8431,train
8432,train
8433,validation
8434,train
8435,train
8436,train
8437,train
8438,train
8439,train
8440,train
8441,train
8442,train
8443,train
8444,train
8445,train
8446,train
8447,train
8448,train
8449,train
8450,train
8451,train
8452,train
8453,train
8454,test
8455,train
8456,train
8457,train
8458,train
8459,test
8460,train
8461,train
8462,train
8463,train
8464,train
8465,validation
8466,train
8467,train
8468,train
8469,train
8470,train
8471,train
8472,train
8473,train
8474,train
8475,train
8476,train
8477,train
8478,train
8479,train
8480,train
8481,test
8482,train
8483,train
8484,train
8485,train
8486,train
8487,train
8488,train
8489,train
8490,train
8491,train
8492,train
8493,validation
8494,train
8495,test
8496,train
8497,train
8498,train
8499,validation
8500,test
8501,test
8502,train
8503,train
8504,train
8505,test
8506,train
8507,train
8508,test
8509,train
8510,train
8511,train
8512,train
8513,train
8514,train
8515,test
8516,train
8517,train
8518,train
8519,test
8520,train
8521,train
8522,train
8523,validation
8524,train
8525,train
8526,train
8527,train
8528,test
8529,test
8530,train
8531,train
8532,test
8533,train
8534,validation
8535,train
8536,train
8537,train
8538,train
8539,train
8540,train
8541,train
8542,train
8543,train
8544,train
8545,train
8546,train
8547,train
8548,train
8549,train
8550,train
8551,train
8552,train
8553,train
8554,train
8555,test
8556,train
8557,train
8558,train
8559,train
8560,train
8561,train
8562,test
8563,test
8564,train
8565,test
8566,train
8567,train
8568,train
8569,train
8570,train
8571,train
8572,train
8573,train
8574,train
8575,train
8576,validation
8577,train
8578,train
8579,train
8580,train
8581,train
8582,train
8583,train
8584,validation
8585,train
8586,train
8587,train
8588,train
8589,train
8590,validation
8591,train
8592,train
8593,validation
8594,train
8595,train
8596,train
8597,train
8598,train
8599,train
8600,train
8601,train
8602,train
8603,train
8604,train
8605,test
8606,train
8607,train
8608,test
8609,train
8610,test
8611,train
8612,train
8613,validation
8614,validation
8615,train
8616,train
8617,train
8618,train
8619,train
8620,train
8621,test
8622,train
8623,validation
8624,train
8625,train
8626,train
8627,train
8628,train
8629,train
8630,train
8631,train
8632,train
8633,train
8634,train
8635,test
8636,train
8637,train
8638,train
8639,train
8640,train
8641,train
8642,train
8643,train
8644,train
8645,train
8646,validation
8647,validation
8648,train
8649,train
8650,validation
8651,test
8652,test
8653,train
8654,train
8655,train
8656,train
8657,train
8658,train
8659,validation
8660,validation
8661,train
8662,train
8663,train
8664,train
8665,validation
8666,train
8667,train
8668,train
8669,train
8670,train
8671,train
8672,train
8673,train
8674,validation
8675,train
8676,train
8677,train
8678,test
8679,train
8680,test
8681,train
8682,train
8683,test
8684,train
8685,validation
8686,train
8687,train
8688,train
8689,train
8690,train
8691,train
8692,train
8693,train
8694,train
8695,train
8696,train
8697,train
8698,train
8699,train
8700,train
8701,train
8702,train
8703,train
8704,train
8705,test
8706,test
8707,train
8708,train
8709,test
8710,train
8711,train
8712,train
8713,test
8714,train
8715,train
8716,train
8717,test
8718,train
8719,test
8720,train
8721,validation
8722,train
8723,train
8724,test
8725,train
8726,train
8727,train
8728,train
8729,train
8730,train
8731,validation
8732,train
8733,train
8734,train
8735,train
8736,train
8737,test
8738,train
8739,validation
8740,train
8741,train
8742,train
8743,train
8744,train
8745,train
8746,test
8747,train
8748,train
8749,train
8750,validation
8751,train
8752,train
8753,test
8754,train
8755,train
8756,train
8757,train
8758,test
8759,test
8760,train
8761,train
8762,train
8763,train
8764,train
8765,train
8766,test
8767,train
8768,train
8769,test
8770,train
8771,train
8772,validation
8773,train
8774,train
8775,train
8776,validation
8777,train
8778,train
8779,train
8780,train
8781,train
8782,train
8783,test
8784,validation
8785,train
8786,train
8787,train
8788,train
8789,train
8790,test
8791,train
8792,test
8793,train
8794,validation
8795,train
8796,train
8797,validation
8798,train
8799,validation
8800,train
8801,train
8802,train
8803,test
8804,test
8805,train
8806,train
8807,train
8808,train
8809,train
8810,test
8811,train
8812,train
8813,train
8814,train
8815,train
8816,train
8817,train
8818,train
8819,train
8820,train
8821,train
8822,train
8823,train
8824,validation
8825,test
8826,train
8827,train
8828,train
8829,train
8830,train
8831,train
8832,validation
8833,validation
8834,train
8835,test
8836,train
8837,train
8838,train
8839,validation
8840,train
8841,train
8842,train
8843,train
8844,train
8845,train
8846,train
8847,train
8848,train
8849,train
8850,test
8851,validation
8852,train
8853,train
8854,train
8855,train
8856,train
8857,train
8858,train
8859,test
8860,train
8861,validation
8862,validation
8863,train
8864,train
8865,train
8866,train
8867,train
8868,validation
8869,train
8870,train
8871,test
8872,train
8873,train
8874,train
8875,test
8876,validation
8877,train
8878,train
8879,train
8880,train
8881,train
8882,train
8883,train
8884,validation
8885,test
8886,train
8887,test
8888,train
8889,train
8890,train
8891,train
8892,train
8893,train
8894,train
8895,train
8896,train
8897,validation
8898,train
8899,train
8900,train
8901,validation
8902,train
8903,train
8904,train
8905,train
8906,train
8907,train
8908,train
8909,train
8910,train
8911,train
8912,train
8913,train
8914,train
8915,train
8916,test
8917,test
8918,train
8919,train
8920,train
8921,train
8922,train
8923,test
8924,train
8925,test
8926,train
8927,test
8928,train
8929,train
8930,train
8931,train
8932,train
8933,train
8934,validation
8935,train
8936,validation
8937,train
8938,test
8939,train
8940,train
8941,train
8942,test
8943,train
8944,test
8945,train
8946,train
8947,train
8948,train
8949,train
8950,train
8951,train
8952,train
8953,train
8954,train
8955,train
8956,validation
8957,test
8958,train
8959,test
8960,test
8961,train
8962,train
8963,train
8964,train
8965,train
8966,train
8967,validation
8968,train
8969,train
8970,train
8971,train
8972,test
8973,train
8974,train
8975,train
8976,train
8977,train
8978,train
8979,train
8980,train
8981,train
8982,train
8983,validation
8984,train
8985,train
8986,train
8987,validation
8988,train
8989,train
8990,train
8991,train
8992,train
8993,train
8994,train
8995,train
8996,train
8997,train
8998,test
8999,train
9000,train
9001,train
9002,train
9003,train
9004,train
9005,train
9006,train
9007,validation
9008,train
9009,train
9010,train
9011,train
9012,train
9013,train
9014,train
9015,train
9016,test
9017,train
9018,train
9019,train
9020,train
9021,train
9022,train
9023,train
9024,train
9025,train
9026,train
9027,train
9028,train
9029,train
9030,test
9031,train
9032,validation
9033,train
9034,train
9035,train
9036,train
9037,train
9038,train
9039,validation
9040,train
9041,train
9042,train
9043,train
9044,train
9045,train
9046,train
9047,train
9048,train
9049,train
9050,train
9051,train
9052,test
9053,train
9054,train
9055,train
9056,train
9057,train
9058,train
9059,train
9060,train
9061,train
9062,train
9063,train
9064,train
9065,validation
9066,train
9067,validation
9068,train
9069,train
9070,train
9071,train
9072,train
9073,train
9074,test
9075,validation
9076,train
9077,train
9078,validation
9079,train
9080,train
9081,train
9082,train
9083,test
9084,train
9085,train
9086,train
9087,train
9088,train
9089,train
9090,validation
9091,train
9092,train
9093,train
9094,train
9095,train
9096,train
9097,train
9098,test
9099,validation
9100,train
9101,train
9102,train
9103,train
9104,train
9105,train
9106,train
9107,validation
9108,validation
9109,train
9110,train
9111,train
9112,train
9113,train
9114,train
9115,validation
9116,train
9117,train
9118,train
9119,train
9120,train
9121,train
9122,train
9123,validation
9124,train
9125,train
9126,train
9127,train
9128,validation
9129,train
9130,train
9131,train
9132,test
9133,train
9134,train
9135,train
9136,train
9137,train
9138,validation
9139,train
9140,validation
9141,validation
9142,train
9143,test
9144,train
9145,train
9146,train
9147,train
9148,train
9149,train
9150,train
9151,train
9152,train
9153,train
9154,test
9155,train
9156,train
9157,train
9158,test
9159,train
9160,train
9161,test
9162,train
9163,train
9164,train
9165,test
9166,train
9167,train
9168,train
9169,train
9170,train
9171,train
9172,train
9173,test
9174,train
9175,train
9176,train
9177,train
9178,train
9179,train
9180,train
9181,train
9182,train
9183,train
9184,train
9185,train
9186,train
9187,train
9188,test
9189,train
9190,test
9191,train
9192,train
9193,train
9194,train
9195,train
9196,train
9197,train
9198,train
9199,train
9200,train
9201,train
9202,train
9203,test
9204,test
9205,train
9206,test
9207,train
9208,train
9209,train
9210,train
9211,train
9212,train
9213,train
9214,validation
9215,train
9216,train
9217,train
9218,train
9219,train
9220,train
9221,validation
9222,validation
9223,train
9224,test
9225,train
9226,train
9227,train
9228,train
9229,train
9230,train
9231,train
9232,train
9233,test
9234,train
9235,test
9236,train
9237,train
9238,train
9239,train
9240,validation
9241,train
9242,train
9243,train
9244,train
9245,train
9246,train
9247,train
9248,train
9249,train
9250,train
9251,train
9252,train
9253,train
9254,train
9255,test
9256,train
9257,train
9258,train
9259,train
9260,validation
9261,train
9262,train
9263,train
9264,train
9265,test
9266,train
9267,train
9268,train
9269,train
9270,test
9271,train
9272,test
9273,train
9274,validation
9275,train
9276,train
9277,train
9278,train
9279,test
9280,train
9281,train
9282,train
9283,train
9284,validation
9285,train
9286,train
9287,validation
9288,train
9289,train
9290,train
9291,train
9292,train
9293,train
9294,train
9295,train
9296,train
9297,test
9298,train
9299,validation
9300,test
9301,train
9302,train
9303,train
9304,train
9305,train
9306,train
9307,validation
9308,validation
9309,train
9310,train
9311,test
9312,train
9313,train
9314,train
9315,train
9316,train
9317,train
9318,train
9319,train
9320,test
9321,train
9322,train
9323,validation
9324,train
9325,test
9326,validation
9327,validation
9328,train
9329,train
9330,train
9331,train
9332,validation
9333,validation
9334,train
9335,train
9336,train
9337,train
9338,train
9339,validation
9340,train
9341,train
9342,train
9343,test
9344,train
9345,test
9346,train
9347,train
9348,train
9349,train
9350,train
9351,train
9352,train
9353,train
9354,train
9355,train
9356,train
9357,train
9358,train
9359,validation
9360,train
9361,train
9362,train
9363,train
9364,train
9365,train
9366,train
9367,test
9368,train
9369,train
9370,validation
9371,train
9372,test
9373,train
9374,train
9375,validation
9376,train
9377,train
9378,train
9379,train
9380,test
9381,validation
9382,train
9383,train
9384,validation
9385,train
9386,train
9387,train
9388,train
9389,train
9390,test
9391,train
9392,train
9393,train
9394,train
9395,train
9396,train
9397,train
9398,train
9399,train
9400,train
9401,train
9402,train
9403,train
9404,train
9405,train
9406,test
9407,train
9408,train
9409,train
9410,train
9411,train
9412,train
9413,train
9414,validation
9415,test
9416,train
9417,train
9418,validation
9419,train
9420,train
9421,train
9422,train
9423,train
9424,test
9425,validation
9426,train
9427,validation
9428,train
9429,train
9430,test
9431,train
9432,train
9433,train
9434,train
9435,test
9436,train
9437,train
9438,train
9439,train
9440,train
9441,train
9442,train
9443,train
9444,train
9445,train
9446,train
9447,train
9448,train
9449,train
9450,train
9451,train
9452,train
9453,train
9454,train
9455,train
9456,train
9457,train
9458,train
9459,validation
9460,train
9461,train
9462,train
9463,train
9464,train
9465,test
9466,train
9467,train
9468,test
9469,validation
9470,train
9471,train
9472,train
9473,validation
9474,validation
9475,train
9476,train
9477,train
9478,train
9479,train
9480,train
9481,train
9482,validation
9483,train
9484,train
9485,train
9486,train
9487,train
9488,train
9489,train
9490,validation
9491,train
9492,validation
9493,test
9494,validation
9495,train
9496,train
9497,train
9498,train
9499,train
9500,train
9501,train
9502,train
9503,train
9504,validation
9505,train
9506,train
9507,train
9508,train
9509,validation
9510,train
9511,train
9512,train
9513,train
9514,train
9515,validation
9516,validation
9517,train
9518,test
9519,test
9520,train
9521,train
9522,train
9523,train
9524,test
9525,train
9526,train
9527,validation
9528,train
9529,test
9530,train
9531,train
9532,train
9533,train
9534,train
9535,train
9536,train
9537,train
9538,train
9539,validation
9540,train
9541,train
9542,train
9543,test
9544,train
9545,train
9546,train
9547,train
9548,train
9549,train
9550,train
9551,train
9552,train
9553,train
9554,train
9555,train
9556,train
9557,train
9558,test
9559,test
9560,train
9561,train
9562,validation
9563,train
9564,train
9565,test
9566,train
9567,train
9568,validation
9569,train
9570,train
9571,train
9572,validation
9573,train
9574,validation
9575,train
9576,train
9577,train
9578,train
9579,train
9580,test
9581,test
9582,train
9583,train
9584,train
9585,train
9586,validation
9587,train
9588,train
9589,validation
9590,train
9591,train
9592,train
9593,train
9594,test
9595,train
9596,validation
9597,train
9598,validation
9599,train
9600,train
9601,test
9602,train
9603,train
9604,validation
9605,validation
9606,train
9607,train
9608,test
9609,train
9610,validation
9611,train
9612,train
9613,train
9614,train
9615,train
9616,train
9617,test
9618,test
9619,train
9620,test
9621,train
9622,validation
9623,train
9624,train
9625,train
9626,train
9627,train
9628,train
9629,test
9630,train
9631,train
9632,train
9633,train
9634,train
9635,train
9636,train
9637,test
9638,train
9639,train
9640,train
9641,train
9642,test
9643,train
9644,test
9645,test
9646,train
9647,train
9648,train
9649,test
9650,validation
9651,train
9652,train
9653,train
9654,train
9655,train
9656,train
9657,train
9658,train
9659,train
9660,test
9661,validation
9662,train
9663,train
9664,validation
9665,train
9666,validation
9667,train
9668,train
9669,train
9670,train
9671,train
9672,train
9673,train
9674,train
9675,train
9676,train
9677,train
9678,train
9679,train
9680,train
9681,train
9682,train
9683,train
9684,train
9685,train
9686,train
9687,validation
9688,train
9689,test
9690,test
9691,train
9692,validation
9693,train
9694,train
9695,train
9696,train
9697,train
9698,train
9699,train
9700,train
9701,train
9702,train
9703,validation
9704,train
9705,train
9706,test
9707,train
9708,train
9709,train
9710,train
9711,train
9712,train
9713,train
9714,validation
9715,train
9716,train
9717,train
9718,test
9719,test
9720,train
9721,train
9722,train
9723,train
9724,validation
9725,train
9726,train
9727,test
9728,train
9729,train
9730,train
9731,train
9732,train
9733,train
9734,validation
9735,train
9736,train
9737,train
9738,test
9739,train
9740,train
9741,train
9742,train
9743,test
9744,train
9745,train
9746,train
9747,train
9748,validation
9749,test
9750,train
9751,validation
9752,train
9753,train
9754,test
9755,test
9756,test
9757,validation
9758,train
9759,train
9760,train
9761,train
9762,train
9763,train
9764,train
9765,train
9766,train
9767,train
9768,train
9769,train
9770,train
9771,train
9772,train
9773,train
9774,train
9775,train
9776,train
9777,test
9778,train
9779,train
9780,validation
9781,train
9782,train
9783,train
9784,train
9785,train
9786,train
9787,train
9788,train
9789,train
9790,train
9791,train
9792,train
9793,train
9794,train
9795,train
9796,train
9797,train
9798,train
9799,train
9800,train
9801,train
9802,train
9803,train
9804,train
9805,train
9806,test
9807,train
9808,test
9809,train
9810,train
9811,train
9812,train
9813,train
9814,test
9815,train
9816,validation
9817,test
9818,train
9819,train
9820,train
9821,train
9822,validation
9823,train
9824,train
9825,validation
9826,train
9827,train
9828,train
9829,validation
9830,train
9831,test
9832,validation
9833,train
9834,train
9835,train
9836,train
9837,validation
9838,validation
9839,train
9840,validation
9841,train
9842,train
9843,train
9844,train
9845,train
9846,train
9847,test
9848,train
9849,train
9850,train
9851,train
9852,validation
9853,train
9854,train
9855,train
9856,train
9857,test
9858,train
9859,train
9860,train
9861,train
9862,train
9863,validation
9864,train
9865,train
9866,test
9867,train
9868,train
9869,train
9870,train
9871,train
9872,test
9873,train
9874,train
9875,train
9876,train
9877,validation
9878,train
9879,train
9880,train
9881,train
9882,train
9883,train
9884,train
9885,train
9886,train
9887,train
9888,train
9889,test
9890,train
9891,train
9892,train
9893,train
9894,train
9895,train
9896,train
9897,validation
9898,test
9899,train
9900,train
9901,test
9902,train
9903,train
9904,train
9905,train
9906,train
9907,validation
9908,train
9909,train
9910,test
9911,train
9912,train
9913,train
9914,train
9915,train
9916,test
9917,train
9918,train
9919,train
9920,train
9921,train
9922,train
9923,train
9924,train
9925,test
9926,train
9927,validation
9928,test
9929,train
9930,train
9931,test
9932,train
9933,train
9934,validation
9935,validation
9936,train
9937,train
9938,train
9939,validation
9940,train
9941,validation
9942,test
9943,train
9944,train
9945,train
9946,train
9947,train
9948,train
9949,train
9950,train
9951,train
9952,train
9953,train
9954,validation
9955,train
9956,test
9957,train
9958,train
9959,train
9960,train
9961,train
9962,train
9963,train
9964,train
9965,test
9966,train
9967,train
9968,train
9969,train
9970,train
9971,test
9972,train
9973,test
9974,test
9975,train
9976,train
9977,train
9978,train
9979,train
9980,train
9981,test
9982,train
9983,train
9984,train
9985,train
9986,train
9987,train
9988,train
9989,train
9990,train
9991,train
9992,train
9993,validation
9994,train
9995,train
9996,train
9997,train
9998,train
9999,train
10000,test
10001,train
10002,train
10003,train
10004,train
10005,train
10006,test
10007,validation
10008,test
10009,train
10010,validation
10011,train
10012,train
10013,train
10014,validation
10015,train
10016,validation
10017,test
10018,train
10019,train
10020,train
10021,train
10022,train
10023,train
10024,train
10025,validation
10026,train
10027,test
10028,train
10029,train
10030,train
10031,train
10032,train
10033,train
10034,train
10035,train
10036,train
10037,train
10038,train
10039,train
10040,train
10041,train
10042,train
10043,train
10044,test
10045,train
10046,train
10047,train
10048,train
10049,train
10050,train
10051,train
10052,train
10053,validation
10054,train
10055,train
10056,test
10057,test
10058,train
10059,test
10060,train
10061,test
10062,train
10063,test
10064,train
10065,validation
10066,train
10067,train
10068,train
10069,test
10070,validation
10071,train
10072,train
10073,train
10074,test
10075,train
10076,train
10077,train
10078,train
10079,test
10080,test
10081,train
10082,train
10083,train
10084,train
10085,test
10086,train
10087,train
10088,train
10089,train
10090,train
10091,train
10092,train
10093,train
10094,train
10095,train
10096,train
10097,train
10098,train
10099,train
10100,train
10101,train
10102,train
10103,train
10104,train
10105,train
10106,train
10107,train
10108,train
10109,train
10110,train
10111,test
10112,train
10113,train
10114,train
10115,train
10116,train
10117,train
10118,train
10119,train
10120,test
10121,test
10122,test
10123,train
10124,train
10125,train
10126,validation
10127,train
10128,train
10129,test
10130,train
10131,test
10132,train
10133,train
10134,train
10135,train
10136,train
10137,train
10138,train
10139,train
10140,train
10141,train
10142,train
10143,train
10144,test
10145,train
10146,train
10147,train
10148,test
10149,train
10150,train
10151,validation
10152,train
10153,train
10154,train
10155,train
10156,train
10157,train
10158,train
10159,train
10160,train
10161,train
10162,train
10163,train
10164,test
10165,train
10166,train
10167,train
10168,train
10169,test
10170,train
10171,train
10172,train
10173,validation
10174,train
10175,validation
10176,train
10177,test
10178,train
10179,train
10180,train
10181,train
10182,train
10183,train
10184,train
10185,train
10186,train
10187,train
10188,test
10189,test
10190,train
10191,train
10192,train
10193,train
10194,train
10195,test
10196,train
10197,train
10198,test
10199,validation
10200,train
10201,train
10202,train
10203,train
10204,train
10205,validation
10206,train
10207,train
10208,train
10209,test
10210,train
10211,train
10212,train
10213,train
10214,train
10215,train
10216,train
10217,train
10218,train
10219,train
10220,train
10221,train
10222,test
10223,train
10224,train
10225,train
10226,test
10227,train
10228,train
10229,train
10230,train
10231,test
10232,train
10233,train
10234,train
10235,train
10236,train
10237,train
10238,train
10239,train
10240,train
10241,train
10242,train
10243,train
10244,train
10245,train
10246,test
10247,train
10248,train
10249,validation
10250,test
10251,test
10252,validation
10253,train
10254,validation
10255,train
10256,test
10257,train
10258,train
10259,train
10260,train
10261,train
10262,train
10263,train
10264,train
10265,train
10266,test
10267,train
10268,train
10269,train
10270,train
10271,train
10272,train
10273,train
10274,train
10275,train
10276,test
10277,train
10278,train
10279,train
10280,train
10281,train
10282,train
10283,test
10284,train
10285,train
10286,train
10287,train
10288,test
10289,train
10290,train
10291,train
10292,train
10293,train
10294,test
10295,train
10296,train
10297,train
10298,train
10299,train
10300,train
10301,train
10302,train
10303,train
10304,test
10305,train
10306,train
10307,validation
10308,train
10309,train
10310,train
10311,train
10312,train
10313,train
10314,train
10315,train
10316,test
10317,train
10318,train
10319,train
10320,train
10321,train
10322,train
10323,train
10324,train
10325,validation
10326,train
10327,test
10328,train
10329,train
10330,train
10331,train
10332,train
10333,train
10334,train
10335,train
10336,train
10337,train
10338,train
10339,test
10340,train
10341,train
10342,train
10343,train
10344,train
10345,train
10346,train
10347,train
10348,train
10349,test
10350,validation
10351,train
10352,train
10353,train
10354,train
10355,train
10356,train
10357,train
10358,train
10359,validation
10360,train
10361,validation
10362,train
10363,train
10364,train
10365,train
10366,train
10367,train
10368,test
10369,train
10370,train
10371,train
10372,train
10373,train
10374,train
10375,train
10376,test
10377,train
10378,train
10379,train
10380,train
10381,validation
10382,train
10383,train
10384,train
10385,train
10386,train
10387,train
10388,test
10389,test
10390,train
10391,train
10392,train
10393,train
10394,train
10395,train
10396,train
10397,train
10398,train
10399,train
10400,train
10401,train
10402,train
10403,train
10404,test
10405,test
10406,test
10407,test
10408,train
10409,train
10410,train
10411,train
10412,train
10413,validation
10414,train
10415,train
10416,train
10417,train
10418,train
10419,train
10420,validation
10421,test
10422,test
10423,train
10424,train
10425,train
10426,train
10427,train
10428,train
10429,train
10430,train
10431,test
10432,train
10433,train
10434,train
10435,test
10436,train
10437,train
10438,train
10439,validation
10440,validation
10441,train
10442,train
10443,test
10444,validation
10445,train
10446,train
10447,train
10448,train
10449,train
10450,train
10451,validation
10452,train
10453,train
10454,train
10455,train
10456,train
10457,train
10458,train
10459,train
10460,test
10461,train
10462,train
10463,train
10464,train
10465,validation
10466,validation
10467,train
10468,train
10469,train
10470,train
10471,train
10472,train
10473,train
10474,train
10475,train
10476,train
10477,train
10478,train
10479,train
10480,validation
10481,train
10482,train
10483,train
10484,train
10485,train
10486,train
10487,train
10488,train
10489,train
10490,train
10491,train
10492,train
10493,train
10494,test
10495,validation
10496,test
10497,train
10498,validation
10499,train
10500,test
10501,validation
10502,train
10503,train
10504,train
10505,train
10506,train
10507,train
10508,train
10509,train
10510,train
10511,train
10512,validation
10513,validation
10514,train
10515,train
10516,train
10517,train
10518,train
10519,train
10520,train
10521,train
10522,train
10523,train
10524,train
10525,train
10526,train
10527,train
10528,train
10529,train
10530,train
10531,validation
10532,train
10533,train
10534,train
10535,train
10536,test
10537,train
10538,train
10539,train
10540,train
10541,train
10542,train
10543,train
10544,train
10545,validation
10546,train
10547,test
10548,train
10549,train
10550,train
10551,train
10552,train
10553,train
10554,train
10555,train
10556,validation
10557,test
10558,train
10559,train
10560,train
10561,train
10562,train
10563,validation
10564,train
10565,train
10566,validation
10567,train
10568,train
10569,train
10570,test
10571,train
10572,train
10573,train
10574,train
10575,train
10576,train
10577,train
10578,train
10579,train
10580,test
10581,train
10582,test
10583,train
10584,train
10585,train
10586,train
10587,train
10588,train
10589,train
10590,validation
10591,test
10592,train
10593,train
10594,train
10595,train
10596,train
10597,train
10598,train
10599,train
10600,train
10601,train
10602,train
10603,train
10604,train
10605,train
10606,train
10607,train
10608,train
10609,validation
10610,train
10611,train
10612,train
10613,train
10614,train
10615,train
10616,train
10617,train
10618,test
10619,train
10620,train
10621,train
10622,train
10623,train
10624,train
10625,test
10626,train
10627,test
10628,train
10629,train
10630,train
10631,train
10632,train
10633,train
10634,train
10635,train
10636,train
10637,train
10638,train
10639,train
10640,train
10641,train
10642,train
10643,train
10644,train
10645,train
10646,validation
10647,train
10648,train
10649,train
10650,train
10651,train
10652,train
10653,train
10654,train
10655,train
10656,train
10657,train
10658,train
10659,train
10660,validation
10661,train
10662,train
10663,train
10664,train
10665,train
10666,validation
10667,train
10668,train
10669,train
10670,train
10671,train
10672,train
10673,train
10674,train
10675,train
10676,train
10677,validation
10678,train
10679,train
10680,train
10681,train
10682,train
10683,train
10684,train
10685,train
10686,train
10687,train
10688,train
10689,test
10690,train
10691,train
10692,train
10693,train
10694,validation
10695,train
10696,train
10697,train
10698,train
10699,train
10700,train
10701,train
10702,train
10703,validation
10704,test
10705,train
10706,validation
10707,train
10708,train
10709,test
10710,train
10711,train
10712,train
10713,train
10714,train
10715,train
10716,train
10717,train
10718,train
10719,train
10720,train
10721,validation
10722,validation
10723,train
10724,test
10725,train
10726,test
10727,test
10728,train
10729,train
10730,train
10731,validation
10732,train
10733,train
10734,validation
10735,train
10736,train
10737,train
10738,validation
10739,train
10740,validation
10741,train
10742,train
10743,validation
10744,train
10745,train
10746,train
10747,test
10748,train
10749,train
10750,train
10751,train
10752,train
10753,train
10754,train
10755,test
10756,train
10757,train
10758,train
10759,validation
10760,test
10761,train
10762,train
10763,train
10764,train
10765,train
10766,train
10767,train
10768,test
10769,train
10770,test
10771,train
10772,train
10773,train
10774,train
10775,train
10776,train
10777,train
10778,train
10779,train
10780,train
10781,train
10782,train
10783,train
10784,validation
10785,train
10786,train
10787,train
10788,test
10789,validation
10790,train
10791,train
10792,train
10793,validation
10794,train
10795,train
10796,train
10797,train
10798,train
10799,train
10800,train
10801,train
10802,train
10803,train
10804,train
10805,train
10806,train
10807,train
10808,test
10809,test
10810,train
10811,test
10812,train
10813,train
10814,train
10815,train
10816,train
10817,train
10818,train
10819,test
10820,validation
10821,train
10822,train
10823,validation
10824,train
10825,train
10826,train
10827,train
10828,validation
10829,train
10830,test
10831,train
10832,train
10833,train
10834,train
10835,train
10836,test
10837,train
10838,test
10839,train
10840,test
10841,train
10842,test
10843,test
10844,train
10845,validation
10846,train
10847,test
10848,test
10849,train
10850,train
10851,train
10852,validation
10853,train
10854,validation
10855,validation
10856,train
10857,train
10858,train
10859,train
10860,train
10861,train
10862,train
10863,validation
10864,validation
10865,train
10866,test
10867,validation
10868,train
10869,test
10870,train
10871,train
10872,train
10873,train
10874,train
10875,train
10876,train
10877,train
10878,train
10879,train
10880,train
10881,train
10882,train
10883,test
10884,validation
10885,validation
10886,validation
10887,train
10888,train
10889,train
10890,train
10891,train
10892,train
10893,test
10894,train
10895,train
10896,train
10897,validation
10898,train
10899,validation
10900,train
10901,test
10902,train
10903,train
10904,train
10905,train
10906,train
10907,train
10908,train
10909,train
10910,train
10911,train
10912,train
10913,test
10914,validation
10915,train
10916,test
10917,train
10918,train
10919,train
10920,train
10921,train
10922,train
10923,test
10924,train
10925,train
10926,validation
10927,train
10928,train
10929,train
10930,train
10931,train
10932,train
10933,train
10934,train
10935,train
10936,validation
10937,train
10938,train
10939,train
10940,validation
10941,train
10942,validation
10943,train
10944,train
10945,train
10946,train
10947,train
10948,train
10949,validation
10950,train
10951,train
10952,train
10953,validation
10954,train
10955,validation
10956,train
10957,train
10958,train
10959,train
10960,train
10961,train
10962,train
10963,train
10964,train
10965,train
10966,train
10967,test
10968,validation
10969,train
10970,test
10971,train
10972,train
10973,test
10974,train
10975,train
10976,train
10977,train
10978,train
10979,train
10980,train
10981,train
10982,train
10983,train
10984,train
10985,train
10986,train
10987,train
10988,train
10989,train
10990,validation
10991,train
10992,test
10993,train
10994,train
10995,train
10996,train
10997,train
10998,test
10999,train
11000,train
11001,train
11002,train
11003,train
11004,train
11005,train
11006,train
11007,train
11008,train
11009,train
11010,train
11011,train
11012,train
11013,train
11014,train
11015,train
11016,train
11017,train
11018,train
11019,train
11020,train
11021,train
11022,train
11023,train
11024,train
11025,train
11026,validation
11027,test
11028,train
11029,train
11030,train
11031,train
11032,train
11033,train
11034,train
11035,train
11036,test
11037,train
11038,train
11039,train
11040,train
11041,train
11042,train
11043,train
11044,train
11045,train
11046,train
11047,train
11048,train
11049,test
11050,train
11051,train
11052,train
11053,train
11054,train
11055,train
11056,train
11057,train
11058,train
11059,train
11060,train
11061,validation
11062,train
11063,train
11064,train
11065,train
11066,train
11067,train
11068,train
11069,train
11070,train
11071,train
11072,train
11073,train
11074,train
11075,train
11076,train
11077,train
11078,train
11079,train
11080,train
11081,test
11082,train
11083,train
11084,train
11085,train
11086,train
11087,train
11088,validation
11089,train
11090,train
11091,train
11092,train
11093,test
11094,train
11095,train
11096,train
11097,train
11098,train
11099,train
11100,train
11101,train
11102,train
11103,train
11104,train
11105,train
11106,train
11107,train
11108,train
11109,train
11110,test
11111,train
11112,train
11113,train
11114,train
11115,train
11116,train
11117,train
11118,train
11119,train
11120,train
11121,train
11122,train
11123,train
11124,train
11125,train
11126,validation
11127,train
11128,train
11129,train
11130,validation
11131,train
11132,train
11133,train
11134,train
11135,validation
11136,train
11137,train
11138,test
11139,train
11140,train
11141,train
11142,train
11143,train
11144,train
11145,train
11146,train
11147,train
11148,train
11149,train
11150,train
11151,train
11152,train
11153,train
11154,test
11155,test
11156,train
11157,train
11158,validation
11159,train
11160,train
11161,train
11162,train
11163,train
11164,test
11165,train
11166,train
11167,train
11168,train
11169,train
11170,train
11171,train
11172,train
11173,train
11174,train
11175,train
11176,train
11177,train
11178,train
11179,train
11180,test
11181,train
11182,train
11183,train
11184,train
11185,validation
11186,test
11187,train
11188,train
11189,train
11190,train
11191,test
11192,train
11193,train
11194,validation
11195,train
11196,train
11197,test
11198,train
11199,train
11200,train
11201,train
11202,train
11203,train
11204,train
11205,validation
11206,train
11207,train
11208,train
11209,train
11210,train
11211,train
11212,train
11213,train
11214,train
11215,train
11216,train
11217,validation
11218,train
11219,train
11220,validation
11221,train
11222,train
11223,train
11224,train
11225,train
11226,validation
11227,train
11228,train
11229,train
11230,train
11231,train
11232,train
11233,train
11234,train
11235,train
11236,train
11237,validation
11238,train
11239,validation
11240,test
11241,train
11242,train
11243,train
11244,train
11245,train
11246,train
11247,train
11248,train
11249,train
11250,train
11251,train
11252,train
11253,train
11254,validation
11255,test
11256,train
11257,train
11258,train
11259,train
11260,train
11261,train
11262,train
11263,train
11264,train
11265,train
11266,train
11267,train
11268,train
11269,train
11270,train
11271,train
11272,test
11273,validation
11274,train
11275,train
11276,train
11277,train
11278,train
11279,test
11280,train
11281,test
11282,test
11283,train
11284,train
11285,train
11286,train
11287,train
11288,train
11289,train
11290,train
11291,train
11292,train
11293,train
11294,train
11295,train
11296,train
11297,train
11298,train
11299,train
11300,train
11301,train
11302,train
11303,train
11304,train
11305,train
11306,test
11307,train
11308,validation
11309,test
11310,train
11311,train
11312,train
11313,train
11314,train
11315,train
11316,train
11317,train
11318,train
11319,train
11320,train
11321,train
11322,train
11323,train
11324,train
11325,train
11326,train
11327,train
11328,train
11329,train
11330,train
11331,train
11332,validation
11333,train
11334,train
11335,train
11336,train
11337,train
11338,train
11339,train
11340,train
11341,train
11342,train
11343,train
11344,train
11345,test
11346,test
11347,train
11348,train
11349,test
11350,train
11351,train
11352,test
11353,validation
11354,train
11355,train
11356,validation
11357,train
11358,train
11359,train
11360,validation
11361,train
11362,validation
11363,train
11364,test
11365,train
11366,validation
11367,train
11368,train
11369,train
11370,train
11371,train
11372,train
11373,train
11374,train
11375,train
11376,train
11377,train
11378,train
11379,train
11380,train
11381,train
11382,train
11383,train
11384,train
11385,train
11386,train
11387,validation
11388,train
11389,train
11390,train
11391,validation
11392,train
11393,train
11394,train
11395,test
11396,train
11397,train
11398,train
11399,validation
11400,train
11401,train
11402,train
11403,validation
11404,train
11405,train
11406,train
11407,test
11408,train
11409,validation
11410,train
11411,train
11412,train
11413,train
11414,test
11415,validation
11416,train
11417,train
11418,train
11419,train
11420,test
11421,train
11422,train
11423,train
11424,test
11425,train
11426,train
11427,train
11428,train
11429,test
11430,train
11431,train
11432,train
11433,train
11434,train
11435,train
11436,train
11437,train
11438,train
11439,train
11440,train
11441,train
11442,test
11443,validation
11444,train
11445,train
11446,train
11447,validation
11448,train
11449,train
11450,train
11451,train
11452,train
11453,train
11454,train
11455,train
11456,train
11457,train
11458,validation
11459,train
11460,validation
11461,train
11462,test
11463,train
11464,train
11465,train
11466,test
11467,test
11468,validation
11469,validation
11470,train
11471,test
11472,test
11473,validation
11474,validation
11475,train
11476,train
11477,train
11478,train
11479,train
11480,train
11481,train
11482,validation
11483,train
11484,train
11485,train
11486,train
11487,train
11488,train
11489,train
11490,train
11491,train
11492,test
11493,validation
11494,train
11495,train
11496,train
11497,train
11498,train
11499,train
11500,test
11501,train
11502,train
11503,train
11504,validation
11505,train
11506,train
11507,train
11508,train
11509,train
11510,validation
11511,train
11512,train
11513,train
11514,train
11515,train
11516,validation
11517,validation
11518,train
11519,train
11520,train
11521,train
11522,train
11523,train
11524,train
11525,train
11526,train
11527,train
11528,train
11529,train
11530,train
11531,train
11532,train
11533,train
11534,train
11535,train
11536,train
11537,train
11538,validation
11539,test
11540,train
11541,train
11542,validation
11543,train
11544,train
11545,train
11546,test
11547,train
11548,train
11549,test
11550,train
11551,train
11552,train
11553,train
11554,train
11555,validation
11556,train
11557,train
11558,train
11559,train
11560,validation
11561,train
11562,train
11563,train
11564,train
11565,train
11566,train
11567,train
11568,train
11569,train
11570,train
11571,train
11572,train
11573,train
11574,train
11575,train
11576,train
11577,train
11578,validation
11579,train
11580,train
11581,train
11582,train
11583,train
11584,train
11585,train
11586,train
11587,train
11588,train
11589,test
11590,train
11591,train
11592,train
11593,train
11594,validation
11595,train
11596,train
11597,train
11598,train
11599,train
11600,train
11601,train
11602,train
11603,train
11604,train
11605,train
11606,train
11607,validation
11608,test
11609,train
11610,test
11611,train
11612,train
11613,train
11614,train
11615,train
11616,train
11617,train
11618,train
11619,train
11620,train
11621,train
11622,train
11623,train
11624,test
11625,test
11626,train
11627,train
11628,train
11629,train
11630,train
11631,train
11632,train
11633,train
11634,test
11635,validation
11636,train
11637,train
11638,train
11639,validation
11640,train
11641,validation
11642,train
11643,train
11644,train
11645,train
11646,train
11647,validation
11648,train
11649,train
11650,train
11651,train
11652,test
11653,validation
11654,train
11655,train
11656,train
11657,train
11658,train
11659,train
11660,train
11661,train
11662,train
11663,train
11664,train
11665,train
11666,train
11667,train
11668,train
11669,train
11670,test
11671,train
11672,test
11673,train
11674,train
11675,train
11676,train
11677,train
11678,train
11679,train
11680,test
11681,train
11682,train
11683,train
11684,train
11685,train
11686,train
11687,validation
11688,train
11689,train
11690,train
11691,train
11692,train
11693,train
11694,validation
11695,train
11696,train
11697,train
11698,test
11699,train
11700,train
11701,test
11702,train
11703,train
11704,train
11705,validation
11706,train
11707,train
11708,train
11709,test
11710,test
11711,train
11712,train
11713,test
11714,train
11715,train
11716,train
11717,train
11718,train
11719,train
11720,train
11721,train
11722,train
11723,validation
11724,train
11725,validation
11726,train
11727,train
11728,train
11729,train
11730,train
11731,test
11732,train
11733,train
11734,validation
11735,test
11736,train
11737,train
11738,train
11739,train
11740,train
11741,train
11742,train
11743,train
11744,train
11745,train
11746,train
11747,train
11748,train
11749,train
11750,train
11751,train
11752,train
11753,train
11754,test
11755,train
11756,validation
11757,validation
11758,train
11759,validation
11760,train
11761,train
11762,train
11763,train
11764,test
11765,train
11766,train
11767,train
11768,validation
11769,test
11770,train
11771,train
11772,train
11773,train
11774,train
11775,train
11776,train
11777,validation
11778,train
11779,train
11780,train
11781,train
11782,train
11783,train
11784,train
11785,train
11786,train
11787,train
11788,train
11789,test
11790,train
11791,train
11792,train
11793,train
11794,train
11795,train
11796,train
11797,train
11798,test
11799,validation
11800,train
11801,train
11802,validation
11803,train
11804,train
11805,train
11806,train
11807,train
11808,test
11809,train
11810,train
11811,train
11812,train
11813,validation
11814,train
11815,train
11816,train
11817,train
11818,train
11819,test
11820,train
11821,train
11822,train
11823,train
11824,train
11825,train
11826,validation
11827,train
11828,train
11829,validation
11830,train
11831,train
11832,train
11833,train
11834,train
11835,train
11836,train
11837,train
11838,validation
11839,train
11840,train
11841,train
11842,train
11843,validation
11844,test
11845,test
11846,train
11847,train
11848,train
11849,train
11850,train
11851,train
11852,train
11853,train
11854,validation
11855,train
11856,train
11857,train
11858,train
11859,train
11860,train
11861,test
11862,train
11863,train
11864,test
11865,train
11866,train
11867,train
11868,train
11869,train
11870,train
11871,train
11872,train
11873,train
11874,train
11875,train
11876,test
11877,train
11878,train
11879,train
11880,train
11881,train
11882,train
11883,validation
11884,train
11885,train
11886,validation
11887,validation
11888,validation
11889,train
11890,train
11891,train
11892,train
11893,train
11894,train
11895,train
11896,train
11897,train
11898,train
11899,train
11900,train
11901,train
11902,test
11903,train
11904,train
11905,train
11906,train
11907,train
11908,train
11909,train
11910,train
11911,train
11912,train
11913,test
11914,train
11915,train
11916,train
11917,train
11918,train
11919,test
11920,train
11921,train
11922,train
11923,train
11924,train
11925,train
11926,validation
11927,test
11928,train
11929,train
11930,train
11931,validation
11932,train
11933,train
11934,train
11935,train
11936,train
11937,validation
11938,train
11939,train
11940,train
11941,test
11942,train
11943,train
11944,train
11945,train
11946,train
11947,train
11948,train
11949,validation
11950,train
11951,test
11952,train
11953,train
11954,train
11955,test
11956,train
11957,train
11958,train
11959,train
11960,train
11961,train
11962,train
11963,train
11964,train
11965,train
11966,train
11967,train
11968,train
11969,train
11970,train
11971,train
11972,validation
11973,train
11974,train
11975,train
11976,train
11977,train
11978,train
11979,train
11980,train
11981,train
11982,train
11983,train
11984,train
11985,train
11986,train
11987,train
11988,train
11989,train
11990,train
11991,train
11992,train
11993,train
11994,train
11995,test
11996,train
11997,train
11998,train
11999,test
12000,train
12001,validation
12002,train
12003,train
12004,test
12005,train
12006,train
12007,train
12008,train
12009,train
12010,train
12011,train
12012,test
12013,train
12014,train
12015,validation
12016,train
12017,test
12018,train
12019,train
12020,train
12021,test
12022,train
12023,train
12024,train
12025,train
12026,train
12027,train
12028,validation
12029,validation
12030,validation
12031,train
12032,test
12033,train
12034,train
12035,train
12036,train
12037,test
12038,train
12039,validation
12040,validation
12041,train
12042,train
12043,train
12044,train
12045,train
12046,test
12047,test
12048,train
12049,train
12050,train
12051,validation
12052,train
12053,train
12054,train
12055,train
12056,validation
12057,train
12058,train
12059,test
12060,train
12061,train
12062,train
12063,train
12064,train
12065,test
12066,train
12067,train
12068,train
12069,train
12070,train
12071,train
12072,train
12073,test
12074,train
12075,train
12076,train
12077,test
12078,train
12079,train
12080,validation
12081,validation
12082,train
12083,test
12084,train
12085,train
12086,train
12087,train
12088,train
12089,validation
12090,train
12091,train
12092,train
12093,train
12094,train
12095,train
12096,train
12097,test
12098,train
12099,train
12100,train
12101,train
12102,train
12103,train
12104,train
12105,train
12106,train
12107,train
12108,train
12109,train
12110,train
12111,train
12112,train
12113,train
12114,train
12115,validation
12116,train
12117,test
12118,train
12119,train
12120,train
12121,train
12122,train
12123,train
12124,train
12125,train
12126,train
12127,test
12128,train
12129,test
12130,train
12131,train
12132,train
12133,train
12134,train
12135,train
12136,train
12137,train
12138,train
12139,train
12140,test
12141,train
12142,train
12143,validation
12144,test
12145,test
12146,train
12147,train
12148,test
12149,train
12150,test
12151,validation
12152,train
12153,train
12154,validation
12155,train
12156,train
12157,train
12158,validation
12159,train
12160,train
12161,train
12162,train
12163,train
12164,train
12165,train
12166,train
12167,train
12168,validation
12169,train
12170,train
12171,train
12172,train
12173,validation
12174,train
12175,test
12176,test
12177,train
12178,test
12179,train
12180,train
12181,train
12182,train
12183,train
12184,train
12185,train
12186,train
12187,train
12188,train
12189,train
12190,validation
12191,train
12192,test
12193,train
12194,train
12195,train
12196,train
12197,validation
12198,train
12199,train
12200,validation
12201,train
12202,train
12203,train
12204,train
12205,validation
12206,train
12207,train
12208,validation
12209,train
12210,train
12211,train
12212,train
12213,train
12214,train
12215,train
12216,train
12217,test
12218,train
12219,train
12220,train
12221,train
12222,test
12223,train
12224,train
12225,train
12226,train
12227,train
12228,test
12229,train
12230,train
12231,train
12232,train
12233,train
12234,train
12235,test
12236,test
12237,train
12238,train
12239,train
12240,validation
12241,train
12242,train
12243,validation
12244,train
12245,train
12246,train
12247,train
12248,train
12249,train
12250,train
12251,train
12252,train
12253,train
12254,train
12255,train
12256,train
12257,train
12258,train
12259,train
12260,train
12261,test
12262,train
12263,train
12264,validation
12265,train
12266,train
12267,train
12268,train
12269,train
12270,train
12271,train
12272,train
12273,train
12274,train
12275,train
12276,train
12277,train
12278,train
12279,train
12280,train
12281,train
12282,train
12283,train
12284,train
12285,train
12286,train
12287,train
12288,train
12289,train
12290,train
12291,train
12292,validation
12293,validation
12294,test
12295,train
12296,train
12297,train
12298,train
12299,test
12300,train
12301,train
12302,train
12303,train
12304,train
12305,test
12306,train
12307,train
12308,train
12309,train
12310,test
12311,train
12312,validation
12313,train
12314,train
12315,test
12316,train
12317,train
12318,test
12319,train
12320,validation
12321,train
12322,train
12323,train
12324,train
12325,train
12326,train
12327,train
12328,train
12329,train
12330,train
12331,train
12332,train
12333,train
12334,train
12335,test
12336,train
12337,validation
12338,train
12339,train
12340,train
12341,train
12342,train
12343,train
12344,train
12345,validation
12346,train
12347,train
12348,train
12349,train
12350,train
12351,train
12352,train
12353,train
12354,test
12355,train
12356,train
12357,train
12358,train
12359,train
12360,train
12361,train
12362,train
12363,validation
12364,train
12365,validation
12366,train
12367,validation
12368,test
12369,test
12370,validation
12371,test
12372,train
12373,train
12374,train
12375,train
12376,train
12377,train
12378,train
12379,train
12380,train
12381,train
12382,train
12383,validation
12384,train
12385,train
12386,train
12387,train
12388,train
12389,test
12390,train
12391,train
12392,train
12393,train
12394,train
12395,train
12396,train
12397,train
12398,test
12399,train
12400,train
12401,train
12402,train
12403,validation
12404,train
12405,train
12406,train
12407,train
12408,train
12409,train
12410,train
12411,train
12412,train
12413,train
12414,train
12415,train
12416,train
12417,train
12418,test
12419,train
12420,train
12421,train
12422,train
12423,train
12424,train
12425,train
12426,train
12427,train
12428,train
12429,train
12430,train
12431,train
12432,train
12433,train
12434,train
12435,train
12436,train
12437,train
12438,train
12439,validation
12440,train
12441,train
12442,test
12443,train
12444,validation
12445,train
12446,train
12447,train
12448,train
12449,train
12450,train
12451,train
12452,train
12453,train
12454,train
12455,validation
12456,train
12457,train
12458,train
12459,train
12460,train
12461,train
12462,test
12463,validation
12464,train
12465,validation
12466,train
12467,train
12468,train
12469,train
12470,train
12471,test
12472,train
12473,train
12474,test
12475,validation
12476,train
12477,train
12478,train
12479,train
12480,train
12481,train
12482,test
12483,validation
12484,validation
12485,train
12486,train
12487,test
12488,train
12489,train
12490,train
12491,train
12492,validation
12493,train
12494,train
12495,test
12496,train
12497,train
12498,test
12499,train
12500,train
12501,train
12502,validation
12503,test
12504,train
12505,train
12506,train
12507,train
12508,train
12509,train
12510,train
12511,train
12512,validation
12513,train
12514,train
12515,train
12516,train
12517,train
12518,train
12519,train
12520,validation
12521,train
12522,validation
12523,validation
12524,train
12525,train
12526,train
12527,train
12528,train
12529,train
12530,train
12531,train
12532,train
12533,train
12534,test
12535,validation
12536,train
12537,train
12538,train
12539,train
12540,train
12541,test
12542,train
12543,train
12544,train
12545,train
12546,validation
12547,train
12548,train
12549,train
12550,train
12551,train
12552,train
12553,train
12554,train
12555,train
12556,train
12557,train
12558,train
12559,train
12560,train
12561,train
12562,train
12563,train
12564,train
12565,train
12566,train
12567,train
12568,train
12569,train
12570,train
12571,train
12572,test
12573,train
12574,train
12575,train
12576,validation
12577,train
12578,validation
12579,train
12580,train
12581,train
12582,validation
12583,train
12584,train
12585,train
12586,train
12587,train
12588,validation
12589,train
12590,train
12591,test
12592,train
12593,train
12594,test
12595,train
12596,test
12597,train
12598,train
12599,train
12600,test
12601,train
12602,train
12603,train
12604,validation
12605,test
12606,train
12607,train
12608,train
12609,train
12610,train
12611,train
12612,train
12613,train
12614,train
12615,train
12616,test
12617,train
12618,train
12619,train
12620,train
12621,train
12622,train
12623,train
12624,test
12625,train
12626,validation
12627,train
12628,train
12629,train
12630,train
12631,train
12632,train
12633,train
12634,train
12635,train
12636,test
12637,train
12638,validation
12639,test
12640,train
12641,validation
12642,train
12643,test
12644,train
12645,train
12646,train
12647,train
12648,train
12649,test
12650,train
12651,train
12652,train
12653,train
12654,train
12655,train
12656,train
12657,train
12658,train
12659,train
12660,validation
12661,train
12662,train
12663,train
12664,train
12665,train
12666,train
12667,validation
12668,train
12669,train
12670,train
12671,train
12672,train
12673,train
12674,validation
12675,train
12676,train
12677,train
12678,train
12679,train
12680,train
12681,train
12682,train
12683,train
12684,train
12685,train
12686,train
12687,test
12688,train
12689,train
12690,train
12691,train
12692,train
12693,train
12694,train
12695,train
12696,train
12697,train
12698,train
12699,validation
12700,test
12701,train
12702,train
12703,train
12704,train
12705,train
12706,train
12707,train
12708,train
12709,train
12710,train
12711,train
12712,test
12713,validation
12714,train
12715,train
12716,train
12717,train
12718,train
12719,train
12720,test
12721,train
12722,train
12723,train
12724,train
12725,train
12726,train
12727,train
12728,train
12729,train
12730,train
12731,test
12732,train
12733,test
12734,train
12735,train
12736,test
12737,train
12738,train
12739,train
12740,train
12741,train
12742,train
12743,train
12744,test
12745,validation
12746,test
12747,train
12748,train
12749,train
12750,train
12751,train
12752,train
12753,validation
12754,train
12755,train
12756,train
12757,train
12758,train
12759,train
12760,train
12761,train
12762,train
12763,test
12764,train
12765,train
12766,train
12767,train
12768,test
12769,train
12770,train
12771,train
12772,train
12773,train
12774,test
12775,train
12776,train
12777,train
12778,train
12779,train
12780,train
12781,train
12782,train
12783,train
12784,train
12785,test
12786,validation
12787,train
12788,train
12789,train
12790,train
12791,train
12792,train
12793,train
12794,train
12795,train
12796,validation
12797,train
12798,validation
12799,train
12800,train
12801,train
12802,test
12803,train
12804,test
12805,train
12806,train
12807,train
12808,train
12809,train
12810,train
12811,test
12812,train
12813,train
12814,train
12815,validation
12816,validation
12817,train
12818,train
12819,train
12820,train
12821,train
12822,train
12823,train
12824,train
12825,train
12826,train
12827,train
12828,train
12829,train
12830,train
12831,train
12832,train
12833,train
12834,train
12835,train
12836,train
12837,train
12838,train
12839,train
12840,train
12841,validation
12842,train
12843,train
12844,validation
12845,train
12846,validation
12847,train
12848,train
12849,train
12850,train
12851,train
12852,train
12853,test
12854,train
12855,train
12856,train
12857,validation
12858,train
12859,train
12860,train
12861,test
12862,train
12863,train
12864,train
12865,train
12866,train
12867,train
12868,test
12869,train
12870,train
12871,train
12872,train
12873,train
12874,train
12875,train
12876,train
12877,test
12878,train
12879,train
12880,test
12881,train
12882,validation
12883,train
12884,train
12885,validation
12886,train
12887,train
12888,train
12889,train
12890,train
12891,train
12892,train
12893,train
12894,train
12895,train
12896,test
12897,train
12898,train
12899,train
12900,train
12901,train
12902,validation
12903,validation
12904,test
12905,train
12906,train
12907,test
12908,test
12909,train
12910,train
12911,train
12912,train
12913,train
12914,train
12915,train
12916,validation
12917,train
12918,train
12919,train
12920,train
12921,train
12922,train
12923,train
12924,validation
12925,train
12926,train
12927,train
12928,train
12929,train
12930,train
12931,train
12932,train
12933,train
12934,train
12935,train
12936,validation
12937,test
12938,validation
12939,test
12940,train
12941,train
12942,train
12943,test
12944,train
12945,train
12946,train
12947,validation
12948,train
12949,train
12950,train
12951,train
12952,train
12953,train
12954,train
12955,train
12956,test
12957,train
12958,train
12959,test
12960,train
12961,train
12962,test
12963,train
12964,train
12965,train
12966,train
12967,train
12968,train
12969,train
12970,train
12971,train
12972,train
12973,train
12974,train
12975,train
12976,test
12977,train
12978,train
12979,test
12980,train
12981,test
12982,train
12983,train
12984,train
12985,train
12986,test
12987,train
12988,train
12989,validation
12990,train
12991,train
12992,validation
12993,train
12994,train
12995,train
12996,train
12997,train
12998,train
12999,train
13000,train
13001,test
13002,validation
13003,train
13004,train
13005,train
13006,train
13007,train
13008,validation
13009,validation
13010,validation
13011,train
13012,train
13013,train
13014,train
13015,train
13016,train
13017,train
13018,train
13019,train
13020,validation
13021,train
13022,train
13023,train
13024,train
13025,train
13026,train
13027,test
13028,train
13029,train
13030,test
13031,train
13032,train
13033,train
13034,validation
13035,train
13036,train
13037,train
13038,validation
13039,validation
13040,test
13041,train
13042,train
13043,test
13044,train
13045,train
13046,train
13047,train
13048,train
13049,train
13050,train
13051,validation
13052,validation
13053,train
13054,test
13055,train
13056,train
13057,train
13058,train
13059,train
13060,train
13061,validation
13062,train
13063,train
13064,train
13065,train
13066,train
13067,train
13068,train
13069,train
13070,train
13071,train
13072,validation
13073,train
13074,train
13075,train
13076,train
13077,train
13078,train
13079,test
13080,train
13081,train
13082,test
13083,train
13084,train
13085,train
13086,train
13087,train
13088,train
13089,train
13090,train
13091,train
13092,train
13093,train
13094,train
13095,train
13096,train
13097,test
13098,train
13099,validation
13100,train
13101,train
13102,test
13103,train
13104,train
13105,train
13106,train
13107,train
13108,train
13109,validation
13110,train
13111,validation
13112,train
13113,train
13114,train
13115,test
13116,train
13117,validation
13118,train
13119,test
13120,test
13121,test
13122,train
13123,test
13124,train
13125,train
13126,train
13127,train
13128,train
13129,train
13130,test
13131,train
13132,train
13133,train
13134,train
13135,train
13136,train
13137,train
13138,validation
13139,train
13140,train
13141,train
13142,train
13143,train
13144,train
13145,train
13146,train
13147,train
13148,train
13149,train
13150,train
13151,train
13152,validation
13153,train
13154,train
13155,train
13156,train
13157,train
13158,train
13159,train
13160,train
13161,train
13162,validation
13163,train
13164,train
13165,train
13166,test
13167,train
13168,train
13169,train
13170,train
13171,train
13172,train
13173,train
13174,train
13175,test
13176,train
13177,train
13178,train
13179,train
13180,train
13181,train
13182,train
13183,train
13184,train
13185,train
13186,train
13187,test
13188,train
13189,train
13190,train
13191,train
13192,train
13193,train
13194,train
13195,train
13196,validation
13197,train
13198,train
13199,train
13200,train
13201,train
13202,train
13203,train
13204,train
13205,train
13206,test
13207,train
13208,test
13209,train
13210,train
13211,train
13212,train
13213,train
13214,train
13215,test
13216,train
13217,train
13218,test
13219,train
13220,test
13221,validation
13222,train
13223,train
13224,train
13225,train
13226,validation
13227,train
13228,train
13229,train
13230,train
13231,train
13232,train
13233,test
13234,train
13235,train
13236,train
13237,validation
13238,validation
13239,train
13240,train
13241,train
13242,test
13243,train
13244,train
13245,train
13246,train
13247,test
13248,train
13249,train
13250,train
13251,train
13252,train
13253,train
13254,test
13255,test
13256,train
13257,train
13258,validation
13259,train
13260,train
13261,train
13262,validation
13263,train
13264,test
13265,train
13266,train
13267,train
13268,train
13269,train
13270,validation
13271,train
13272,validation
13273,validation
13274,train
13275,train
13276,train
13277,train
13278,train
13279,train
13280,train
13281,train
13282,train
13283,train
13284,train
13285,train
13286,train
13287,train
13288,train
13289,test
13290,train
13291,train
13292,train
13293,train
13294,train
13295,validation
13296,train
13297,train
13298,train
13299,train
13300,train
13301,train
13302,test
13303,train
13304,train
13305,train
13306,train
13307,validation
13308,validation
13309,train
13310,validation
13311,test
13312,train
13313,train
13314,train
13315,train
13316,validation
13317,train
13318,train
13319,train
13320,train
13321,train
13322,validation
13323,validation
13324,train
13325,train
13326,train
13327,test
13328,test
13329,train
13330,test
13331,train
13332,train
13333,train
13334,train
13335,train
13336,train
13337,train
13338,train
13339,train
13340,test
13341,validation
13342,train
13343,train
13344,validation
13345,train
13346,train
13347,train
13348,train
13349,train
13350,train
13351,train
13352,train
13353,validation
13354,train
13355,validation
13356,train
13357,train
13358,train
13359,train
13360,train
13361,train
13362,validation
13363,train
13364,test
13365,test
13366,train
13367,validation
13368,train
13369,train
13370,train
13371,train
13372,train
13373,train
13374,train
13375,train
13376,train
13377,train
13378,train
13379,train
13380,train
13381,test
13382,train
13383,train
13384,validation
13385,train
13386,train
13387,test
13388,train
13389,train
13390,train
13391,train
13392,train
13393,train
13394,validation
13395,validation
13396,train
13397,train
13398,train
13399,train
13400,train
13401,train
13402,train
13403,validation
13404,test
13405,train
13406,train
13407,test
13408,train
13409,train
13410,train
13411,test
13412,train
13413,train
13414,test
13415,train
13416,train
13417,train
13418,test
13419,train
13420,train
13421,train
13422,test
13423,train
13424,train
13425,train
13426,train
13427,train
13428,train
13429,train
13430,validation
13431,train
13432,validation
13433,train
13434,train
13435,train
13436,train
13437,train
13438,train
13439,train
13440,train
13441,train
13442,train
13443,train
13444,train
13445,train
13446,train
13447,train
13448,train
13449,train
13450,train
13451,test
13452,train
13453,train
13454,train
13455,train
13456,train
13457,validation
13458,test
13459,train
13460,train
13461,train
13462,train
13463,train
13464,validation
13465,train
13466,train
13467,train
13468,train
13469,train
13470,train
13471,train
13472,train
13473,train
13474,train
13475,test
13476,train
13477,train
13478,test
13479,train
13480,train
13481,train
13482,train
13483,train
13484,train
13485,train
13486,train
13487,train
13488,train
13489,train
13490,train
13491,train
13492,train
13493,train
13494,train
13495,train
13496,train
13497,train
13498,train
13499,test
13500,train
13501,train
13502,train
13503,train
13504,test
13505,train
13506,train
13507,train
13508,train
13509,train
13510,validation
13511,train
13512,train
13513,train
13514,train
13515,validation
13516,train
13517,validation
13518,test
13519,train
13520,train
13521,validation
13522,train
13523,validation
13524,test
13525,train
13526,train
13527,test
13528,train
13529,train
13530,test
13531,train
13532,test
13533,train
13534,train
13535,train
13536,train
13537,train
13538,train
13539,train
13540,train
13541,train
13542,train
13543,train
13544,train
13545,train
13546,train
13547,train
13548,train
13549,train
13550,train
13551,train
13552,test
13553,train
13554,train
13555,test
13556,train
13557,train
13558,train
13559,test
13560,train
13561,train
13562,train
13563,train
13564,train
13565,test
13566,train
13567,train
13568,validation
13569,train
13570,train
13571,train
13572,train
13573,train
13574,train
13575,train
13576,validation
13577,train
13578,train
13579,train
13580,train
13581,train
13582,validation
13583,train
13584,train
13585,train
13586,train
13587,validation
13588,train
13589,test
13590,train
13591,train
13592,train
13593,validation
13594,train
13595,train
13596,train
13597,train
13598,train
13599,train
13600,train
13601,validation
13602,train
13603,train
13604,train
13605,train
13606,test
13607,train
13608,train
13609,test
13610,train
13611,validation
13612,train
13613,train
13614,train
13615,train
13616,train
13617,train
13618,train
13619,train
13620,train
13621,train
13622,train
13623,test
13624,train
13625,train
13626,train
13627,train
13628,train
13629,train
13630,train
13631,train
13632,train
13633,train
13634,train
13635,train
13636,train
13637,train
13638,train
13639,validation
13640,train
13641,train
13642,train
13643,train
13644,train
13645,train
13646,train
13647,train
13648,train
13649,validation
13650,train
13651,train
13652,train
13653,train
13654,train
13655,train
13656,train
13657,train
13658,train
13659,validation
13660,validation
13661,train
13662,train
13663,test
13664,train
13665,train
13666,train
13667,train
13668,train
13669,train
13670,train
13671,train
13672,train
13673,train
13674,train
13675,train
13676,train
13677,validation
13678,train
13679,train
13680,train
13681,train
13682,train
13683,train
13684,train
13685,train
13686,validation
13687,train
13688,train
13689,train
13690,train
13691,train
13692,train
13693,test
13694,validation
13695,validation
13696,train
13697,train
13698,train
13699,train
13700,train
13701,train
13702,train
13703,test
13704,train
13705,train
13706,train
13707,validation
13708,train
13709,train
13710,test
13711,validation
13712,train
13713,test
13714,train
13715,test
13716,train
13717,test
13718,train
13719,train
13720,train
13721,train
13722,train
13723,train
13724,train
13725,validation
13726,train
13727,train
13728,train
13729,train
13730,train
13731,train
13732,test
13733,train
13734,validation
13735,train
13736,train
13737,train
13738,train
13739,train
13740,train
13741,train
13742,train
13743,train
13744,train
13745,train
13746,train
13747,train
13748,test
13749,train
13750,train
13751,train
13752,train
13753,train
13754,test
13755,train
13756,train
13757,train
13758,validation
13759,train
13760,train
13761,test
13762,test
13763,train
13764,train
13765,train
13766,train
13767,validation
13768,train
13769,train
13770,train
13771,train
13772,train
13773,train
13774,validation
13775,validation
13776,test
13777,train
13778,train
13779,train
13780,train
13781,validation
13782,train
13783,validation
13784,validation
13785,train
13786,train
13787,train
13788,validation
13789,train
13790,train
13791,train
13792,train
13793,validation
13794,train
13795,train
13796,train
13797,train
13798,train
13799,train
13800,train
13801,train
13802,train
13803,train
13804,train
13805,test
13806,train
13807,train
13808,test
13809,train
13810,train
13811,test
13812,test
13813,train
13814,train
13815,train
13816,train
13817,train
13818,validation
13819,test
13820,train
13821,test
13822,train
13823,train
13824,train
13825,train
13826,train
13827,train
13828,train
13829,validation
13830,validation
13831,train
13832,train
13833,test
13834,train
13835,validation
13836,train
13837,train
13838,validation
13839,test
13840,train
13841,train
13842,train
13843,train
13844,train
13845,train
13846,train
13847,train
13848,test
13849,train
13850,train
13851,test
13852,train
13853,train
13854,train
13855,train
13856,train
13857,train
13858,train
13859,train
13860,test
13861,train
13862,train
13863,train
13864,validation
13865,train
13866,test
13867,train
13868,train
13869,train
13870,validation
13871,validation
13872,validation
13873,train
13874,train
13875,test
13876,train
13877,train
13878,train
13879,train
13880,train
13881,train
13882,train
13883,train
13884,train
13885,train
13886,train
13887,train
13888,train
13889,train
13890,train
13891,train
13892,test
13893,train
13894,train
13895,train
13896,train
13897,train
13898,train
13899,train
13900,train
13901,test
13902,train
13903,train
13904,train
13905,validation
13906,test
13907,train
13908,train
13909,train
13910,train
13911,train
13912,train
13913,train
13914,train
13915,train
13916,train
13917,train
13918,train
13919,train
13920,train
13921,train
13922,train
13923,train
13924,train
13925,test
13926,train
13927,validation
13928,train
13929,train
13930,train
13931,train
13932,train
13933,test
13934,train
13935,train
13936,test
13937,train
13938,test
13939,train
13940,train
13941,train
13942,train
13943,train
13944,train
13945,test
13946,train
13947,train
13948,train
13949,validation
13950,train
13951,train
13952,train
13953,train
13954,train
13955,validation
13956,train
13957,train
13958,test
13959,train
13960,train
13961,validation
13962,train
13963,train
13964,train
13965,train
13966,train
13967,train
13968,validation
13969,train
13970,train
13971,train
13972,validation
13973,validation
13974,train
13975,train
13976,train
13977,train
13978,validation
13979,validation
13980,train
13981,train
13982,test
13983,train
13984,train
13985,train
13986,train
13987,train
13988,train
13989,validation
13990,train
13991,train
13992,train
13993,train
13994,train
13995,train
13996,train
13997,validation
13998,train
13999,train
14000,train
14001,train
14002,train
14003,train
14004,train
14005,validation
14006,train
14007,train
14008,validation
14009,train
14010,train
14011,train
14012,train
14013,test
14014,train
14015,train
14016,train
14017,train
14018,train
14019,train
14020,train
14021,train
14022,train
14023,train
14024,test
14025,train
14026,train
14027,train
14028,test
14029,validation
14030,train
14031,train
14032,train
14033,train
14034,train
14035,train
14036,train
14037,train
14038,train
14039,train
14040,train
14041,train
14042,train
14043,train
14044,train
14045,train
14046,train
14047,train
14048,train
14049,train
14050,validation
14051,train
14052,train
14053,train
14054,train
14055,validation
14056,train
14057,train
14058,train
14059,train
14060,test
14061,train
14062,train
14063,train
14064,train
14065,train
14066,train
14067,train
14068,train
14069,train
14070,test
14071,train
14072,train
14073,train
14074,train
14075,train
14076,train
14077,train
14078,train
14079,validation
14080,train
14081,train
14082,train
14083,train
14084,train
14085,train
14086,test
14087,train
14088,train
14089,validation
14090,train
14091,validation
14092,train
14093,train
14094,train
14095,train
14096,train
14097,test
14098,train
14099,train
14100,train
14101,train
14102,train
14103,train
14104,train
14105,train
14106,train
14107,validation
14108,train
14109,train
14110,train
14111,train
14112,train
14113,train
14114,validation
14115,train
14116,train
14117,validation
14118,train
14119,train
14120,validation
14121,train
14122,train
14123,train
14124,train
14125,train
14126,train
14127,train
14128,validation
14129,train
14130,train
14131,train
14132,validation
14133,train
14134,train
14135,train
14136,test
14137,train
14138,train
14139,train
14140,train
14141,train
14142,train
14143,train
14144,train
14145,train
14146,test
14147,train
14148,test
14149,test
14150,train
14151,train
14152,train
14153,train
14154,train
14155,train
14156,train
14157,train
14158,train
14159,train
14160,train
14161,train
14162,train
14163,train
14164,validation
14165,train
14166,train
14167,train
14168,train
14169,validation
14170,train
14171,train
14172,train
14173,train
14174,train
14175,train
14176,validation
14177,train
14178,train
14179,train
14180,validation
14181,train
14182,train
14183,validation
14184,train
14185,test
14186,train
14187,test
14188,train
14189,train
14190,train
14191,train
14192,train
14193,train
14194,train
14195,train
14196,train
14197,train
14198,test
14199,test
14200,train
14201,train
14202,train
14203,validation
14204,train
14205,train
14206,train
14207,train
14208,train
14209,train
14210,test
14211,train
14212,train
14213,train
14214,train
14215,validation
14216,train
14217,train
14218,train
14219,train
14220,train
14221,train
14222,train
14223,test
14224,validation
14225,train
14226,train
14227,train
14228,train
14229,train
14230,train
14231,train
14232,train
14233,train
14234,train
14235,train
14236,train
14237,train
14238,train
14239,train
14240,train
14241,test
14242,train
14243,train
14244,train
14245,train
14246,train
14247,train
14248,train
14249,train
14250,train
14251,train
14252,train
14253,train
14254,train
14255,test
14256,test
14257,validation
14258,train
14259,test
14260,test
14261,train
14262,train
14263,train
14264,train
14265,test
14266,test
14267,test
14268,train
14269,train
14270,train
14271,train
14272,validation
14273,validation
14274,train
14275,validation
14276,train
14277,train
14278,train
14279,train
14280,train
14281,train
14282,test
14283,train
14284,train
14285,validation
14286,train
14287,train
14288,train
14289,train
14290,validation
14291,train
14292,train
14293,train
14294,validation
14295,validation
14296,validation
14297,train
14298,train
14299,train
14300,train
14301,train
14302,train
14303,train
14304,train
14305,train
14306,test
14307,train
14308,train
14309,train
14310,train
14311,train
14312,train
14313,train
14314,test
14315,train
14316,test
14317,train
14318,train
14319,train
14320,train
14321,train
14322,train
14323,train
14324,test
14325,train
14326,test
14327,train
14328,validation
14329,train
14330,train
14331,train
14332,test
14333,train
14334,train
14335,train
14336,test
14337,train
14338,train
14339,train
14340,test
14341,test
14342,train
14343,validation
14344,validation
14345,train
14346,train
14347,train
14348,train
14349,train
14350,train
14351,train
14352,train
14353,train
14354,test
14355,train
14356,train
14357,train
14358,test
14359,train
14360,train
14361,train
14362,train
14363,train
14364,train
14365,train
14366,train
14367,train
14368,train
14369,train
14370,train
14371,train
14372,train
14373,train
14374,validation
14375,test
14376,train
14377,train
14378,train
14379,train
14380,train
14381,train
14382,train
14383,train
14384,train
14385,train
14386,train
14387,train
14388,train
14389,train
14390,train
14391,validation
14392,train
14393,train
14394,train
14395,train
14396,train
14397,train
14398,test
14399,train
14400,train
14401,train
14402,train
14403,test
14404,test
14405,train
14406,train
14407,train
14408,train
14409,train
14410,train
14411,train
14412,train
14413,train
14414,train
14415,validation
14416,test
14417,test
14418,train
14419,train
14420,train
14421,train
14422,train
14423,train
14424,train
14425,train
14426,train
14427,train
14428,train
14429,train
14430,train
14431,train
14432,train
14433,train
14434,train
14435,train
14436,train
14437,train
14438,train
14439,train
14440,train
14441,validation
14442,train
14443,test
14444,train
14445,train
14446,train
14447,train
14448,train
14449,train
14450,train
14451,train
14452,train
14453,train
14454,train
14455,validation
14456,test
14457,train
14458,train
14459,train
14460,train
14461,train
14462,validation
14463,train
14464,train
14465,train
14466,train
14467,train
14468,train
14469,train
14470,train
14471,test
14472,train
14473,train
14474,validation
14475,train
14476,train
14477,train
14478,train
14479,train
14480,train
14481,train
14482,train
14483,train
14484,train
14485,train
14486,train
14487,train
14488,train
14489,test
14490,train
14491,train
14492,test
14493,train
14494,train
14495,train
14496,train
14497,train
14498,train
14499,train
14500,train
14501,train
14502,train
14503,train
14504,validation
14505,train
14506,train
14507,train
14508,train
14509,train
14510,validation
14511,train
14512,validation
14513,train
14514,train
14515,train
14516,train
14517,train
14518,train
14519,test
14520,test
14521,train
14522,train
14523,train
14524,train
14525,train
14526,train
14527,train
14528,validation
14529,train
14530,train
14531,train
14532,train
14533,train
14534,validation
14535,train
14536,test
14537,train
14538,train
14539,test
14540,train
14541,train
14542,train
14543,train
14544,train
14545,validation
14546,train
14547,train
14548,train
14549,train
14550,train
14551,train
14552,train
14553,test
14554,train
14555,train
14556,train
14557,train
14558,train
14559,train
14560,train
14561,train
14562,validation
14563,train
14564,train
14565,train
14566,train
14567,train
14568,train
14569,train
14570,train
14571,train
14572,train
14573,train
14574,train
14575,train
14576,train
14577,train
14578,train
14579,test
14580,train
14581,train
14582,train
14583,train
14584,train
14585,train
14586,train
14587,train
14588,train
14589,train
14590,train
14591,train
14592,train
14593,train
14594,train
14595,train
14596,train
14597,train
14598,train
14599,train
14600,train
14601,train
14602,train
14603,train
14604,train
14605,test
14606,train
14607,train
14608,validation
14609,train
14610,train
14611,train
14612,train
14613,train
14614,train
14615,train
14616,train
14617,train
14618,train
14619,validation
14620,validation
14621,validation
14622,train
14623,train
14624,train
14625,test
14626,train
14627,train
14628,train
14629,train
14630,train
14631,train
14632,train
14633,test
14634,train
14635,train
14636,train
14637,train
14638,train
14639,test
14640,train
14641,validation
14642,train
14643,train
14644,train
14645,train
14646,train
14647,test
14648,validation
14649,train
14650,train
14651,train
14652,train
14653,train
14654,train
14655,train
14656,train
14657,train
14658,train
14659,train
14660,train
14661,train
14662,train
14663,train
14664,train
14665,train
14666,train
14667,train
14668,train
14669,train
14670,test
14671,train
14672,train
14673,train
14674,train
14675,train
14676,train
14677,train
14678,validation
14679,train
14680,train
14681,train
14682,train
14683,train
14684,test
14685,train
14686,train
14687,train
14688,train
14689,train
14690,train
14691,train
14692,train
14693,train
14694,train
14695,validation
14696,train
14697,train
14698,train
14699,validation
14700,train
14701,train
14702,train
14703,train
14704,train
14705,validation
14706,test
14707,validation
14708,train
14709,train
14710,train
14711,train
14712,train
14713,train
14714,test
14715,train
14716,train
14717,train
14718,train
14719,validation
14720,train
14721,train
14722,train
14723,test
14724,train
14725,train
14726,test
14727,train
14728,train
14729,train
14730,test
14731,train
14732,validation
14733,train
14734,train
14735,train
14736,train
14737,train
14738,train
14739,test
14740,train
14741,train
14742,train
14743,test
14744,train
14745,train
14746,validation
14747,train
14748,train
14749,test
14750,train
14751,train
14752,test
14753,train
14754,train
14755,train
14756,train
14757,train
14758,validation
14759,validation
14760,train
14761,train
14762,validation
14763,train
14764,train
14765,train
14766,train
14767,train
14768,train
14769,train
14770,train
14771,test
14772,test
14773,train
14774,train
14775,train
14776,train
14777,train
14778,train
14779,train
14780,test
14781,train
14782,train
14783,train
14784,test
14785,train
14786,train
14787,test
14788,train
14789,train
14790,train
14791,train
14792,train
14793,train
14794,train
14795,train
14796,test
14797,train
14798,validation
14799,validation
14800,train
14801,train
14802,train
14803,train
14804,train
14805,train
14806,train
14807,train
14808,test
14809,train
14810,train
14811,train
14812,validation
14813,validation
14814,train
14815,train
14816,train
14817,train
14818,train
14819,train
14820,train
14821,train
14822,train
14823,train
14824,train
14825,train
14826,train
14827,train
14828,train
14829,test
14830,train
14831,train
14832,validation
14833,train
14834,train
14835,train
14836,test
14837,train
14838,train
14839,validation
14840,validation
14841,train
14842,train
14843,train
14844,train
14845,train
14846,train
14847,train
14848,train
14849,train
14850,train
14851,train
14852,train
14853,test
14854,train
14855,train
14856,train
14857,test
14858,train
14859,train
14860,train
14861,train
14862,validation
14863,test
14864,train
14865,train
14866,train
14867,train
14868,train
14869,train
14870,train
14871,test
14872,train
14873,test
14874,train
14875,validation
14876,train
14877,train
14878,train
14879,train
14880,train
14881,validation
14882,test
14883,train
14884,train
14885,validation
14886,train
14887,test
14888,train
14889,test
14890,train
14891,train
14892,train
14893,train
14894,train
14895,train
14896,train
14897,train
14898,test
14899,validation
14900,train
14901,train
14902,train
14903,validation
14904,test
14905,train
14906,validation
14907,train
14908,train
14909,train
14910,train
14911,train
14912,train
14913,train
14914,train
14915,train
14916,train
14917,train
14918,train
14919,train
14920,train
14921,test
14922,test
14923,train
14924,train
14925,train
14926,validation
14927,train
14928,train
14929,train
14930,train
14931,train
14932,train
14933,train
14934,train
14935,train
14936,train
14937,train
14938,test
14939,train
14940,train
14941,train
14942,test
14943,train
14944,train
14945,train
14946,train
14947,train
14948,train
14949,train
14950,validation
14951,validation
14952,train
14953,train
14954,train
14955,train
14956,train
14957,train
14958,train
14959,train
14960,train
14961,train
14962,train
14963,train
14964,train
14965,test
14966,train
14967,test
14968,train
14969,test
14970,train
14971,validation
14972,train
14973,train
14974,train
14975,train
14976,train
14977,validation
14978,train
14979,train
14980,train
14981,train
14982,train
14983,train
14984,train
14985,train
14986,train
14987,train
14988,train
14989,train
14990,train
14991,train
14992,train
14993,train
14994,train
14995,train
14996,train
14997,train
14998,train
14999,train
15000,train
15001,train
15002,train
15003,train
15004,train
15005,test
15006,train
15007,train
15008,train
15009,train
15010,train
15011,train
15012,train
15013,train
15014,train
15015,test
15016,test
15017,train
15018,train
15019,train
15020,train
15021,train
15022,validation
15023,train
15024,validation
15025,train
15026,test
15027,train
15028,train
15029,validation
15030,train
15031,train
15032,train
15033,test
15034,train
15035,train
15036,train
15037,train
15038,train
15039,train
15040,train
15041,train
15042,train
15043,validation
15044,train
15045,train
15046,test
15047,train
15048,train
15049,train
15050,train
15051,validation
15052,validation
15053,train
15054,train
15055,test
15056,validation
15057,test
15058,train
15059,train
15060,test
15061,train
15062,train
15063,train
15064,train
15065,train
15066,train
15067,validation
15068,train
15069,test
15070,train
15071,train
15072,train
15073,train
15074,test
15075,validation
15076,train
15077,train
15078,train
15079,train
15080,train
15081,train
15082,test
15083,train
15084,train
15085,validation
15086,train
15087,train
15088,train
15089,train
15090,test
15091,test
15092,train
15093,train
15094,train
15095,train
15096,train
15097,train
15098,test
15099,train
15100,train
15101,test
15102,train
15103,test
15104,train
15105,test
15106,train
15107,train
15108,train
15109,test
15110,train
15111,train
15112,train
15113,train
15114,train
15115,validation
15116,train
15117,test
15118,train
15119,test
15120,train
15121,validation
15122,train
15123,train
15124,train
15125,train
15126,train
15127,train
15128,validation
15129,train
15130,train
15131,train
15132,train
15133,train
15134,train
15135,train
15136,train
15137,train
15138,train
15139,validation
15140,test
15141,train
15142,train
15143,train
15144,train
15145,train
15146,train
15147,validation
15148,train
15149,train
15150,train
15151,train
15152,train
15153,test
15154,train
15155,train
15156,train
15157,validation
15158,train
15159,train
15160,train
15161,train
15162,train
15163,train
15164,train
15165,train
15166,train
15167,validation
15168,validation
15169,test
15170,test
15171,train
15172,train
15173,train
15174,train
15175,train
15176,validation
15177,train
15178,test
15179,train
15180,validation
15181,train
15182,train
15183,train
15184,test
15185,train
15186,train
15187,validation
15188,train
15189,train
15190,test
15191,train
15192,test
15193,train
15194,validation
15195,test
15196,validation
15197,train
15198,train
15199,train
15200,train
15201,train
15202,validation
15203,train
15204,train
15205,test
15206,train
15207,validation
15208,train
15209,train
15210,train
15211,train
15212,train
15213,train
15214,train
15215,train
15216,train
15217,test
15218,test
15219,train
15220,test
15221,validation
15222,train
15223,train
15224,train
15225,test
15226,train
15227,train
15228,train
15229,validation
15230,train
15231,validation
15232,train
15233,train
15234,train
15235,validation
15236,train
15237,train
15238,train
15239,train
15240,train
15241,validation
15242,validation
15243,train
15244,train
15245,test
15246,train
15247,train
15248,train
15249,train
15250,train
15251,train
15252,test
15253,train
15254,train
15255,test
15256,train
15257,validation
15258,train
15259,test
15260,train
15261,train
15262,validation
15263,train
15264,train
15265,test
15266,train
15267,train
15268,test
15269,train
15270,train
15271,train
15272,train
15273,train
15274,train
15275,train
15276,train
15277,train
15278,train
15279,train
15280,train
15281,train
15282,train
15283,train
15284,train
15285,train
15286,train
15287,validation
15288,train
15289,train
15290,train
15291,train
15292,train
15293,train
15294,train
15295,train
15296,test
15297,train
15298,train
15299,train
15300,train
15301,train
15302,test
15303,train
15304,test
15305,test
15306,train
15307,test
15308,train
15309,train
15310,train
15311,train
15312,validation
15313,train
15314,test
15315,train
15316,train
15317,train
15318,validation
15319,train
15320,train
15321,train
15322,validation
15323,test
15324,train
15325,train
15326,train
15327,train
15328,train
15329,train
15330,train
15331,validation
15332,train
15333,train
15334,validation
15335,validation
15336,train
15337,train
15338,train
15339,train
15340,test
15341,train
15342,test
15343,train
15344,train
15345,train
15346,train
15347,train
15348,train
15349,train
15350,train
15351,test
15352,train
15353,train
15354,train
15355,train
15356,train
15357,test
15358,train
15359,train
15360,train
15361,validation
15362,train
15363,train
15364,train
15365,train
15366,train
15367,train
15368,test
15369,train
15370,test
15371,train
15372,train
15373,validation
15374,train
15375,train
15376,test
15377,train
15378,train
15379,train
15380,train
15381,train
15382,train
15383,train
15384,train
15385,train
15386,test
15387,train
15388,train
15389,train
15390,train
15391,train
15392,test
15393,train
15394,train
15395,test
15396,train
15397,train
15398,train
15399,test
15400,train
15401,train
15402,train
15403,test
15404,test
15405,test
15406,train
15407,train
15408,train
15409,train
15410,train
15411,train
15412,train
15413,test
15414,train
15415,train
15416,train
15417,test
15418,train
15419,train
15420,train
15421,train
15422,train
15423,train
15424,train
15425,train
15426,train
15427,train
15428,validation
15429,train
15430,train
15431,train
15432,train
15433,train
15434,train
15435,train
15436,validation
15437,train
15438,validation
15439,train
15440,validation
15441,train
15442,train
15443,train
15444,train
15445,train
15446,validation
15447,train
15448,train
15449,train
15450,train
15451,train
15452,train
15453,train
15454,validation
15455,test
15456,validation
15457,train
15458,train
15459,train
15460,train
15461,validation
15462,train
15463,train
15464,train
15465,train
15466,train
15467,train
15468,train
15469,train
15470,train
15471,train
15472,train
15473,train
15474,train
15475,validation
15476,train
15477,train
15478,train
15479,train
15480,train
15481,train
15482,test
15483,train
15484,test
15485,train
15486,train
15487,train
15488,train
15489,train
15490,train
15491,train
15492,validation
15493,test
15494,train
15495,train
15496,train
15497,train
15498,test
15499,train
15500,train
15501,train
15502,train
15503,train
15504,test
15505,train
15506,validation
15507,train
15508,train
15509,test
15510,train
15511,train
15512,train
15513,train
15514,validation
15515,train
15516,train
15517,train
15518,train
15519,validation
15520,train
15521,train
15522,train
15523,validation
15524,train
15525,train
15526,train
15527,train
15528,train
15529,train
15530,train
15531,train
15532,train
15533,train
15534,train
15535,train
15536,train
15537,train
15538,train
15539,train
15540,train
15541,train
15542,train
15543,validation
15544,train
15545,train
15546,train
15547,test
15548,validation
15549,train
15550,train
15551,train
15552,validation
15553,train
15554,train
15555,train
15556,validation
15557,train
15558,train
15559,train
15560,test
15561,test
15562,train
15563,train
15564,train
15565,train
15566,train
15567,train
15568,test
15569,train
15570,train
15571,train
15572,train
15573,validation
15574,train
15575,train
15576,train
15577,train
15578,test
15579,train
15580,train
15581,validation
15582,train
15583,test
15584,train
15585,test
15586,train
15587,train
15588,train
15589,train
15590,train
15591,train
15592,train
15593,train
15594,validation
15595,train
15596,train
15597,train
15598,train
15599,train
15600,train
15601,test
15602,train
15603,train
15604,train
15605,train
15606,train
15607,train
15608,test
15609,train
15610,validation
15611,train
15612,train
15613,train
15614,test
15615,train
15616,train
15617,train
15618,train
15619,train
15620,train
15621,train
15622,test
15623,train
15624,train
15625,train
15626,validation
15627,test
15628,train
15629,validation
15630,train
15631,train
15632,validation
15633,train
15634,validation
15635,validation
15636,train
15637,train
15638,train
15639,validation
15640,train
15641,train
15642,train
15643,train
15644,train
15645,train
15646,train
15647,train
15648,train
15649,train
15650,test
15651,train
15652,train
15653,validation
15654,train
15655,train
15656,train
15657,train
15658,train
15659,train
15660,train
15661,train
15662,train
15663,train
15664,validation
15665,validation
15666,train
15667,train
15668,train
15669,train
15670,train
15671,train
15672,train
15673,train
15674,train
15675,train
15676,train
15677,test
15678,validation
15679,train
15680,train
15681,train
15682,train
15683,train
15684,train
15685,train
15686,train
15687,train
15688,train
15689,train
15690,test
15691,validation
15692,test
15693,train
15694,train
15695,train
15696,train
15697,validation
15698,train
15699,train
15700,train
15701,train
15702,train
15703,train
15704,test
15705,train
15706,train
15707,train
15708,test
15709,train
15710,validation
15711,train
15712,train
15713,train
15714,test
15715,train
15716,train
15717,train
15718,validation
15719,train
15720,train
15721,train
15722,train
15723,train
15724,validation
15725,train
15726,train
15727,train
15728,validation
15729,test
15730,train
15731,test
15732,train
15733,train
15734,train
15735,train
15736,train
15737,train
15738,train
15739,train
15740,train
15741,train
15742,train
15743,train
15744,train
15745,train
15746,train
15747,train
15748,train
15749,train
15750,train
15751,train
15752,test
15753,test
15754,validation
15755,train
15756,train
15757,train
15758,train
15759,train
15760,train
15761,train
15762,train
15763,validation
15764,train
15765,train
15766,train
15767,train
15768,train
15769,test
15770,train
15771,train
15772,train
15773,validation
15774,train
15775,train
15776,train
15777,train
15778,train
15779,train
15780,train
15781,train
15782,test
15783,train
15784,train
15785,train
15786,train
15787,train
15788,train
15789,train
15790,test
15791,train
15792,train
15793,train
15794,train
15795,train
15796,test
15797,validation
15798,train
15799,train
15800,train
15801,train
15802,train
15803,train
15804,test
15805,test
15806,test
15807,train
15808,test
15809,test
15810,validation
15811,train
15812,train
15813,validation
15814,train
15815,train
15816,train
15817,train
15818,train
15819,train
15820,validation
15821,train
15822,train
15823,train
15824,train
15825,test
15826,train
15827,train
15828,train
15829,train
15830,train
15831,train
15832,test
15833,train
15834,train
15835,train
15836,train
15837,validation
15838,train
15839,train
15840,train
15841,train
15842,train
15843,validation
15844,train
15845,train
15846,train
15847,train
15848,train
15849,train
15850,train
15851,train
15852,train
15853,train
15854,train
15855,train
15856,train
15857,validation
15858,validation
15859,train
15860,train
15861,train
15862,train
15863,test
15864,train
15865,validation
15866,train
15867,train
15868,train
15869,train
15870,train
15871,train
15872,train
15873,train
15874,train
15875,test
15876,train
15877,test
15878,train
15879,train
15880,test
15881,train
15882,train
15883,train
15884,train
15885,validation
15886,train
15887,validation
15888,train
15889,train
15890,train
15891,validation
15892,validation
15893,train
15894,train
15895,test
15896,train
15897,train
15898,train
15899,validation
15900,train
15901,train
15902,train
15903,validation
15904,train
15905,train
15906,test
15907,train
15908,validation
15909,validation
15910,train
15911,train
15912,train
15913,train
15914,test
15915,train
15916,train
15917,train
15918,train
15919,train
15920,train
15921,train
15922,train
15923,train
15924,train
15925,test
15926,train
15927,train
15928,train
15929,train
15930,train
15931,validation
15932,train
15933,train
15934,train
15935,train
15936,train
15937,test
15938,train
15939,train
15940,train
15941,train
15942,train
15943,train
15944,train
15945,train
15946,train
15947,train
15948,train
15949,train
15950,train
15951,train
15952,train
15953,validation
15954,train
15955,train
15956,train
15957,test
15958,train
15959,train
15960,validation
15961,train
15962,train
15963,train
15964,train
15965,train
15966,test
15967,train
15968,validation
15969,train
15970,train
15971,validation
15972,train
15973,train
15974,train
15975,train
15976,train
15977,test
15978,train
15979,train
15980,train
15981,train
15982,train
15983,train
15984,train
15985,train
15986,train
15987,test
15988,train
15989,train
15990,train
15991,train
15992,train
15993,train
15994,train
15995,train
15996,train
15997,test
15998,train
15999,train
16000,validation
16001,train
16002,train
16003,train
16004,train
16005,validation
16006,test
16007,train
16008,train
16009,train
16010,train
16011,train
16012,validation
16013,train
16014,train
16015,train
16016,train
16017,train
16018,train
16019,train
16020,train
16021,train
16022,train
16023,train
16024,train
16025,train
16026,train
16027,train
16028,train
16029,train
16030,train
16031,train
16032,train
16033,train
16034,test
16035,train
16036,test
16037,train
16038,train
16039,train
16040,train
16041,train
16042,train
16043,train
16044,train
16045,test
16046,train
16047,train
16048,train
16049,train
16050,train
16051,train
16052,train
16053,validation
16054,train
16055,train
16056,train
16057,validation
16058,train
16059,train
16060,train
16061,test
16062,validation
16063,train
16064,test
16065,train
16066,train
16067,train
16068,train
16069,train
16070,train
16071,train
16072,train
16073,train
16074,train
16075,train
16076,train
16077,train
16078,validation
16079,test
16080,train
16081,train
16082,validation
16083,test
16084,train
16085,train
16086,train
16087,train
16088,train
16089,train
16090,test
16091,train
16092,train
16093,train
16094,train
16095,validation
16096,train
16097,train
16098,test
16099,train
16100,test
16101,train
16102,train
16103,train
16104,test
16105,train
16106,test
16107,test
16108,train
16109,train
16110,validation
16111,train
16112,train
16113,train
16114,train
16115,train
16116,train
16117,train
16118,train
16119,train
16120,train
16121,train
16122,train
16123,train
16124,train
16125,train
16126,train
16127,test
16128,train
16129,train
16130,test
16131,train
16132,train
16133,train
16134,train
16135,train
16136,train
16137,train
16138,train
16139,train
16140,train
16141,validation
16142,validation
16143,train
16144,test
16145,train
16146,train
16147,train
16148,test
16149,train
16150,train
16151,train
16152,train
16153,train
16154,train
16155,train
16156,test
16157,train
16158,train
16159,validation
16160,test
16161,train
16162,train
16163,test
16164,validation
16165,train
16166,train
16167,train
16168,train
16169,train
16170,train
16171,train
16172,train
16173,validation
16174,validation
16175,train
16176,train
16177,test
16178,train
16179,validation
16180,train
16181,validation
16182,train
16183,train
16184,train
16185,train
16186,train
16187,train
16188,test
16189,train
16190,train
16191,train
16192,train
16193,test
16194,validation
16195,test
16196,test
16197,train
16198,train
16199,train
16200,train
16201,train
16202,train
16203,train
16204,train
16205,train
16206,train
16207,test
16208,train
16209,test
16210,train
16211,train
16212,train
16213,train
16214,train
16215,train
16216,validation
16217,validation
16218,train
16219,validation
16220,train
16221,train
16222,test
16223,train
16224,train
16225,validation
16226,train
16227,train
16228,train
16229,train
16230,train
16231,train
16232,validation
16233,train
16234,test
16235,validation
16236,train
16237,train
16238,train
16239,test
16240,train
16241,train
16242,train
16243,validation
16244,validation
16245,test
16246,train
16247,train
16248,train
16249,train
16250,validation
16251,train
16252,train
16253,train
16254,train
16255,validation
16256,train
16257,train
16258,train
16259,train
16260,test
16261,train
16262,train
16263,train
16264,train
16265,train
16266,train
16267,test
16268,train
16269,train
16270,validation
16271,train
16272,train
16273,train
16274,train
16275,train
16276,test
16277,train
16278,train
16279,test
16280,test
16281,train
16282,train
16283,train
16284,train
16285,train
16286,train
16287,test
16288,train
16289,train
16290,train
16291,train
16292,train
16293,test
16294,train
16295,train
16296,validation
16297,train
16298,train
16299,train
16300,train
16301,train
16302,train
16303,train
16304,train
16305,train
16306,train
16307,train
16308,validation
16309,validation
16310,train
16311,train
16312,train
16313,train
16314,train
16315,test
16316,validation
16317,train
16318,train
16319,train
16320,train
16321,train
16322,train
16323,validation
16324,validation
16325,train
16326,train
16327,train
16328,train
16329,train
16330,train
16331,validation
16332,train
16333,train
16334,train
16335,train
16336,train
16337,train
16338,train
16339,validation
16340,train
16341,train
16342,train
16343,train
16344,train
16345,train
16346,train
16347,train
16348,train
16349,test
16350,train
16351,train
16352,validation
16353,validation
16354,train
16355,train
16356,train
16357,train
16358,validation
16359,train
16360,train
16361,train
16362,test
16363,train
16364,train
16365,test
16366,train
16367,train
16368,test
16369,test
16370,train
16371,train
16372,train
16373,train
16374,train
16375,train
16376,train
16377,train
16378,train
16379,test
16380,train
16381,train
16382,validation
16383,train
16384,train
16385,train
16386,train
16387,train
16388,train
16389,validation
16390,train
16391,train
16392,validation
16393,train
16394,train
16395,test
16396,train
16397,validation
16398,train
16399,test
16400,test
16401,train
16402,train
16403,test
16404,train
16405,test
16406,train
16407,test
16408,train
16409,train
16410,train
16411,train
16412,test
16413,train
16414,train
16415,train
16416,train
16417,train
16418,train
16419,train
16420,train
16421,validation
16422,train
16423,train
16424,train
16425,test
16426,test
16427,train
16428,train
16429,train
16430,train
16431,train
16432,train
16433,train
16434,train
16435,train
16436,train
16437,train
16438,train
16439,train
16440,train
16441,train
16442,train
16443,train
16444,train
16445,train
16446,train
16447,train
16448,train
16449,train
16450,test
16451,train
16452,validation
16453,train
16454,train
16455,train
16456,train
16457,train
16458,train
16459,train
16460,train
16461,train
16462,train
16463,train
16464,train
16465,train
16466,train
16467,validation
16468,validation
16469,validation
16470,train
16471,validation
16472,train
16473,train
16474,train
16475,train
16476,train
16477,train
16478,validation
16479,train
16480,train
16481,train
16482,validation
16483,train
16484,train
16485,train
16486,train
16487,train
16488,train
16489,train
16490,test
16491,train
16492,train
16493,train
16494,train
16495,train
16496,train
16497,train
16498,train
16499,train
16500,train
16501,train
16502,train
16503,train
16504,train
16505,train
16506,train
16507,train
16508,train
16509,validation
16510,train
16511,train
16512,train
16513,train
16514,train
16515,train
16516,train
16517,train
16518,train
16519,train
16520,validation
16521,train
16522,test
16523,train
16524,train
16525,train
16526,validation
16527,train
16528,train
16529,train
16530,train
16531,test
16532,train
16533,train
16534,train
16535,train
16536,validation
16537,train
16538,test
16539,validation
16540,train
16541,train
16542,train
16543,train
16544,train
16545,train
16546,train
16547,train
16548,train
16549,validation
16550,train
16551,test
16552,train
16553,validation
16554,train
16555,train
16556,train
16557,train
16558,train
16559,train
16560,train
16561,validation
16562,train
16563,train
16564,train
16565,validation
16566,train
16567,train
16568,train
16569,train
16570,train
16571,test
16572,train
16573,train
16574,train
16575,train
16576,train
16577,test
16578,validation
16579,train
16580,validation
16581,train
16582,train
16583,train
16584,train
16585,train
16586,train
16587,train
16588,test
16589,test
16590,train
16591,train
16592,train
16593,train
16594,train
16595,train
16596,train
16597,train
16598,train
16599,train
16600,train
16601,train
16602,train
16603,test
16604,train
16605,train
16606,train
16607,train
16608,validation
16609,train
16610,train
16611,test
16612,train
16613,train
16614,test
16615,train
16616,train
16617,train
16618,train
16619,train
16620,train
16621,train
16622,train
16623,train
16624,test
16625,train
16626,test
16627,train
16628,train
16629,train
16630,train
16631,train
16632,train
16633,train
16634,train
16635,train
16636,train
16637,train
16638,train
16639,train
16640,train
16641,train
16642,train
16643,train
16644,test
16645,train
16646,train
16647,train
16648,train
16649,train
16650,train
16651,train
16652,validation
16653,train
16654,test
16655,test
16656,train
16657,validation
16658,test
16659,train
16660,train
16661,validation
16662,train
16663,train
16664,test
16665,train
16666,train
16667,train
16668,validation
16669,train
16670,test
16671,train
16672,train
16673,train
16674,train
16675,train
16676,train
16677,train
16678,validation
16679,train
16680,train
16681,train
16682,train
16683,train
16684,train
16685,train
16686,train
16687,train
16688,train
16689,train
16690,train
16691,train
16692,validation
16693,train
16694,train
16695,train
16696,train
16697,train
16698,train
16699,train
16700,train
16701,test
16702,train
16703,train
16704,train
16705,train
16706,validation
16707,validation
16708,train
16709,train
16710,train
16711,train
16712,validation
16713,train
16714,train
16715,test
16716,train
16717,train
16718,validation
16719,train
16720,train
16721,validation
16722,train
16723,train
16724,train
16725,train
16726,train
16727,train
16728,train
16729,test
16730,test
16731,train
16732,train
16733,train
16734,train
16735,train
16736,test
16737,validation
16738,train
16739,train
16740,validation
16741,train
16742,train
16743,validation
16744,validation
16745,train
16746,validation
16747,train
16748,train
16749,train
16750,train
16751,validation
16752,train
16753,train
16754,train
16755,test
16756,train
16757,train
16758,train
16759,train
16760,validation
16761,train
16762,validation
16763,train
16764,train
16765,train
16766,validation
16767,train
16768,train
16769,train
16770,train
16771,validation
16772,train
16773,train
16774,train
16775,train
16776,train
16777,train
16778,validation
16779,train
16780,validation
16781,train
16782,test
16783,train
16784,train
16785,validation
16786,train
16787,train
16788,train
16789,train
16790,test
16791,train
16792,train
16793,train
16794,train
16795,train
16796,train
16797,test
16798,train
16799,test
16800,train
16801,train
16802,test
16803,train
16804,train
16805,train
16806,train
16807,validation
16808,train
16809,validation
16810,train
16811,validation
16812,train
16813,train
16814,train
16815,train
16816,train
16817,train
16818,train
16819,validation
16820,train
16821,validation
16822,train
16823,train
16824,train
16825,train
16826,validation
16827,validation
16828,train
16829,validation
16830,train
16831,train
16832,validation
16833,train
16834,train
16835,train
16836,train
16837,train
16838,train
16839,train
16840,train
16841,test
16842,validation
16843,test
16844,train
16845,train
16846,train
16847,train
16848,train
16849,train
16850,train
16851,train
16852,train
16853,test
16854,train
16855,train
16856,train
16857,train
16858,train
16859,train
16860,train
16861,validation
16862,train
16863,train
16864,validation
16865,train
16866,train
16867,train
16868,train
16869,train
16870,train
16871,train
16872,train
16873,test
16874,test
16875,train
16876,train
16877,train
16878,train
16879,validation
16880,train
16881,validation
16882,train
16883,train
16884,train
16885,train
16886,validation
16887,validation
16888,train
16889,train
16890,test
16891,train
16892,train
16893,train
16894,train
16895,train
16896,train
16897,train
16898,train
16899,test
16900,validation
16901,train
16902,train
16903,train
16904,train
16905,train
16906,train
16907,train
16908,train
16909,train
16910,train
16911,test
16912,train
16913,test
16914,train
16915,validation
16916,train
16917,train
16918,train
16919,train
16920,train
16921,validation
16922,train
16923,train
16924,train
16925,train
16926,train
16927,test
16928,train
16929,validation
16930,train
16931,train
16932,test
16933,train
16934,train
16935,train
16936,test
16937,train
16938,train
16939,train
16940,validation
16941,train
16942,train
16943,train
16944,train
16945,train
16946,test
16947,train
16948,train
16949,train
16950,train
16951,train
16952,train
16953,train
16954,train
16955,train
16956,train
16957,train
16958,validation
16959,train
16960,train
16961,train
16962,train
16963,train
16964,train
16965,test
16966,train
16967,train
16968,train
16969,train
16970,train
16971,train
16972,train
16973,train
16974,train
16975,train
16976,train
16977,train
16978,validation
16979,train
16980,train
16981,train
16982,train
16983,train
16984,validation
16985,validation
16986,train
16987,train
16988,train
16989,train
16990,train
16991,train
16992,train
16993,train
16994,train
16995,train
16996,train
16997,train
16998,train
16999,train
17000,train
17001,train
17002,validation
17003,train
17004,train
17005,train
17006,train
17007,validation
17008,train
17009,train
17010,validation
17011,test
17012,train
17013,train
17014,test
17015,train
17016,train
17017,train
17018,train
17019,validation
17020,train
17021,train
17022,train
17023,train
17024,train
17025,train
17026,train
17027,train
17028,train
17029,train
17030,train
17031,train
17032,train
17033,train
17034,train
17035,train
17036,train
17037,train
17038,train
17039,validation
17040,train
17041,train
17042,validation
17043,train
17044,train
17045,train
17046,train
17047,train
17048,train
17049,train
17050,train
17051,train
17052,train
17053,train
17054,train
17055,train
17056,train
17057,test
17058,train
17059,train
17060,validation
17061,train
17062,train
17063,train
17064,train
17065,train
17066,train
17067,train
17068,train
17069,validation
17070,train
17071,test
17072,train
17073,train
17074,train
17075,validation
17076,train
17077,train
17078,train
17079,train
17080,train
17081,train
17082,train
17083,validation
17084,train
17085,train
17086,train
17087,train
17088,train
17089,train
17090,train
17091,train
17092,train
17093,validation
17094,test
17095,train
17096,train
17097,train
17098,train
17099,test
17100,train
17101,train
17102,validation
17103,train
17104,train
17105,train
17106,train
17107,train
17108,train
17109,train
17110,train
17111,train
17112,train
17113,train
17114,train
17115,train
17116,train
17117,train
17118,validation
17119,train
17120,train
17121,validation
17122,validation
17123,train
17124,train
17125,train
17126,train
17127,train
17128,train
17129,validation
17130,train
17131,train
17132,train
17133,train
17134,train
17135,train
17136,train
17137,test
17138,train
17139,train
17140,test
17141,validation
17142,validation
17143,train
17144,train
17145,train
17146,train
17147,validation
17148,train
17149,train
17150,train
17151,train
17152,train
17153,train
17154,train
17155,train
17156,validation
17157,validation
17158,train
17159,train
17160,train
17161,train
17162,train
17163,test
17164,train
17165,test
17166,validation
17167,train
17168,train
17169,train
17170,train
17171,train
17172,train
17173,train
17174,train
17175,train
17176,train
17177,validation
17178,train
17179,train
17180,train
17181,train
17182,train
17183,train
17184,train
17185,train
17186,train
17187,train
17188,train
17189,train
17190,train
17191,test
17192,train
17193,train
17194,train
17195,train
17196,train
17197,train
17198,train
17199,train
17200,train
17201,train
17202,train
17203,train
17204,test
17205,train
17206,train
17207,train
17208,train
17209,validation
17210,test
17211,train
17212,test
17213,train
17214,test
17215,train
17216,train
17217,train
17218,validation
17219,train
17220,train
17221,train
17222,train
17223,train
17224,validation
17225,train
17226,train
17227,train
17228,train
17229,train
17230,train
17231,train
17232,train
17233,train
17234,train
17235,train
17236,train
17237,validation
17238,test
17239,train
17240,train
17241,train
17242,train
17243,train
17244,test
17245,train
17246,train
17247,train
17248,train
17249,train
17250,train
17251,train
17252,train
17253,train
17254,train
17255,train
17256,train
17257,train
17258,validation
17259,train
17260,train
17261,train
17262,train
17263,train
17264,train
17265,validation
17266,validation
17267,train
17268,train
17269,train
17270,train
17271,train
17272,train
17273,train
17274,train
17275,train
17276,train
17277,train
17278,train
17279,train
17280,train
17281,test
17282,train
17283,train
17284,train
17285,train
17286,train
17287,test
17288,test
17289,train
17290,train
17291,train
17292,train
17293,validation
17294,train
17295,train
17296,train
17297,train
17298,train
17299,validation
17300,train
17301,train
17302,train
17303,test
17304,train
17305,train
17306,train
17307,train
17308,train
17309,train
17310,validation
17311,test
17312,train
17313,train
17314,train
17315,test
17316,test
17317,train
17318,train
17319,train
17320,train
17321,train
17322,train
17323,train
17324,train
17325,train
17326,train
17327,train
17328,validation
17329,train
17330,train
17331,train
17332,test
17333,validation
17334,train
17335,train
17336,validation
17337,train
17338,train
17339,train
17340,train
17341,test
17342,train
17343,train
17344,train
17345,train
17346,train
17347,train
17348,train
17349,train
17350,train
17351,train
17352,train
17353,train
17354,test
17355,train
17356,train
17357,train
17358,train
17359,validation
17360,train
17361,train
17362,train
17363,train
17364,test
17365,train
17366,train
17367,train
17368,train
17369,train
17370,train
17371,train
17372,train
17373,train
17374,train
17375,train
17376,train
17377,train
17378,train
17379,train
17380,train
17381,train
17382,train
17383,train
17384,train
17385,train
17386,train
17387,train
17388,train
17389,train
17390,train
17391,train
17392,train
17393,train
17394,train
17395,train
17396,train
17397,train
17398,train
17399,train
17400,train
17401,train
17402,train
17403,train
17404,train
17405,train
17406,train
17407,train
17408,train
17409,train
17410,train
17411,train
17412,train
17413,test
17414,train
17415,train
17416,train
17417,test
17418,train
17419,train
17420,train
17421,test
17422,train
17423,train
17424,train
17425,train
17426,train
17427,validation
17428,train
17429,train
17430,test
17431,train
17432,test
17433,train
17434,train
17435,train
17436,train
17437,train
17438,train
17439,train
17440,train
17441,test
17442,train
17443,train
17444,train
17445,validation
17446,train
17447,train
17448,train
17449,train
17450,train
17451,train
17452,train
17453,train
17454,train
17455,train
17456,train
17457,train
17458,train
17459,test
17460,train
17461,train
17462,train
17463,test
17464,train
17465,test
17466,validation
17467,test
17468,test
17469,test
17470,test
17471,train
17472,train
17473,train
17474,validation
17475,train
17476,train
17477,train
17478,validation
17479,train
17480,validation
17481,validation
17482,validation
17483,train
17484,train
17485,train
17486,train
17487,train
17488,validation
17489,train
17490,train
17491,train
17492,train
17493,train
17494,train
17495,test
17496,train
17497,train
17498,train
17499,train
17500,train
17501,train
17502,train
17503,validation
17504,train
17505,train
17506,validation
17507,train
17508,train
17509,train
17510,train
17511,train
17512,train
17513,train
17514,train
17515,train
17516,train
17517,train
17518,train
17519,validation
17520,train
17521,train
17522,train
17523,train
17524,train
17525,train
17526,train
17527,test
17528,train
17529,train
17530,train
17531,train
17532,train
17533,test
17534,train
17535,train
17536,train
17537,train
17538,train
17539,train
17540,train
17541,train
17542,train
17543,train
17544,train
17545,train
17546,train
17547,train
17548,train
17549,train
17550,train
17551,validation
17552,train
17553,train
17554,train
17555,train
17556,train
17557,train
17558,train
17559,train
17560,validation
17561,train
17562,train
17563,train
17564,train
17565,train
17566,train
17567,train
17568,test
17569,train
17570,test
17571,train
17572,train
17573,train
17574,train
17575,train
17576,validation
17577,train
17578,validation
17579,train
17580,train
17581,train
17582,train
17583,train
17584,train
17585,train
17586,train
17587,train
17588,train
17589,train
17590,train
17591,train
17592,train
17593,validation
17594,train
17595,test
17596,train
17597,test
17598,train
17599,train
17600,train
17601,train
17602,train
17603,train
17604,train
17605,validation
17606,train
17607,train
17608,validation
17609,train
17610,train
17611,train
17612,train
17613,train
17614,train
17615,validation
17616,validation
17617,train
17618,train
17619,validation
17620,train
17621,train
17622,train
17623,train
17624,validation
17625,train
17626,train
17627,train
17628,train
17629,train
17630,validation
17631,train
17632,train
17633,train
17634,train
17635,train
17636,train
17637,train
17638,train
17639,train
17640,train
17641,train
17642,train
17643,train
17644,train
17645,train
17646,validation
17647,train
17648,train
17649,train
17650,train
17651,train
17652,train
17653,train
17654,train
17655,train
17656,train
17657,train
17658,test
17659,test
17660,train
17661,test
17662,validation
17663,train
17664,train
17665,test
17666,validation
17667,train
17668,train
17669,train
17670,train
17671,train
17672,validation
17673,train
17674,validation
17675,train
17676,train
17677,train
17678,train
17679,validation
17680,train
17681,train
17682,train
17683,test
17684,train
17685,train
17686,train
17687,train
17688,train
17689,train
17690,train
17691,train
17692,train
17693,train
17694,train
17695,train
17696,train
17697,train
17698,test
17699,train
17700,test
17701,test
17702,train
17703,train
17704,train
17705,train
17706,train
17707,train
17708,train
17709,train
17710,train
17711,train
17712,train
17713,train
17714,train
17715,train
17716,train
17717,train
17718,train
17719,train
17720,train
17721,train
17722,test
17723,train
17724,train
17725,validation
17726,train
17727,train
17728,train
17729,train
17730,train
17731,test
17732,train
17733,test
17734,train
17735,train
17736,train
17737,validation
17738,train
17739,train
17740,train
17741,train
17742,train
17743,train
17744,test
17745,train
17746,train
17747,train
17748,train
17749,train
17750,train
17751,test
17752,validation
17753,train
17754,train
17755,test
17756,validation
17757,train
17758,validation
17759,train
17760,train
17761,train
17762,validation
17763,train
17764,train
17765,train
17766,train
17767,validation
17768,train
17769,train
17770,train
17771,train
17772,train
17773,validation
17774,validation
17775,train
17776,train
17777,train
17778,train
17779,train
17780,train
17781,train
17782,train
17783,train
17784,train
17785,train
17786,train
17787,test
17788,validation
17789,train
17790,test
17791,train
17792,train
17793,train
17794,train
17795,train
17796,validation
17797,train
17798,train
17799,train
17800,train
17801,train
17802,train
17803,test
17804,train
17805,train
17806,train
17807,train
17808,train
17809,train
17810,train
17811,validation
17812,test
17813,train
17814,validation
17815,train
17816,train
17817,train
17818,train
17819,train
17820,train
17821,train
17822,train
17823,train
17824,train
17825,train
17826,train
17827,validation
17828,train
17829,validation
17830,validation
17831,train
17832,train
17833,train
17834,train
17835,train
17836,train
17837,train
17838,train
17839,train
17840,train
17841,validation
17842,train
17843,train
17844,train
17845,train
17846,train
17847,validation
17848,test
17849,train
17850,train
17851,train
17852,validation
17853,train
17854,train
17855,train
17856,test
17857,train
17858,test
17859,validation
17860,validation
17861,train
17862,test
17863,test
17864,train
17865,validation
17866,validation
17867,train
17868,train
17869,validation
17870,train
17871,test
17872,train
17873,train
17874,train
17875,train
17876,test
17877,train
17878,train
17879,train
17880,test
17881,train
17882,train
17883,train
17884,train
17885,train
17886,train
17887,train
17888,train
17889,train
17890,validation
17891,train
17892,train
17893,train
17894,train
17895,train
17896,train
17897,train
17898,train
17899,train
17900,test
17901,train
17902,train
17903,train
17904,train
17905,train
17906,train
17907,train
17908,validation
17909,train
17910,train
17911,train
17912,train
17913,train
17914,test
17915,validation
17916,train
17917,train
17918,test
17919,test
17920,train
17921,train
17922,train
17923,test
17924,train
17925,train
17926,test
17927,train
17928,train
17929,train
17930,train
17931,test
17932,train
17933,train
17934,train
17935,train
17936,train
17937,train
17938,train
17939,train
17940,train
17941,train
17942,train
17943,train
17944,train
17945,train
17946,train
17947,train
17948,train
17949,test
17950,train
17951,validation
17952,train
17953,train
17954,train
17955,train
17956,train
17957,train
17958,train
17959,train
17960,train
17961,train
17962,train
17963,train
17964,test
17965,train
17966,train
17967,train
17968,train
17969,train
17970,train
17971,train
17972,train
17973,train
17974,test
17975,test
17976,test
17977,train
17978,train
17979,test
17980,train
17981,validation
17982,train
17983,train
17984,train
17985,train
17986,train
17987,train
17988,validation
17989,train
17990,validation
17991,test
17992,train
17993,train
17994,validation
17995,train
17996,train
17997,train
17998,validation
17999,train
18000,train
18001,train
18002,train
18003,train
18004,train
18005,train
18006,train
18007,train
18008,validation
18009,train
18010,train
18011,train
18012,train
18013,train
18014,train
18015,test
18016,train
18017,train
18018,validation
18019,test
18020,train
18021,test
18022,train
18023,train
18024,train
18025,train
18026,validation
18027,test
18028,train
18029,train
18030,train
18031,train
18032,train
18033,test
18034,test
18035,train
18036,train
18037,train
18038,train
18039,test
18040,validation
18041,train
18042,train
18043,train
18044,train
18045,train
18046,train
18047,validation
18048,test
18049,train
18050,train
18051,train
18052,train
18053,train
18054,train
18055,train
18056,train
18057,test
18058,train
18059,validation
18060,train
18061,train
18062,train
18063,train
18064,train
18065,train
18066,train
18067,train
18068,validation
18069,test
18070,test
18071,train
18072,train
18073,train
18074,train
18075,test
18076,train
18077,train
18078,train
18079,test
18080,train
18081,test
18082,train
18083,train
18084,train
18085,train
18086,validation
18087,test
18088,train
18089,train
18090,test
18091,test
18092,train
18093,test
18094,test
18095,train
18096,train
18097,train
18098,train
18099,train
18100,train
18101,train
18102,train
18103,train
18104,train
18105,train
18106,test
18107,test
18108,train
18109,train
18110,train
18111,train
18112,train
18113,train
18114,validation
18115,train
18116,train
18117,test
18118,train
18119,train
18120,train
18121,train
18122,test
18123,train
18124,validation
18125,train
18126,train
18127,train
18128,train
18129,test
18130,train
18131,train
18132,train
18133,train
18134,train
18135,train
18136,validation
18137,test
18138,train
18139,train
18140,train
18141,train
18142,train
18143,train
18144,train
18145,train
18146,train
18147,train
18148,train
18149,train
18150,train
18151,validation
18152,train
18153,train
18154,test
18155,train
18156,train
18157,train
18158,test
18159,train
18160,test
18161,train
18162,train
18163,train
18164,train
18165,test
18166,train
18167,train
18168,train
18169,train
18170,train
18171,train
18172,train
18173,train
18174,train
18175,train
18176,validation
18177,train
18178,train
18179,train
18180,train
18181,train
18182,train
18183,train
18184,test
18185,train
18186,validation
18187,train
18188,test
18189,train
18190,validation
18191,test
18192,train
18193,train
18194,train
18195,validation
18196,train
18197,train
18198,train
18199,test
18200,train
18201,train
18202,train
18203,train
18204,train
18205,test
18206,validation
18207,validation
18208,train
18209,train
18210,test
18211,train
18212,train
18213,train
18214,train
18215,train
18216,train
18217,train
18218,train
18219,test
18220,train
18221,validation
18222,train
18223,validation
18224,train
18225,train
18226,train
18227,test
18228,train
18229,train
18230,train
18231,test
18232,train
18233,train
18234,train
18235,test
18236,train
18237,train
18238,train
18239,train
18240,train
18241,train
18242,train
18243,train
18244,train
18245,train
18246,validation
18247,train
18248,train
18249,train
18250,train
18251,train
18252,test
18253,test
18254,train
18255,train
18256,validation
18257,validation
18258,test
18259,train
18260,train
18261,test
18262,train
18263,train
18264,train
18265,train
18266,train
18267,train
18268,train
18269,train
18270,train
18271,train
18272,train
18273,train
18274,train
18275,train
18276,train
18277,validation
18278,train
18279,train
18280,train
18281,test
18282,validation
18283,train
18284,train
18285,train
18286,test
18287,train
18288,train
18289,train
18290,train
18291,train
18292,train
18293,train
18294,train
18295,train
18296,train
18297,train
18298,train
18299,train
18300,train
18301,validation
18302,train
18303,train
18304,train
18305,train
18306,test
18307,test
18308,test
18309,train
18310,train
18311,train
18312,train
18313,validation
18314,train
18315,test
18316,train
18317,train
18318,train
18319,train
18320,test
18321,train
18322,train
18323,validation
18324,train
18325,train
18326,train
18327,train
18328,train
18329,train
18330,validation
18331,test
18332,validation
18333,train
18334,train
18335,train
18336,validation
18337,train
18338,train
18339,validation
18340,train
18341,train
18342,train
18343,train
18344,train
18345,train
18346,train
18347,test
18348,train
18349,train
18350,train
18351,validation
18352,train
18353,train
18354,validation
18355,test
18356,train
18357,train
18358,train
18359,train
18360,train
18361,train
18362,train
18363,train
18364,train
18365,train
18366,test
18367,validation
18368,test
18369,train
18370,train
18371,train
18372,train
18373,validation
18374,train
18375,train
18376,train
18377,train
18378,train
18379,train
18380,train
18381,train
18382,train
18383,train
18384,validation
18385,train
18386,validation
18387,train
18388,train
18389,train
18390,test
18391,train
18392,train
18393,train
18394,train
18395,train
18396,train
18397,train
18398,train
18399,train
18400,train
18401,train
18402,train
18403,train
18404,test
18405,train
18406,train
18407,train
18408,train
18409,validation
18410,train
18411,train
18412,train
18413,train
18414,train
18415,train
18416,train
18417,train
18418,train
18419,validation
18420,train
18421,train
18422,train
18423,train
18424,train
18425,train
18426,train
18427,train
18428,test
18429,train
18430,train
18431,train
18432,train
18433,train
18434,train
18435,train
18436,train
18437,train
18438,train
18439,train
18440,train
18441,train
18442,train
18443,train
18444,train
18445,validation
18446,train
18447,train
18448,train
18449,train
18450,test
18451,train
18452,train
18453,train
18454,train
18455,train
18456,train
18457,train
18458,train
18459,train
18460,test
18461,train
18462,train
18463,train
18464,train
18465,train
18466,train
18467,train
18468,validation
18469,train
18470,test
18471,train
18472,validation
18473,train
18474,train
18475,validation
18476,train
18477,validation
18478,train
18479,train
18480,train
18481,train
18482,validation
18483,train
18484,train
18485,train
18486,train
18487,validation
18488,train
18489,train
18490,validation
18491,test
18492,train
18493,train
18494,train
18495,train
18496,train
18497,train
18498,train
18499,test
18500,validation
18501,train
18502,train
18503,train
18504,validation
18505,train
18506,train
18507,validation
18508,train
18509,train
18510,train
18511,validation
18512,train
18513,train
18514,train
18515,train
18516,train
18517,test
18518,train
18519,train
18520,train
18521,train
18522,train
18523,train
18524,train
18525,validation
18526,train
18527,train
18528,train
18529,train
18530,validation
18531,train
18532,train
18533,train
18534,train
18535,train
18536,train
18537,train
18538,train
18539,train
18540,train
18541,train
18542,validation
18543,train
18544,train
18545,train
18546,train
18547,train
18548,validation
18549,test
18550,train
18551,train
18552,validation
18553,train
18554,validation
18555,train
18556,train
18557,train
18558,train
18559,train
18560,train
18561,train
18562,train
18563,train
18564,train
18565,train
18566,train
18567,test
18568,train
18569,train
18570,train
18571,validation
18572,train
18573,test
18574,train
18575,train
18576,train
18577,train
18578,train
18579,test
18580,train
18581,train
18582,train
18583,train
18584,train
18585,train
18586,train
18587,train
18588,train
18589,train
18590,train
18591,train
18592,validation
18593,train
18594,test
18595,train
18596,train
18597,train
18598,test
18599,train
18600,train
18601,train
18602,train
18603,train
18604,train
18605,train
18606,validation
18607,train
18608,train
18609,test
18610,train
18611,test
18612,test
18613,train
18614,train
18615,train
18616,train
18617,train
18618,train
18619,train
18620,train
18621,train
18622,train
18623,train
18624,train
18625,train
18626,train
18627,train
18628,train
18629,test
18630,train
18631,train
18632,test
18633,test
18634,test
18635,train
18636,validation
18637,train
18638,train
18639,train
18640,train
18641,train
18642,train
18643,train
18644,test
18645,test
18646,train
18647,validation
18648,train
18649,validation
18650,train
18651,train
18652,validation
18653,train
18654,test
18655,train
18656,train
18657,train
18658,train
18659,train
18660,train
18661,validation
18662,train
18663,validation
18664,train
18665,train
18666,train
18667,train
18668,train
18669,train
18670,train
18671,train
18672,train
18673,train
18674,train
18675,train
18676,train
18677,train
18678,train
18679,train
18680,test
18681,validation
18682,train
18683,train
18684,train
18685,train
18686,train
18687,validation
18688,train
18689,train
18690,train
18691,train
18692,train
18693,train
18694,train
18695,train
18696,train
18697,validation
18698,train
18699,train
18700,train
18701,train
18702,train
18703,validation
18704,train
18705,validation
18706,train
18707,train
18708,train
18709,train
18710,train
18711,train
18712,validation
18713,train
18714,train
18715,train
18716,train
18717,train
18718,train
18719,train
18720,train
18721,train
18722,train
18723,train
18724,train
18725,train
18726,train
18727,train
18728,train
18729,validation
18730,train
18731,train
18732,train
18733,train
18734,train
18735,validation
18736,train
18737,train
18738,train
18739,train
18740,train
18741,validation
18742,train
18743,validation
18744,train
18745,train
18746,test
18747,train
18748,train
18749,validation
18750,train
18751,train
18752,train
18753,train
18754,train
18755,train
18756,train
18757,train
18758,train
18759,test
18760,test
18761,train
18762,train
18763,train
18764,train
18765,validation
18766,train
18767,train
18768,train
18769,train
18770,train
18771,train
18772,train
18773,train
18774,train
18775,train
18776,test
18777,test
18778,validation
18779,validation
18780,train
18781,test
18782,test
18783,train
18784,validation
18785,train
18786,test
18787,train
18788,train
18789,train
18790,train
18791,train
18792,train
18793,test
18794,train
18795,train
18796,train
18797,train
18798,validation
18799,train
18800,train
18801,train
18802,train
18803,train
18804,train
18805,train
18806,train
18807,train
18808,validation
18809,train
18810,train
18811,train
18812,train
18813,train
18814,train
18815,train
18816,train
18817,train
18818,train
18819,train
18820,train
18821,validation
18822,train
18823,train
18824,validation
18825,train
18826,train
18827,train
18828,train
18829,train
18830,train
18831,train
18832,train
18833,test
18834,validation
18835,train
18836,validation
18837,train
18838,validation
18839,test
18840,train
18841,train
18842,train
18843,train
18844,train
18845,train
18846,train
18847,train
18848,train
18849,train
18850,train
18851,train
18852,train
18853,train
18854,train
18855,train
18856,train
18857,train
18858,validation
18859,train
18860,train
18861,train
18862,train
18863,train
18864,train
18865,train
18866,train
18867,train
18868,train
18869,train
18870,train
18871,train
18872,train
18873,train
18874,test
18875,train
18876,train
18877,train
18878,train
18879,train
18880,train
18881,train
18882,train
18883,train
18884,train
18885,train
18886,train
18887,validation
18888,train
18889,train
18890,validation
18891,train
18892,validation
18893,train
18894,train
18895,train
18896,test
18897,validation
18898,validation
18899,train
18900,test
18901,train
18902,validation
18903,train
18904,train
18905,train
18906,train
18907,train
18908,train
18909,train
18910,train
18911,train
18912,train
18913,test
18914,train
18915,train
18916,test
18917,train
18918,test
18919,train
18920,test
18921,train
18922,train
18923,train
18924,train
18925,train
18926,validation
18927,train
18928,train
18929,train
18930,train
18931,train
18932,validation
18933,train
18934,train
18935,train
18936,train
18937,test
18938,train
18939,train
18940,train
18941,train
18942,validation
18943,train
18944,validation
18945,validation
18946,train
18947,train
18948,train
18949,train
18950,train
18951,train
18952,train
18953,train
18954,train
18955,train
18956,train
18957,train
18958,train
18959,train
18960,train
18961,validation
18962,train
18963,train
18964,train
18965,validation
18966,train
18967,train
18968,train
18969,train
18970,train
18971,train
18972,train
18973,test
18974,train
18975,train
18976,test
18977,train
18978,train
18979,train
18980,train
18981,train
18982,train
18983,test
18984,train
18985,train
18986,train
18987,train
18988,train
18989,train
18990,train
18991,train
18992,test
18993,train
18994,test
18995,train
18996,validation
18997,train
18998,train
18999,train
19000,train
19001,train
19002,train
19003,train
19004,train
19005,test
19006,train
19007,train
19008,train
19009,test
19010,train
19011,train
19012,train
19013,train
19014,train
19015,train
19016,train
19017,train
19018,train
19019,train
19020,train
19021,validation
19022,train
19023,train
19024,train
19025,train
19026,train
19027,train
19028,train
19029,train
19030,train
19031,train
19032,train
19033,test
19034,validation
19035,train
19036,train
19037,train
19038,test
19039,test
19040,train
19041,train
19042,train
19043,train
19044,test
19045,train
19046,train
19047,validation
19048,validation
19049,train
19050,train
19051,train
19052,test
19053,train
19054,train
19055,validation
19056,train
19057,train
19058,train
19059,train
19060,train
19061,train
19062,train
19063,train
19064,train
19065,train
19066,train
19067,train
19068,train
19069,train
19070,train
19071,train
19072,validation
19073,train
19074,test
19075,validation
19076,validation
19077,train
19078,train
19079,test
19080,train
19081,train
19082,train
19083,train
19084,validation
19085,train
19086,train
19087,train
19088,train
19089,train
19090,train
19091,train
19092,train
19093,train
19094,train
19095,train
19096,train
19097,train
19098,validation
19099,train
19100,train
19101,train
19102,train
19103,test
19104,train
19105,test
19106,train
19107,train
19108,train
19109,train
19110,train
19111,validation
19112,validation
19113,train
19114,train
19115,train
19116,train
19117,validation
19118,train
19119,test
19120,validation
19121,test
19122,validation
19123,validation
19124,train
19125,validation
19126,train
19127,train
19128,train
19129,train
19130,train
19131,train
19132,test
19133,train
19134,train
19135,train
19136,train
19137,train
19138,train
19139,test
19140,test
19141,train
19142,train
19143,test
19144,train
19145,train
19146,train
19147,train
19148,test
19149,train
19150,train
19151,train
19152,train
19153,train
19154,train
19155,train
19156,test
19157,train
19158,train
19159,train
19160,train
19161,train
19162,train
19163,train
19164,train
19165,test
19166,train
19167,test
19168,validation
19169,train
19170,train
19171,train
19172,test
19173,train
19174,train
19175,train
19176,train
19177,train
19178,validation
19179,train
19180,test
19181,train
19182,train
19183,train
19184,train
19185,test
19186,test
19187,train
19188,train
19189,test
19190,train
19191,train
19192,train
19193,train
19194,train
19195,train
19196,train
19197,validation
19198,train
19199,train
19200,train
19201,train
19202,test
19203,test
19204,train
19205,train
19206,train
19207,train
19208,train
19209,train
19210,train
19211,train
19212,train
19213,train
19214,train
19215,train
19216,train
19217,validation
19218,train
19219,train
19220,train
19221,train
19222,train
19223,train
19224,train
19225,train
19226,train
19227,train
19228,train
19229,train
19230,train
19231,validation
19232,train
19233,train
19234,validation
19235,train
19236,train
19237,train
19238,train
19239,train
19240,train
19241,train
19242,test
19243,train
19244,validation
19245,train
19246,train
19247,train
19248,train
19249,train
19250,train
19251,train
19252,validation
19253,train
19254,train
19255,train
19256,train
19257,test
19258,train
19259,train
19260,train
19261,train
19262,train
19263,train
19264,train
19265,train
19266,train
19267,train
19268,train
19269,train
19270,train
19271,test
19272,train
19273,train
19274,train
19275,train
19276,train
19277,train
19278,train
19279,train
19280,validation
19281,test
19282,train
19283,train
19284,validation
19285,train
19286,train
19287,train
19288,test
19289,train
19290,train
19291,train
19292,train
19293,train
19294,train
19295,train
19296,train
19297,train
19298,train
19299,train
19300,train
19301,train
19302,train
19303,train
19304,train
19305,test
19306,validation
19307,test
19308,train
19309,train
19310,train
19311,train
19312,train
19313,train
19314,train
19315,validation
19316,train
19317,train
19318,train
19319,train
19320,train
19321,train
19322,train
19323,train
19324,train
19325,test
19326,train
19327,train
19328,train
19329,validation
19330,train
19331,validation
19332,test
19333,train
19334,train
19335,train
19336,train
19337,train
19338,train
19339,train
19340,validation
19341,train
19342,validation
19343,train
19344,train
19345,train
19346,validation
19347,train
19348,test
19349,train
19350,train
19351,train
19352,train
19353,train
19354,train
19355,train
19356,train
19357,train
19358,train
19359,train
19360,test
19361,train
19362,train
19363,train
19364,train
19365,train
19366,train
19367,test
19368,validation
19369,train
19370,train
19371,train
19372,validation
19373,train
19374,train
19375,train
19376,test
19377,train
19378,train
19379,test
19380,train
19381,train
19382,validation
19383,train
19384,train
19385,test
19386,validation
19387,train
19388,validation
19389,validation
19390,test
19391,validation
19392,test
19393,train
19394,train
19395,train
19396,train
19397,train
19398,test
19399,train
19400,train
19401,train
19402,test
19403,train
19404,train
19405,train
19406,train
19407,train
19408,test
19409,train
19410,train
19411,train
19412,train
19413,train
19414,train
19415,train
19416,train
19417,test
19418,train
19419,test
19420,train
19421,train
19422,train
19423,test
19424,train
19425,train
19426,train
19427,validation
19428,validation
19429,validation
19430,train
19431,train
19432,train
19433,train
19434,train
19435,train
19436,train
19437,train
19438,train
19439,train
19440,train
19441,train
19442,train
19443,test
19444,train
19445,train
19446,train
19447,train
19448,validation
19449,train
19450,train
19451,train
19452,train
19453,train
19454,train
19455,validation
19456,train
19457,train
19458,train
19459,test
19460,validation
19461,test
19462,train
19463,train
19464,train
19465,validation
19466,train
19467,train
19468,train
19469,validation
19470,train
19471,train
19472,train
19473,train
19474,test
19475,train
19476,validation
19477,test
19478,train
19479,train
19480,test
19481,train
19482,validation
19483,train
19484,train
19485,train
19486,validation
19487,train
19488,train
19489,validation
19490,train
19491,train
19492,train
19493,test
19494,test
19495,train
19496,train
19497,train
19498,train
19499,train
19500,test
19501,validation
19502,train
19503,test
19504,train
19505,train
19506,train
19507,train
19508,train
19509,train
19510,train
19511,train
19512,train
19513,train
19514,validation
19515,train
19516,train
19517,train
19518,train
19519,train
19520,test
19521,train
19522,train
19523,train
19524,validation
19525,train
19526,train
19527,train
19528,train
19529,train
19530,train
19531,train
19532,train
19533,validation
19534,train
19535,train
19536,train
19537,train
19538,train
19539,train
19540,train
19541,validation
19542,validation
19543,validation
19544,train
19545,train
19546,train
19547,train
19548,train
19549,train
19550,train
19551,train
19552,train
19553,train
19554,train
19555,train
19556,validation
19557,train
19558,train
19559,validation
19560,train
19561,train
19562,train
19563,train
19564,train
19565,test
19566,train
19567,train
19568,train
19569,train
19570,train
19571,train
19572,test
19573,train
19574,train
19575,train
19576,train
19577,train
19578,validation
19579,train
19580,train
19581,train
19582,train
19583,train
19584,validation
19585,test
19586,train
19587,test
19588,test
19589,train
19590,train
19591,train
19592,train
19593,train
19594,train
19595,train
19596,train
19597,test
19598,train
19599,train
19600,train
19601,train
19602,train
19603,test
19604,train
19605,train
19606,train
19607,train
19608,train
19609,test
19610,train
19611,test
19612,train
19613,test
19614,train
19615,train
19616,train
19617,test
19618,train
19619,train
19620,test
19621,train
19622,train
19623,train
19624,train
19625,train
19626,train
19627,train
19628,train
19629,train
19630,train
19631,validation
19632,train
19633,train
19634,train
19635,validation
19636,train
19637,train
19638,train
19639,train
19640,test
19641,validation
19642,train
19643,validation
19644,test
19645,validation
19646,train
19647,train
19648,test
19649,train
19650,train
19651,train
19652,train
19653,train
19654,test
19655,train
19656,train
19657,train
19658,train
19659,train
19660,test
19661,train
19662,train
19663,validation
19664,train
19665,train
19666,train
19667,train
19668,train
19669,train
19670,train
19671,train
19672,validation
19673,test
19674,train
19675,train
19676,test
19677,train
19678,train
19679,train
19680,train
19681,validation
19682,train
19683,train
19684,train
19685,train
19686,train
19687,test
19688,train
19689,train
19690,train
19691,test
19692,train
19693,validation
19694,train
19695,train
19696,validation
19697,test
19698,train
19699,train
19700,train
19701,train
19702,train
19703,train
19704,train
19705,train
19706,train
19707,validation
19708,train
19709,train
19710,test
19711,train
19712,train
19713,train
19714,train
19715,train
19716,train
19717,train
19718,train
19719,validation
19720,train
19721,validation
19722,train
19723,train
19724,train
19725,validation
19726,train
19727,train
19728,test
19729,train
19730,test
19731,train
19732,train
19733,test
19734,train
19735,train
19736,validation
19737,train
19738,train
19739,train
19740,train
19741,train
19742,train
19743,train
19744,train
19745,test
19746,test
19747,train
19748,train
19749,train
19750,train
19751,train
19752,test
19753,train
19754,train
19755,train
19756,train
19757,train
19758,train
19759,train
19760,train
19761,train
19762,train
19763,test
19764,train
19765,train
19766,train
19767,train
19768,train
19769,train
19770,train
19771,train
19772,test
19773,train
19774,train
19775,test
19776,train
19777,test
19778,train
19779,train
19780,train
19781,train
19782,train
19783,train
19784,train
19785,test
19786,train
19787,train
19788,train
19789,test
19790,train
19791,test
19792,train
19793,train
19794,validation
19795,train
19796,train
19797,train
19798,train
19799,validation
19800,train
19801,validation
19802,train
19803,validation
19804,validation
19805,train
19806,train
19807,train
19808,train
19809,train
19810,train
19811,train
19812,test
19813,train
19814,train
19815,train
19816,train
19817,train
19818,train
19819,train
19820,train
19821,train
19822,train
19823,train
19824,train
19825,train
19826,train
19827,train
19828,train
19829,train
19830,train
19831,train
19832,train
19833,train
19834,train
19835,validation
19836,train
19837,train
19838,train
19839,train
19840,train
19841,validation
19842,validation
19843,test
19844,train
19845,train
19846,train
19847,train
19848,train
19849,validation
19850,validation
19851,train
19852,train
19853,train
19854,train
19855,train
19856,train
19857,train
19858,test
19859,train
19860,train
19861,train
19862,train
19863,train
19864,validation
19865,train
19866,train
19867,train
19868,train
19869,train
19870,train
19871,train
19872,train
19873,test
19874,train
19875,train
19876,test
19877,train
19878,train
19879,train
19880,train
19881,train
19882,train
19883,test
19884,train
19885,train
19886,test
19887,train
19888,train
19889,train
19890,train
19891,train
19892,validation
19893,train
19894,test
19895,train
19896,test
19897,train
19898,train
19899,train
19900,train
19901,train
19902,train
19903,validation
19904,train
19905,test
19906,train
19907,train
19908,train
19909,train
19910,train
19911,train
19912,train
19913,test
19914,train
19915,train
19916,train
19917,train
19918,train
19919,train
19920,train
19921,validation
19922,validation
19923,train
19924,train
19925,test
19926,test
19927,train
19928,train
19929,train
19930,train
19931,train
19932,test
19933,train
19934,train
19935,train
19936,train
19937,test
19938,test
19939,validation
19940,train
19941,train
19942,validation
19943,train
19944,train
19945,train
19946,train
19947,validation
19948,test
19949,train
19950,train
19951,train
19952,train
19953,train
19954,train
19955,validation
19956,train
19957,train
19958,train
19959,test
19960,train
19961,train
19962,train
19963,test
19964,train
19965,train
19966,train
19967,train
19968,train
19969,train
19970,train
19971,train
19972,train
19973,validation
19974,train
19975,train
19976,validation
19977,train
19978,validation
19979,train
19980,train
19981,train
19982,train
19983,train
19984,train
19985,train
19986,train
19987,train
19988,test
19989,train
19990,validation
19991,train
19992,train
19993,train
19994,train
19995,train
19996,train
19997,train
19998,train
19999,train
20000,train
20001,train
20002,train
20003,train
20004,train
20005,train
20006,train
20007,validation
20008,train
20009,test
20010,train
20011,validation
20012,train
20013,train
20014,test
20015,test
20016,train
20017,train
20018,train
20019,train
20020,validation
20021,train
20022,train
20023,train
20024,train
20025,train
20026,validation
20027,train
20028,train
20029,train
20030,train
20031,train
20032,test
20033,train
20034,train
20035,train
20036,train
20037,train
20038,train
20039,train
20040,train
20041,train
20042,train
20043,train
20044,test
20045,train
20046,train
20047,train
20048,validation
20049,validation
20050,train
20051,validation
20052,train
20053,train
20054,train
20055,train
20056,train
20057,train
20058,train
20059,train
20060,validation
20061,train
20062,train
20063,test
20064,train
20065,train
20066,test
20067,train
20068,train
20069,train
20070,train
20071,train
20072,train
20073,train
20074,validation
20075,validation
20076,train
20077,train
20078,train
20079,train
20080,train
20081,train
20082,train
20083,train
20084,train
20085,train
20086,train
20087,train
20088,train
20089,train
20090,test
20091,train
20092,train
20093,train
20094,validation
20095,train
20096,train
20097,train
20098,train
20099,validation
20100,train
20101,train
20102,test
20103,train
20104,train
20105,train
20106,validation
20107,train
20108,validation
20109,train
20110,train
20111,validation
20112,train
20113,train
20114,train
20115,test
20116,train
20117,train
20118,validation
20119,train
20120,train
20121,train
20122,train
20123,test
20124,train
20125,train
20126,validation
20127,train
20128,train
20129,train
20130,train
20131,validation
20132,test
20133,train
20134,train
20135,train
20136,train
20137,test
20138,train
20139,train
20140,train
20141,train
20142,validation
20143,test
20144,train
20145,train
20146,train
20147,test
20148,train
20149,test
20150,train
20151,train
20152,train
20153,train
20154,test
20155,train
20156,train
20157,train
20158,train
20159,train
20160,train
20161,train
20162,validation
20163,train
20164,train
20165,validation
20166,train
20167,train
20168,train
20169,train
20170,test
20171,train
20172,train
20173,train
20174,train
20175,validation
20176,train
20177,train
20178,train
20179,train
20180,validation
20181,train
20182,train
20183,train
20184,train
20185,train
20186,validation
20187,test
20188,test
20189,train
20190,validation
20191,train
20192,train
20193,train
20194,train
20195,train
20196,train
20197,train
20198,train
20199,train
20200,train
20201,validation
20202,train
20203,train
20204,test
20205,validation
20206,train
20207,train
20208,train
20209,train
20210,train
20211,train
20212,train
20213,train
20214,train
20215,train
20216,validation
20217,train
20218,train
20219,test
20220,train
20221,train
20222,train
20223,train
20224,train
20225,train
20226,train
20227,train
20228,train
20229,train
20230,train
20231,train
20232,train
20233,train
20234,train
20235,train
20236,train
20237,train
20238,train
20239,train
20240,test
20241,train
20242,train
20243,train
20244,train
20245,train
20246,train
20247,train
20248,train
20249,train
20250,train
20251,train
20252,validation
20253,train
20254,test
20255,train
20256,train
20257,train
20258,train
20259,train
20260,train
20261,train
20262,train
20263,train
20264,train
20265,train
20266,train
20267,train
20268,validation
20269,validation
20270,train
20271,train
20272,train
20273,train
20274,train
20275,train
20276,train
20277,train
20278,train
20279,train
20280,train
20281,train
20282,train
20283,train
20284,train
20285,train
20286,train
20287,train
20288,test
20289,train
20290,train
20291,train
20292,train
20293,train
20294,train
20295,train
20296,test
20297,train
20298,train
20299,train
20300,train
20301,train
20302,validation
20303,train
20304,validation
20305,train
20306,train
20307,train
20308,train
20309,train
20310,train
20311,train
20312,validation
20313,train
20314,train
20315,train
20316,train
20317,train
20318,train
20319,train
20320,test
20321,validation
20322,train
20323,train
20324,test
20325,train
20326,train
20327,train
20328,train
20329,validation
20330,validation
20331,train
20332,test
20333,test
20334,train
20335,train
20336,train
20337,train
20338,train
20339,train
20340,train
20341,train
20342,validation
20343,train
20344,train
20345,train
20346,train
20347,train
20348,test
20349,test
20350,train
20351,test
20352,train
20353,train
20354,validation
20355,train
20356,train
20357,validation
20358,train
20359,train
20360,train
20361,train
20362,train
20363,train
20364,train
20365,train
20366,train
20367,train
20368,test
20369,train
20370,test
20371,train
20372,train
20373,train
20374,train
20375,train
20376,train
20377,train
20378,train
20379,train
20380,train
20381,validation
20382,train
20383,train
20384,train
20385,train
20386,validation
20387,test
20388,train
20389,validation
20390,train
20391,train
20392,validation
20393,test
20394,train
20395,train
20396,train
20397,train
20398,train
20399,train
20400,train
20401,validation
20402,train
20403,train
20404,train
20405,train
20406,train
20407,train
20408,train
20409,train
20410,train
20411,train
20412,train
20413,validation
20414,train
20415,train
20416,train
20417,train
20418,train
20419,train
20420,train
20421,train
20422,train
20423,train
20424,train
20425,train
20426,validation
20427,train
20428,train
20429,train
20430,train
20431,train
20432,train
20433,test
20434,train
20435,train
20436,train
20437,train
20438,train
20439,test
20440,train
20441,train
20442,train
20443,train
20444,train
20445,test
20446,validation
20447,train
20448,train
20449,train
20450,train
20451,train
20452,train
20453,train
20454,test
20455,train
20456,train
20457,train
20458,train
20459,train
20460,train
20461,validation
20462,train
20463,test
20464,train
20465,train
20466,train
20467,train
20468,train
20469,train
20470,train
20471,train
20472,train
20473,test
20474,train
20475,train
20476,train
20477,train
20478,validation
20479,train
20480,validation
20481,train
20482,train
20483,validation
20484,train
20485,train
20486,validation
20487,validation
20488,train
20489,test
20490,train
20491,train
20492,train
20493,train
20494,train
20495,train
20496,train
20497,train
20498,train
20499,train
20500,train
20501,train
20502,train
20503,train
20504,validation
20505,train
20506,train
20507,validation
20508,validation
20509,train
20510,train
20511,train
20512,train
20513,test
20514,train
20515,train
20516,train
20517,train
20518,train
20519,train
20520,test
20521,train
20522,train
20523,train
20524,train
20525,train
20526,train
20527,train
20528,train
20529,validation
20530,train
20531,train
20532,train
20533,train
20534,train
20535,train
20536,train
20537,train
20538,validation
20539,validation
20540,train
20541,test
20542,train
20543,train
20544,train
20545,train
20546,train
20547,train
20548,train
20549,train
20550,train
20551,train
20552,test
20553,train
20554,train
20555,train
20556,test
20557,train
20558,test
20559,test
20560,train
20561,train
20562,train
20563,test
20564,train
20565,train
20566,train
20567,test
20568,train
20569,validation
20570,train
20571,train
20572,train
20573,validation
20574,train
20575,train
20576,train
20577,train
20578,train
20579,train
20580,train
20581,train
20582,train
20583,validation
20584,train
20585,train
20586,train
20587,train
20588,train
20589,train
20590,train
20591,train
20592,train
20593,train
20594,train
20595,train
20596,train
20597,train
20598,train
20599,train
20600,train
20601,train
20602,train
20603,train
20604,train
20605,train
20606,validation
20607,train
20608,train
20609,test
20610,train
20611,train
20612,train
20613,train
20614,train
20615,train
20616,train
20617,train
20618,test
20619,train
20620,train
20621,validation
20622,train
20623,train
20624,train
20625,train
20626,train
20627,validation
20628,train
20629,train
20630,train
20631,train
20632,validation
20633,train
20634,train
20635,train
20636,validation
20637,train
20638,train
20639,train
20640,train
20641,train
20642,train
20643,test
20644,train
20645,validation
20646,train
20647,train
20648,train
20649,train
20650,train
20651,train
20652,train
20653,train
20654,train
20655,train
20656,validation
20657,test
20658,train
20659,validation
20660,train
20661,train
20662,train
20663,validation
20664,train
20665,train
20666,train
20667,train
20668,test
20669,train
20670,train
20671,validation
20672,validation
20673,train
20674,train
20675,train
20676,train
20677,train
20678,train
20679,train
20680,test
20681,train
20682,train
20683,train
20684,test
20685,train
20686,train
20687,train
20688,train
20689,validation
20690,test
20691,train
20692,train
20693,train
20694,train
20695,validation
20696,train
20697,train
20698,train
20699,train
20700,train
20701,train
20702,train
20703,test
20704,validation
20705,train
20706,validation
20707,train
20708,train
20709,train
20710,train
20711,train
20712,train
20713,validation
20714,train
20715,test
20716,train
20717,train
20718,train
20719,train
20720,train
20721,validation
20722,train
20723,test
20724,train
20725,validation
20726,train
20727,train
20728,train
20729,train
20730,train
20731,train
20732,train
20733,train
20734,train
20735,train
20736,train
20737,train
20738,train
20739,train
20740,train
20741,train
20742,train
20743,train
20744,train
20745,train
20746,train
20747,train
20748,train
20749,train
20750,train
20751,test
20752,train
20753,train
20754,test
20755,train
20756,train
20757,train
20758,train
20759,train
20760,validation
20761,train
20762,test
20763,train
20764,test
20765,train
20766,train
20767,validation
20768,train
20769,train
20770,train
20771,train
20772,train
20773,train
20774,train
20775,train
20776,train
20777,train
20778,validation
20779,train
20780,train
20781,test
20782,test
20783,train
20784,train
20785,train
20786,train
20787,train
20788,train
20789,train
20790,test
20791,train
20792,validation
20793,train
20794,train
20795,train
20796,train
20797,test
20798,train
20799,train
20800,train
20801,validation
20802,train
20803,validation
20804,train
20805,test
20806,train
20807,train
20808,train
20809,train
20810,validation
20811,validation
20812,train
20813,train
20814,train
20815,train
20816,train
20817,train
20818,train
20819,validation
20820,train
20821,train
20822,validation
20823,train
20824,validation
20825,train
20826,train
20827,train
20828,train
20829,train
20830,train
20831,train
20832,train
20833,train
20834,train
20835,train
20836,train
20837,train
20838,train
20839,train
20840,validation
20841,train
20842,validation
20843,train
20844,train
20845,train
20846,train
20847,train
20848,test
20849,train
20850,train
20851,test
20852,train
20853,train
20854,train
20855,train
20856,train
20857,validation
20858,train
20859,train
20860,train
20861,test
20862,validation
20863,validation
20864,train
20865,train
20866,train
20867,train
20868,train
20869,validation
20870,train
20871,train
20872,validation
20873,validation
20874,train
20875,train
20876,train
20877,train
20878,train
20879,train
20880,train
20881,train
20882,train
20883,train
20884,train
20885,train
20886,train
20887,validation
20888,train
20889,validation
20890,train
20891,test
20892,train
20893,train
20894,train
20895,validation
20896,train
20897,train
20898,train
20899,test
20900,train
20901,train
20902,test
20903,train
20904,train
20905,train
20906,train
20907,train
20908,train
20909,train
20910,train
20911,train
20912,train
20913,train
20914,test
20915,train
20916,train
20917,train
20918,train
20919,train
20920,train
20921,train
20922,train
20923,train
20924,train
20925,train
20926,train
20927,train
20928,train
20929,train
20930,train
20931,train
20932,validation
20933,train
20934,train
20935,train
20936,train
20937,train
20938,train
20939,train
20940,train
20941,train
20942,train
20943,train
20944,train
20945,train
20946,train
20947,train
20948,train
20949,train
20950,train
20951,train
20952,train
20953,train
20954,train
20955,train
20956,train
20957,train
20958,validation
20959,validation
20960,train
20961,train
20962,train
20963,train
20964,train
20965,test
20966,train
20967,train
20968,train
20969,train
20970,train
20971,train
20972,validation
20973,train
20974,train
20975,train
20976,train
20977,train
20978,validation
20979,train
20980,train
20981,train
20982,train
20983,validation
20984,train
20985,test
20986,test
20987,train
20988,train
20989,train
20990,test
20991,train
20992,train
20993,train
20994,train
20995,test
20996,train
20997,train
20998,train
20999,train
21000,test
21001,train
21002,train
21003,train
21004,train
21005,validation
21006,train
21007,test
21008,train
21009,train
21010,train
21011,train
21012,train
21013,train
21014,validation
21015,validation
21016,validation
21017,train
21018,validation
21019,train
21020,train
21021,test
21022,train
21023,train
21024,test
21025,train
21026,train
21027,train
21028,train
21029,train
21030,train
21031,train
21032,train
21033,validation
21034,train
21035,train
21036,train
21037,validation
21038,train
21039,train
21040,train
21041,train
21042,train
21043,train
21044,train
21045,train
21046,train
21047,validation
21048,train
21049,train
21050,train
21051,train
21052,train
21053,train
21054,train
21055,train
21056,train
21057,train
21058,train
21059,train
21060,train
21061,train
21062,test
21063,validation
21064,train
21065,train
21066,train
21067,train
21068,train
21069,train
21070,test
21071,test
21072,train
21073,train
21074,train
21075,train
21076,train
21077,train
21078,train
21079,train
21080,train
21081,train
21082,train
21083,train
21084,test
21085,train
21086,train
21087,train
21088,train
21089,test
21090,train
21091,train
21092,train
21093,train
21094,validation
21095,test
21096,train
21097,train
21098,train
21099,validation
21100,train
21101,train
21102,train
21103,test
21104,train
21105,test
21106,train
21107,train
21108,train
21109,validation
21110,train
21111,validation
21112,train
21113,train
21114,train
21115,train
21116,train
21117,train
21118,train
21119,train
21120,train
21121,train
21122,train
21123,train
21124,train
21125,train
21126,validation
21127,train
21128,train
21129,test
21130,test
21131,train
21132,train
21133,train
21134,train
21135,train
21136,train
21137,train
21138,train
21139,train
21140,train
21141,train
21142,train
21143,train
21144,train
21145,train
21146,train
21147,test
21148,train
21149,train
21150,train
21151,train
21152,train
21153,train
21154,train
21155,train
21156,train
21157,train
21158,test
21159,train
21160,train
21161,validation
21162,test
21163,train
21164,test
21165,train
21166,train
21167,train
21168,train
21169,validation
21170,train
21171,train
21172,train
21173,train
21174,train
21175,train
21176,train
21177,train
21178,train
21179,train
21180,train
21181,test
21182,train
21183,train
21184,test
21185,test
21186,train
21187,train
21188,train
21189,train
21190,train
21191,train
21192,train
21193,train
21194,train
21195,train
21196,train
21197,validation
21198,test
21199,train
21200,train
21201,train
21202,train
21203,train
21204,train
21205,train
21206,train
21207,validation
21208,train
21209,train
21210,test
21211,train
21212,train
21213,test
21214,train
21215,train
21216,train
21217,train
21218,train
21219,train
21220,train
21221,train
21222,train
21223,train
21224,validation
21225,train
21226,validation
21227,train
21228,train
21229,test
21230,train
21231,train
21232,train
21233,validation
21234,train
21235,train
21236,train
21237,train
21238,train
21239,train
21240,test
21241,train
21242,train
21243,train
21244,train
21245,train
21246,train
21247,train
21248,train
21249,train
21250,train
21251,train
21252,test
21253,train
21254,test
21255,train
21256,train
21257,train
21258,train
21259,train
21260,train
21261,train
21262,test
21263,train
21264,train
21265,train
21266,train
21267,validation
21268,train
21269,train
21270,train
21271,train
21272,train
21273,validation
21274,test
21275,train
21276,train
21277,train
21278,train
21279,train
21280,train
21281,test
21282,train
21283,train
21284,validation
21285,train
21286,train
21287,validation
21288,train
21289,train
21290,train
21291,train
21292,train
21293,train
21294,train
21295,validation
21296,validation
21297,train
21298,train
21299,train
21300,train
21301,train
21302,validation
21303,validation
21304,test
21305,train
21306,train
21307,train
21308,train
21309,train
21310,test
21311,train
21312,train
21313,train
21314,train
21315,train
21316,validation
21317,train
21318,train
21319,train
21320,train
21321,train
21322,train
21323,train
21324,train
21325,validation
21326,train
21327,validation
21328,test
21329,train
21330,test
21331,train
21332,train
21333,test
21334,train
21335,test
21336,train
21337,train
21338,train
21339,train
21340,train
21341,train
21342,train
21343,train
21344,train
21345,train
21346,validation
21347,train
21348,train
21349,train
21350,validation
21351,train
21352,train
21353,train
21354,train
21355,validation
21356,train
21357,train
21358,train
21359,train
21360,train
21361,test
21362,train
21363,train
21364,train
21365,train
21366,train
21367,train
21368,train
21369,train
21370,train
21371,train
21372,train
21373,train
21374,train
21375,train
21376,train
21377,train
21378,train
21379,train
21380,train
21381,train
21382,train
21383,train
21384,train
21385,train
21386,train
21387,train
21388,test
21389,train
21390,train
21391,train
21392,train
21393,test
21394,train
21395,train
21396,train
21397,train
21398,train
21399,train
21400,test
21401,train
21402,validation
21403,train
21404,test
21405,train
21406,train
21407,train
21408,train
21409,validation
21410,train
21411,train
21412,train
21413,validation
21414,train
21415,train
21416,train
21417,train
21418,test
21419,validation
21420,test
21421,train
21422,train
21423,test
21424,train
21425,train
21426,train
21427,train
21428,train
21429,train
21430,train
21431,train
21432,train
21433,train
21434,train
21435,train
21436,train
21437,test
21438,validation
21439,test
21440,train
21441,train
21442,train
21443,test
21444,train
21445,train
21446,test
21447,train
21448,train
21449,validation
21450,train
21451,train
21452,train
21453,train
21454,train
21455,train
21456,train
21457,train
21458,train
21459,train
21460,train
21461,train
21462,train
21463,test
21464,train
21465,train
21466,test
21467,train
21468,train
21469,test
21470,train
21471,train
21472,train
21473,train
21474,test
21475,train
21476,train
21477,validation
21478,train
21479,train
21480,train
21481,train
21482,train
21483,train
21484,validation
21485,train
21486,train
21487,train
21488,test
21489,validation
21490,test
21491,train
21492,train
21493,train
21494,train
21495,train
21496,train
21497,validation
21498,train
21499,train
21500,train
21501,train
21502,train
21503,train
21504,train
21505,train
21506,train
21507,train
21508,train
21509,train
21510,train
21511,train
21512,train
21513,train
21514,train
21515,train
21516,train
21517,train
21518,validation
21519,train
21520,train
21521,train
21522,validation
21523,validation
21524,train
21525,train
21526,train
21527,train
21528,train
21529,train
21530,validation
21531,test
21532,train
21533,train
21534,train
21535,train
21536,train
21537,train
21538,train
21539,train
21540,train
21541,train
21542,train
21543,train
21544,train
21545,validation
21546,train
21547,train
21548,train
21549,train
21550,validation
21551,train
21552,train
21553,train
21554,train
21555,train
21556,train
21557,train
21558,train
21559,train
21560,train
21561,validation
21562,train
21563,train
21564,train
21565,validation
21566,train
21567,train
21568,train
21569,train
21570,train
21571,train
21572,train
21573,test
21574,train
21575,train
21576,train
21577,train
21578,train
21579,train
21580,train
21581,train
21582,train
21583,train
21584,train
21585,train
21586,test
21587,validation
21588,validation
21589,validation
21590,train
21591,train
21592,train
21593,train
21594,train
21595,train
21596,train
21597,train
21598,validation
21599,train
21600,train
21601,train
21602,train
21603,train
21604,train
21605,train
21606,train
21607,train
21608,train
21609,train
21610,train
21611,train
21612,train
21613,train
21614,test
21615,train
21616,train
21617,train
21618,train
21619,train
21620,validation
21621,train
21622,train
21623,train
21624,train
21625,train
21626,train
21627,train
21628,train
21629,train
21630,train
21631,train
21632,train
21633,validation
21634,validation
21635,test
21636,train
21637,train
21638,train
21639,train
21640,train
21641,test
21642,validation
21643,test
21644,train
21645,train
21646,train
21647,train
21648,train
21649,train
21650,train
21651,validation
21652,test
21653,train
21654,train
21655,train
21656,validation
21657,train
21658,train
21659,train
21660,train
21661,train
21662,train
21663,train
21664,train
21665,train
21666,test
21667,test
21668,train
21669,train
21670,train
21671,train
21672,train
21673,test
21674,train
21675,train
21676,validation
21677,train
21678,test
21679,train
21680,train
21681,train
21682,train
21683,train
21684,test
21685,train
21686,train
21687,train
21688,train
21689,train
21690,train
21691,validation
21692,train
21693,train
21694,train
21695,train
21696,train
21697,train
21698,validation
21699,train
21700,validation
21701,train
21702,train
21703,test
21704,train
21705,train
21706,train
21707,validation
21708,train
21709,train
21710,test
21711,train
21712,train
21713,train
21714,train
21715,train
21716,train
21717,train
21718,train
21719,train
21720,test
21721,train
21722,train
21723,validation
21724,train
21725,train
21726,train
21727,train
21728,train
21729,train
21730,train
21731,train
21732,train
21733,train
21734,train
21735,train
21736,train
21737,train
21738,train
21739,train
21740,train
21741,train
21742,test
21743,train
21744,train
21745,train
21746,test
21747,train
21748,test
21749,test
21750,validation
21751,train
21752,train
21753,validation
21754,train
21755,test
21756,train
21757,train
21758,train
21759,train
21760,train
21761,train
21762,validation
21763,train
21764,train
21765,test
21766,train
21767,train
21768,validation
21769,train
21770,train
21771,train
21772,train
21773,train
21774,train
21775,train
21776,train
21777,train
21778,train
21779,train
21780,train
21781,train
21782,train
21783,train
21784,test
21785,train
21786,train
21787,train
21788,train
21789,test
21790,train
21791,train
21792,train
21793,validation
21794,train
21795,train
21796,train
21797,train
21798,test
21799,train
21800,train
21801,train
21802,train
21803,train
21804,validation
21805,train
21806,train
21807,train
21808,train
21809,train
21810,train
21811,test
21812,validation
21813,train
21814,train
21815,train
21816,train
21817,train
21818,test
21819,train
21820,validation
21821,test
21822,train
21823,train
21824,train
21825,train
21826,validation
21827,train
21828,test
21829,train
21830,validation
21831,train
21832,train
21833,train
21834,train
21835,test
21836,train
21837,train
21838,validation
21839,train
21840,train
21841,train
21842,train
21843,train
21844,train
21845,train
21846,train
21847,train
21848,train
21849,train
21850,train
21851,train
21852,train
21853,train
21854,test
21855,train
21856,train
21857,test
21858,train
21859,train
21860,train
21861,train
21862,train
21863,train
21864,validation
21865,test
21866,train
21867,train
21868,train
21869,validation
21870,train
21871,train
21872,train
21873,train
21874,train
21875,train
21876,train
21877,train
21878,train
21879,validation
21880,train
21881,train
21882,train
21883,train
21884,train
21885,train
21886,train
21887,train
21888,train
21889,train
21890,train
21891,train
21892,train
21893,train
21894,train
21895,train
21896,validation
21897,test
21898,train
21899,train
21900,train
21901,validation
21902,train
21903,train
21904,train
21905,test
21906,train
21907,test
21908,train
21909,train
21910,train
21911,validation
21912,train
21913,train
21914,train
21915,train
21916,train
21917,train
21918,train
21919,train
21920,train
21921,train
21922,train
21923,train
21924,test
21925,train
21926,train
21927,train
21928,test
21929,train
21930,train
21931,train
21932,train
21933,train
21934,test
21935,train
21936,train
21937,train
21938,validation
21939,test
21940,test
21941,train
21942,train
21943,train
21944,train
21945,train
21946,test
21947,train
21948,train
21949,train
21950,train
21951,train
21952,validation
21953,train
21954,train
21955,train
21956,train
21957,train
21958,train
21959,train
21960,validation
21961,train
21962,train
21963,test
21964,train
21965,train
21966,train
21967,train
21968,train
21969,train
21970,train
21971,train
21972,train
21973,train
21974,test
21975,train
21976,train
21977,test
21978,validation
21979,train
21980,train
21981,train
21982,train
21983,validation
21984,train
21985,train
21986,train
21987,train
21988,train
21989,train
21990,train
21991,train
21992,train
21993,test
21994,train
21995,train
21996,train
21997,train
21998,train
21999,validation
22000,train
22001,train
22002,train
22003,train
22004,train
22005,train
22006,validation
22007,train
22008,train
22009,train
22010,train
22011,train
22012,train
22013,train
22014,train
22015,test
22016,train
22017,train
22018,train
22019,train
22020,train
22021,train
22022,train
22023,test
22024,train
22025,train
22026,test
22027,train
22028,train
22029,train
22030,train
22031,train
22032,train
22033,train
22034,validation
22035,train
22036,train
22037,train
22038,validation
22039,train
22040,train
22041,train
22042,train
22043,train
22044,train
22045,train
22046,test
22047,train
22048,train
22049,train
22050,train
22051,train
22052,train
22053,train
22054,train
22055,train
22056,validation
22057,train
22058,test
22059,test
22060,train
22061,test
22062,train
22063,train
22064,train
22065,train
22066,train
22067,train
22068,train
22069,train
22070,train
22071,train
22072,train
22073,train
22074,test
22075,train
22076,train
22077,train
22078,validation
22079,train
22080,test
22081,validation
22082,test
22083,train
22084,train
22085,train
22086,train
22087,train
22088,train
22089,train
22090,train
22091,train
22092,train
22093,validation
22094,train
22095,train
22096,train
22097,train
22098,train
22099,train
22100,train
22101,train
22102,train
22103,train
22104,train
22105,train
22106,train
22107,train
22108,test
22109,train
22110,train
22111,train
22112,train
22113,train
22114,validation
22115,train
22116,train
22117,train
22118,train
22119,train
22120,train
22121,train
22122,train
22123,test
22124,train
22125,validation
22126,train
22127,train
22128,train
22129,train
22130,train
22131,train
22132,validation
22133,train
22134,train
22135,train
22136,validation
22137,train
22138,test
22139,train
22140,train
22141,train
22142,train
22143,train
22144,train
22145,train
22146,validation
22147,test
22148,train
22149,train
22150,train
22151,train
22152,validation
22153,validation
22154,validation
22155,train
22156,train
22157,train
22158,train
22159,train
22160,train
22161,train
22162,train
22163,train
22164,train
22165,train
22166,test
22167,validation
22168,test
22169,train
22170,train
22171,train
22172,test
22173,train
22174,train
22175,train
22176,train
22177,train
22178,train
22179,train
22180,train
22181,validation
22182,train
22183,train
22184,validation
22185,train
22186,train
22187,train
22188,train
22189,train
22190,train
22191,test
22192,train
22193,train
22194,train
22195,train
22196,train
22197,train
22198,train
22199,train
22200,train
22201,validation
22202,train
22203,test
22204,validation
22205,train
22206,test
22207,train
22208,train
22209,train
22210,test
22211,train
22212,train
22213,train
22214,train
22215,train
22216,train
22217,train
22218,train
22219,train
22220,validation
22221,train
22222,train
22223,validation
22224,train
22225,validation
22226,test
22227,test
22228,train
22229,train
22230,test
22231,train
22232,train
22233,train
22234,validation
22235,test
22236,train
22237,train
22238,train
22239,validation
22240,train
22241,train
22242,train
22243,test
22244,train
22245,train
22246,train
22247,test
22248,train
22249,test
22250,train
22251,train
22252,train
22253,train
22254,train
22255,train
22256,train
22257,train
22258,train
22259,train
22260,test
22261,train
22262,train
22263,train
22264,test
22265,train
22266,train
22267,train
22268,train
22269,test
22270,train
22271,train
22272,train
22273,train
22274,train
22275,train
22276,train
22277,train
22278,train
22279,test
22280,train
22281,train
22282,validation
22283,train
22284,train
22285,train
22286,train
22287,train
22288,validation
22289,validation
22290,train
22291,validation
22292,test
22293,test
22294,test
22295,test
22296,train
22297,train
22298,train
22299,validation
22300,train
22301,train
22302,train
22303,test
22304,train
22305,train
22306,validation
22307,test
22308,train
22309,test
22310,train
22311,train
22312,train
22313,train
22314,train
22315,train
22316,train
22317,train
22318,train
22319,train
22320,train
22321,train
22322,validation
22323,train
22324,train
22325,train
22326,train
22327,train
22328,test
22329,test
22330,train
22331,train
22332,train
22333,train
22334,train
22335,train
22336,train
22337,test
22338,train
22339,train
22340,validation
22341,train
22342,validation
22343,train
22344,train
22345,train
22346,train
22347,train
22348,train
22349,test
22350,train
22351,train
22352,train
22353,train
22354,train
22355,test
22356,train
22357,validation
22358,train
22359,train
22360,train
22361,test
22362,validation
22363,train
22364,train
22365,train
22366,train
22367,train
22368,validation
22369,train
22370,train
22371,train
22372,test
22373,train
22374,train
22375,validation
22376,train
22377,train
22378,train
22379,train
22380,validation
22381,train
22382,train
22383,train
22384,train
22385,train
22386,train
22387,train
22388,train
22389,train
22390,train
22391,train
22392,train
22393,train
22394,train
22395,train
22396,train
22397,train
22398,train
22399,train
22400,validation
22401,train
22402,train
22403,train
22404,train
22405,train
22406,train
22407,train
22408,train
22409,train
22410,train
22411,train
22412,train
22413,train
22414,train
22415,train
22416,train
22417,train
22418,train
22419,train
22420,train
22421,train
22422,train
22423,train
22424,train
22425,train
22426,train
22427,train
22428,train
22429,train
22430,test
22431,train
22432,train
22433,train
22434,train
22435,train
22436,train
22437,train
22438,train
22439,validation
22440,validation
22441,train
22442,train
22443,train
22444,train
22445,train
22446,validation
22447,validation
22448,train
22449,train
22450,train
22451,test
22452,validation
22453,train
22454,train
22455,train
22456,train
22457,train
22458,train
22459,test
22460,train
22461,train
22462,test
22463,train
22464,validation
22465,test
22466,train
22467,train
22468,test
22469,train
22470,train
22471,train
22472,train
22473,test
22474,train
22475,train
22476,train
22477,train
22478,train
22479,train
22480,train
22481,train
22482,train
22483,train
22484,test
22485,train
22486,train
22487,train
22488,train
22489,train
22490,test
22491,train
22492,train
22493,train
22494,validation
22495,train
22496,validation
22497,train
22498,validation
22499,test
22500,train
22501,train
22502,train
22503,train
22504,validation
22505,train
22506,validation
22507,train
22508,test
22509,train
22510,train
22511,train
22512,train
22513,train
22514,train
22515,test
22516,train
22517,test
22518,train
22519,train
22520,train
22521,train
22522,train
22523,train
22524,train
22525,train
22526,train
22527,train
22528,train
22529,train
22530,train
22531,train
22532,train
22533,validation
22534,train
22535,train
22536,validation
22537,train
22538,validation
22539,train
22540,train
22541,train
22542,train
22543,train
22544,train
22545,train
22546,train
22547,train
22548,train
22549,validation
22550,train
22551,train
22552,train
22553,train
22554,train
22555,test
22556,train
22557,validation
22558,train
22559,train
22560,train
22561,train
22562,train
22563,test
22564,train
22565,train
22566,train
22567,train
22568,train
22569,train
22570,train
22571,validation
22572,validation
22573,train
22574,train
22575,train
22576,validation
22577,train
22578,train
22579,train
22580,train
22581,test
22582,train
22583,train
22584,test
22585,validation
22586,train
22587,train
22588,train
22589,train
22590,validation
22591,validation
22592,train
22593,train
22594,train
22595,validation
22596,train
22597,train
22598,train
22599,train
22600,test
22601,train
22602,train
22603,validation
22604,train
22605,test
22606,train
22607,validation
22608,test
22609,train
22610,train
22611,train
22612,train
22613,train
22614,validation
22615,train
22616,train
22617,train
22618,train
22619,train
22620,train
22621,train
22622,train
22623,validation
22624,train
22625,train
22626,train
22627,validation
22628,train
22629,train
22630,test
22631,validation
22632,train
22633,train
22634,train
22635,test
22636,train
22637,train
22638,train
22639,test
22640,train
22641,test
22642,train
22643,train
22644,train
22645,train
22646,train
22647,train
22648,train
22649,train
22650,train
22651,train
22652,train
22653,validation
22654,train
22655,train
22656,train
22657,test
22658,train
22659,train
22660,test
22661,train
22662,train
22663,validation
22664,train
22665,validation
22666,train
22667,train
22668,train
22669,train
22670,validation
22671,train
22672,train
22673,train
22674,train
22675,train
22676,train
22677,train
22678,train
22679,train
22680,train
22681,validation
22682,train
22683,train
22684,train
22685,train
22686,train
22687,train
22688,train
22689,train
22690,train
22691,test
22692,train
22693,train
22694,train
22695,train
22696,train
22697,train
22698,test
22699,train
22700,train
22701,train
22702,train
22703,test
22704,validation
22705,train
22706,train
22707,train
22708,train
22709,train
22710,train
22711,train
22712,train
22713,train
22714,train
22715,train
22716,train
22717,train
22718,train
22719,train
22720,test
22721,train
22722,train
22723,train
22724,train
22725,train
22726,train
22727,train
22728,validation
22729,train
22730,train
22731,train
22732,train
22733,train
22734,train
22735,train
22736,train
22737,train
22738,train
22739,train
22740,train
22741,train
22742,train
22743,train
22744,validation
22745,train
22746,train
22747,test
22748,train
22749,train
22750,train
22751,train
22752,train
22753,validation
22754,train
22755,train
22756,train
22757,train
22758,train
22759,train
22760,train
22761,train
22762,train
22763,train
22764,train
22765,validation
22766,train
22767,train
22768,train
22769,train
22770,train
22771,train
22772,train
22773,train
22774,test
22775,test
22776,train
22777,validation
22778,test
22779,train
22780,test
22781,train
22782,train
22783,validation
22784,train
22785,train
22786,train
22787,train
22788,train
22789,train
22790,train
22791,test
22792,train
22793,train
22794,train
22795,validation
22796,train
22797,train
22798,train
22799,test
22800,train
22801,train
22802,train
22803,train
22804,train
22805,train
22806,train
22807,test
22808,test
22809,train
22810,train
22811,train
22812,train
22813,validation
22814,validation
22815,test
22816,train
22817,train
22818,test
22819,train
22820,train
22821,validation
22822,train
22823,train
22824,train
22825,train
22826,validation
22827,train
22828,train
22829,train
22830,test
22831,train
22832,train
22833,train
22834,train
22835,train
22836,train
22837,train
22838,validation
22839,train
22840,train
22841,train
22842,train
22843,train
22844,train
22845,train
22846,train
22847,test
22848,validation
22849,train
22850,train
22851,validation
22852,train
22853,train
22854,train
22855,train
22856,train
22857,train
22858,train
22859,train
22860,validation
22861,train
22862,train
22863,train
22864,train
22865,train
22866,validation
22867,validation
22868,train
22869,train
22870,train
22871,test
22872,train
22873,train
22874,train
22875,test
22876,train
22877,train
22878,train
22879,validation
22880,train
22881,train
22882,test
22883,train
22884,train
22885,train
22886,train
22887,train
22888,train
22889,train
22890,test
22891,test
22892,train
22893,train
22894,train
22895,train
22896,train
22897,train
22898,train
22899,validation
22900,train
22901,train
22902,train
22903,train
22904,validation
22905,train
22906,train
22907,train
22908,validation
22909,train
22910,test
22911,train
22912,train
22913,train
22914,train
22915,train
22916,train
22917,train
22918,train
22919,train
22920,train
22921,train
22922,train
22923,train
22924,train
22925,train
22926,train
22927,train
22928,train
22929,train
22930,train
22931,train
22932,validation
22933,train
22934,train
22935,train
22936,train
22937,train
22938,train
22939,train
22940,test
22941,train
22942,train
22943,train
22944,train
22945,train
22946,train
22947,test
22948,train
22949,train
22950,train
22951,train
22952,train
22953,test
22954,train
22955,train
22956,validation
22957,train
22958,validation
22959,train
22960,train
22961,train
22962,train
22963,validation
22964,train
22965,train
22966,train
22967,train
22968,train
22969,train
22970,validation
22971,train
22972,train
22973,train
22974,validation
22975,train
22976,train
22977,validation
22978,train
22979,train
22980,train
22981,train
22982,train
22983,train
22984,test
22985,train
22986,train
22987,validation
22988,train
22989,train
22990,train
22991,train
22992,train
22993,train
22994,train
22995,train
22996,train
22997,test
22998,train
22999,train
23000,train
23001,train
23002,train
23003,train
23004,test
23005,train
23006,train
23007,train
23008,train
23009,train
23010,train
23011,train
23012,train
23013,train
23014,train
23015,train
23016,test
23017,train
23018,train
23019,train
23020,train
23021,test
23022,train
23023,train
23024,train
23025,train
23026,train
23027,train
23028,train
23029,train
23030,train
23031,train
23032,test
23033,train
23034,train
23035,train
23036,train
23037,validation
23038,train
23039,train
23040,train
23041,train
23042,train
23043,train
23044,train
23045,validation
23046,train
23047,train
23048,train
23049,train
23050,train
23051,train
23052,train
23053,train
23054,train
23055,validation
23056,train
23057,train
23058,train
23059,train
23060,train
23061,train
23062,test
23063,train
23064,train
23065,train
23066,train
23067,train
23068,train
23069,train
23070,validation
23071,train
23072,train
23073,train
23074,train
23075,train
23076,train
23077,train
23078,train
23079,train
23080,train
23081,test
23082,train
23083,train
23084,train
23085,train
23086,train
23087,validation
23088,train
23089,train
23090,train
23091,validation
23092,train
23093,train
23094,train
23095,train
23096,train
23097,train
23098,train
23099,train
23100,validation
23101,train
23102,train
23103,train
23104,train
23105,train
23106,validation
23107,test
23108,train
23109,train
23110,validation
23111,train
23112,train
23113,train
23114,train
23115,test
23116,train
23117,train
23118,train
23119,train
23120,validation
23121,train
23122,train
23123,validation
23124,train
23125,validation
23126,train
23127,validation
23128,train
23129,train
23130,test
23131,test
23132,train
23133,train
23134,train
23135,train
23136,train
23137,train
23138,train
23139,train
23140,train
23141,train
23142,train
23143,train
23144,validation
23145,train
23146,train
23147,validation
23148,test
23149,train
23150,train
23151,train
23152,test
23153,validation
23154,test
23155,train
23156,train
23157,train
23158,train
23159,validation
23160,train
23161,train
23162,train
23163,train
23164,train
23165,train
23166,train
23167,train
23168,validation
23169,train
23170,train
23171,validation
23172,train
23173,test
23174,train
23175,train
23176,test
23177,validation
23178,train
23179,train
23180,train
23181,train
23182,validation
23183,train
23184,train
23185,train
23186,train
23187,train
23188,validation
23189,train
23190,train
23191,train
23192,train
23193,train
23194,train
23195,train
23196,train
23197,train
23198,train
23199,validation
23200,train
23201,train
23202,test
23203,test
23204,train
23205,train
23206,train
23207,validation
23208,train
23209,test
23210,train
23211,train
23212,train
23213,train
23214,train
23215,train
23216,train
23217,test
23218,train
23219,train
23220,train
23221,test
23222,train
23223,train
23224,train
23225,train
23226,train
23227,train
23228,train
23229,validation
23230,train
23231,train
23232,train
23233,train
23234,validation
23235,train
23236,test
23237,train
23238,train
23239,train
23240,train
23241,train
23242,test
23243,train
23244,train
23245,train
23246,train
23247,train
23248,train
23249,test
23250,test
23251,test
23252,train
23253,validation
23254,train
23255,train
23256,train
23257,train
23258,train
23259,train
23260,train
23261,train
23262,train
23263,validation
23264,train
23265,train
23266,train
23267,train
23268,train
23269,train
23270,train
23271,train
23272,train
23273,train
23274,train
23275,train
23276,train
23277,train
23278,train
23279,train
23280,train
23281,train
23282,train
23283,train
23284,train
23285,train
23286,test
23287,train
23288,validation
23289,train
23290,train
23291,train
23292,train
23293,train
23294,validation
23295,train
23296,test
23297,test
23298,test
23299,train
23300,train
23301,train
23302,train
23303,train
23304,test
23305,train
23306,train
23307,train
23308,train
23309,train
23310,validation
23311,train
23312,train
23313,train
23314,train
23315,test
23316,train
23317,train
23318,validation
23319,train
23320,train
23321,train
23322,test
23323,test
23324,train
23325,train
23326,train
23327,train
23328,train
23329,validation
23330,train
23331,train
23332,train
23333,test
23334,train
23335,train
23336,train
23337,train
23338,train
23339,train
23340,train
23341,train
23342,train
23343,train
23344,train
23345,train
23346,validation
23347,train
23348,train
23349,validation
23350,train
23351,validation
23352,train
23353,train
23354,train
23355,train
23356,train
23357,train
23358,validation
23359,test
23360,test
23361,train
23362,train
23363,train
23364,train
23365,train
23366,train
23367,train
23368,train
23369,test
23370,train
23371,validation
23372,train
23373,train
23374,train
23375,train
23376,test
23377,train
23378,test
23379,train
23380,train
23381,train
23382,train
23383,train
23384,test
23385,train
23386,train
23387,train
23388,train
23389,train
23390,train
23391,train
23392,train
23393,train
23394,train
23395,train
23396,train
23397,test
23398,train
23399,train
23400,train
23401,train
23402,train
23403,train
23404,train
23405,validation
23406,train
23407,train
23408,train
23409,validation
23410,train
23411,train
23412,train
23413,train
23414,validation
23415,train
23416,train
23417,test
23418,train
23419,validation
23420,train
23421,train
23422,train
23423,train
23424,train
23425,train
23426,train
23427,train
23428,train
23429,train
23430,train
23431,train
23432,train
23433,train
23434,train
23435,train
23436,train
23437,train
23438,validation
23439,train
23440,train
23441,train
23442,train
23443,train
23444,train
23445,validation
23446,train
23447,test
23448,train
23449,train
23450,train
23451,train
23452,train
23453,train
23454,train
23455,train
23456,train
23457,train
23458,train
23459,train
23460,train
23461,train
23462,train
23463,train
23464,train
23465,train
23466,train
23467,train
23468,train
23469,train
23470,train
23471,train
23472,train
23473,train
23474,train
23475,train
23476,train
23477,train
23478,train
23479,train
23480,validation
23481,train
23482,validation
23483,train
23484,train
23485,train
23486,train
23487,train
23488,train
23489,test
23490,test
23491,train
23492,validation
23493,train
23494,train
23495,train
23496,train
23497,train
23498,train
23499,train
23500,train
23501,train
23502,train
23503,train
23504,train
23505,train
23506,train
23507,train
23508,train
23509,train
23510,train
23511,train
23512,test
23513,train
23514,train
23515,train
23516,train
23517,train
23518,train
23519,test
23520,train
23521,train
23522,train
23523,train
23524,train
23525,train
23526,train
23527,train
23528,train
23529,train
23530,train
23531,train
23532,train
23533,validation
23534,train
23535,train
23536,validation
23537,train
23538,train
23539,train
23540,test
23541,train
23542,train
23543,test
23544,train
23545,test
23546,train
23547,train
23548,train
23549,train
23550,train
23551,train
23552,train
23553,test
23554,train
23555,train
23556,train
23557,train
23558,train
23559,train
23560,test
23561,validation
23562,train
23563,train
23564,test
23565,train
23566,train
23567,train
23568,train
23569,train
23570,train
23571,train
23572,train
23573,train
23574,validation
23575,train
23576,train
23577,train
23578,train
23579,train
23580,train
23581,train
23582,train
23583,train
23584,train
23585,train
23586,train
23587,train
23588,train
23589,train
23590,test
23591,train
23592,train
23593,validation
23594,train
23595,train
23596,train
23597,train
23598,test
23599,train
23600,validation
23601,train
23602,train
23603,train
23604,train
23605,train
23606,train
23607,validation
23608,validation
23609,train
23610,train
23611,train
23612,train
23613,train
23614,train
23615,train
23616,train
23617,train
23618,train
23619,train
23620,train
23621,test
23622,train
23623,train
23624,train
23625,train
23626,train
23627,validation
23628,test
23629,train
23630,train
23631,train
23632,train
23633,train
23634,train
23635,train
23636,train
23637,train
23638,train
23639,train
23640,train
23641,test
23642,train
23643,train
23644,train
23645,train
23646,train
23647,train
23648,train
23649,train
23650,train
23651,train
23652,test
23653,train
23654,train
23655,train
23656,train
23657,validation
23658,train
23659,train
23660,test
23661,train
23662,train
23663,train
23664,validation
23665,test
23666,train
23667,train
23668,test
23669,validation
23670,validation
23671,train
23672,validation
23673,validation
23674,train
23675,train
23676,train
23677,train
23678,train
23679,train
23680,train
23681,train
23682,train
23683,train
23684,train
23685,validation
23686,train
23687,train
23688,train
23689,train
23690,train
23691,train
23692,train
23693,train
23694,validation
23695,test
23696,train
23697,train
23698,train
23699,validation
23700,train
23701,train
23702,train
23703,train
23704,train
23705,train
23706,train
23707,train
23708,train
23709,train
23710,train
23711,train
23712,train
23713,train
23714,train
23715,train
23716,validation
23717,train
23718,train
23719,train
23720,train
23721,test
23722,train
23723,train
23724,train
23725,train
23726,train
23727,train
23728,validation
23729,train
23730,train
23731,train
23732,train
23733,validation
23734,train
23735,train
23736,train
23737,train
23738,train
23739,train
23740,train
23741,train
23742,train
23743,train
23744,train
23745,validation
23746,train
23747,validation
23748,train
23749,train
23750,test
23751,train
23752,validation
23753,train
23754,validation
23755,train
23756,validation
23757,train
23758,train
23759,train
23760,train
23761,test
23762,train
23763,train
23764,test
23765,train
23766,train
23767,train
23768,train
23769,validation
23770,validation
23771,train
23772,test
23773,test
23774,train
23775,train
23776,train
23777,train
23778,train
23779,train
23780,train
23781,train
23782,train
23783,train
23784,test
23785,train
23786,train
23787,test
23788,train
23789,train
23790,train
23791,train
23792,train
23793,test
23794,test
23795,train
23796,train
23797,train
23798,train
23799,train
23800,train
23801,train
23802,train
23803,train
23804,train
23805,train
23806,train
23807,validation
23808,train
23809,train
23810,train
23811,train
23812,train
23813,test
23814,train
23815,train
23816,train
23817,validation
23818,test
23819,train
23820,train
23821,train
23822,train
23823,validation
23824,train
23825,test
23826,test
23827,train
23828,train
23829,train
23830,train
23831,validation
23832,train
23833,train
23834,validation
23835,train
23836,train
23837,train
23838,validation
23839,validation
23840,train
23841,train
23842,train
23843,train
23844,train
23845,train
23846,train
23847,train
23848,train
23849,validation
23850,train
23851,train
23852,train
23853,train
23854,train
23855,train
23856,train
23857,train
23858,validation
23859,train
23860,train
23861,train
23862,train
23863,test
23864,train
23865,train
23866,train
23867,train
23868,test
23869,train
23870,validation
23871,train
23872,train
23873,train
23874,train
23875,train
23876,train
23877,train
23878,test
23879,train
23880,train
23881,train
23882,train
23883,train
23884,train
23885,train
23886,train
23887,train
23888,train
23889,train
23890,train
23891,train
23892,train
23893,train
23894,train
23895,train
23896,train
23897,train
23898,test
23899,train
23900,train
23901,train
23902,train
23903,train
23904,train
23905,train
23906,train
23907,test
23908,train
23909,train
23910,validation
23911,train
23912,test
23913,train
23914,test
23915,train
23916,test
23917,validation
23918,train
23919,test
23920,train
23921,train
23922,train
23923,train
23924,train
23925,train
23926,train
23927,train
23928,test
23929,train
23930,test
23931,train
23932,train
23933,train
23934,train
23935,train
23936,train
23937,validation
23938,train
23939,train
23940,train
23941,validation
23942,train
23943,train
23944,test
23945,train
23946,train
23947,train
23948,train
23949,train
23950,train
23951,train
23952,train
23953,train
23954,train
23955,train
23956,train
23957,train
23958,train
23959,validation
23960,train
23961,train
23962,train
23963,train
23964,train
23965,train
23966,train
23967,train
23968,train
23969,train
23970,train
23971,train
23972,train
23973,train
23974,train
23975,train
23976,train
23977,train
23978,test
23979,train
23980,test
23981,train
23982,train
23983,train
23984,train
23985,train
23986,train
23987,train
23988,train
23989,test
23990,train
23991,validation
23992,train
23993,test
23994,validation
23995,train
23996,train
23997,train
23998,train
23999,train
24000,validation
24001,train
24002,train
24003,train
24004,train
24005,train
24006,train
24007,train
24008,train
24009,train
24010,train
24011,train
24012,train
24013,test
24014,train
24015,train
24016,test
24017,train
24018,test
24019,train
24020,train
24021,train
24022,train
24023,train
24024,train
24025,validation
24026,test
24027,train
24028,train
24029,train
24030,train
24031,train
24032,train
24033,train
24034,train
24035,train
24036,train
24037,train
24038,test
24039,train
24040,train
24041,test
24042,test
24043,train
24044,train
24045,test
24046,train
24047,train
24048,train
24049,train
24050,train
24051,train
24052,train
24053,validation
24054,train
24055,train
24056,train
24057,validation
24058,train
24059,validation
24060,train
24061,test
24062,train
24063,validation
24064,train
24065,train
24066,train
24067,train
24068,train
24069,train
24070,train
24071,train
24072,test
24073,train
24074,train
24075,train
24076,validation
24077,train
24078,validation
24079,train
24080,train
24081,test
24082,train
24083,train
24084,train
24085,train
24086,validation
24087,train
24088,train
24089,validation
24090,train
24091,train
24092,train
24093,train
24094,train
24095,train
24096,test
24097,validation
24098,train
24099,train
24100,test
24101,train
24102,train
24103,train
24104,train
24105,train
24106,train
24107,train
24108,train
24109,test
24110,train
24111,test
24112,validation
24113,train
24114,train
24115,train
24116,train
24117,train
24118,train
24119,train
24120,train
24121,train
24122,train
24123,train
24124,train
24125,validation
24126,validation
24127,validation
24128,train
24129,train
24130,train
24131,train
24132,test
24133,train
24134,train
24135,train
24136,train
24137,train
24138,train
24139,train
24140,validation
24141,train
24142,train
24143,train
24144,train
24145,train
24146,train
24147,train
24148,train
24149,test
24150,train
24151,train
24152,test
24153,test
24154,train
24155,test
24156,train
24157,train
24158,train
24159,train
24160,train
24161,train
24162,train
24163,test
24164,train
24165,train
24166,train
24167,train
24168,train
24169,train
24170,train
24171,train
24172,train
24173,train
24174,test
24175,train
24176,train
24177,test
24178,test
24179,train
24180,train
24181,train
24182,train
24183,train
24184,train
24185,train
24186,train
24187,train
24188,train
24189,validation
24190,train
24191,train
24192,train
24193,train
24194,train
24195,validation
24196,train
24197,train
24198,test
24199,train
24200,train
24201,train
24202,train
24203,train
24204,train
24205,train
24206,validation
24207,train
24208,train
24209,train
24210,train
24211,train
24212,train
24213,train
24214,test
24215,train
24216,test
24217,train
24218,train
24219,train
24220,train
24221,train
24222,train
24223,train
24224,train
24225,validation
24226,train
24227,train
24228,train
24229,test
24230,test
24231,train
24232,train
24233,train
24234,train
24235,train
24236,train
24237,train
24238,validation
24239,train
24240,train
24241,train
24242,train
24243,train
24244,train
24245,train
24246,train
24247,train
24248,train
24249,validation
24250,train
24251,train
24252,train
24253,train
24254,train
24255,train
24256,validation
24257,train
24258,train
24259,train
24260,train
24261,train
24262,train
24263,train
24264,train
24265,train
24266,test
24267,test
24268,train
24269,train
24270,train
24271,train
24272,train
24273,train
24274,test
24275,train
24276,train
24277,train
24278,train
24279,train
24280,train
24281,train
24282,train
24283,train
24284,test
24285,train
24286,train
24287,test
24288,train
24289,test
24290,validation
24291,train
24292,train
24293,train
24294,train
24295,train
24296,train
24297,train
24298,test
24299,train
24300,train
24301,train
24302,train
24303,train
24304,train
24305,train
24306,validation
24307,train
24308,train
24309,train
24310,train
24311,validation
24312,train
24313,train
24314,test
24315,train
24316,train
24317,train
24318,train
24319,train
24320,train
24321,test
24322,train
24323,test
24324,train
24325,train
24326,train
24327,test
24328,train
24329,train
24330,train
24331,train
24332,train
24333,test
24334,train
24335,train
24336,test
24337,train
24338,train
24339,train
24340,train
24341,train
24342,train
24343,train
24344,train
24345,train
24346,train
24347,train
24348,train
24349,train
24350,validation
24351,train
24352,train
24353,train
24354,train
24355,train
24356,train
24357,train
24358,train
24359,train
24360,train
24361,train
24362,train
24363,train
24364,test
24365,validation
24366,test
24367,train
24368,train
24369,train
24370,train
24371,train
24372,train
24373,train
24374,train
24375,train
24376,train
24377,train
24378,train
24379,validation
24380,train
24381,train
24382,train
24383,train
24384,train
24385,train
24386,train
24387,train
24388,train
24389,validation
24390,train
24391,train
24392,train
24393,train
24394,train
24395,test
24396,train
24397,train
24398,train
24399,test
24400,train
24401,train
24402,train
24403,train
24404,validation
24405,train
24406,test
24407,train
24408,train
24409,train
24410,train
24411,train
24412,train
24413,train
24414,train
24415,validation
24416,train
24417,train
24418,train
24419,train
24420,train
24421,validation
24422,train
24423,train
24424,train
24425,test
24426,train
24427,test
24428,train
24429,validation
24430,train
24431,train
24432,train
24433,train
24434,test
24435,train
24436,train
24437,train
24438,test
24439,train
24440,train
24441,train
24442,train
24443,train
24444,test
24445,train
24446,train
24447,validation
24448,test
24449,train
24450,train
24451,test
24452,test
24453,train
24454,test
24455,train
24456,train
24457,validation
24458,train
24459,train
24460,train
24461,validation
24462,validation
24463,test
24464,train
24465,validation
24466,train
24467,train
24468,train
24469,train
24470,train
24471,train
24472,train
24473,train
24474,validation
24475,train
24476,train
24477,train
24478,train
24479,train
24480,train
24481,train
24482,train
24483,train
24484,train
24485,train
24486,test
24487,train
24488,train
24489,train
24490,train
24491,train
24492,validation
24493,train
24494,test
24495,train
24496,train
24497,train
24498,test
24499,validation
24500,train
24501,test
24502,validation
24503,train
24504,train
24505,validation
24506,train
24507,train
24508,train
24509,train
24510,train
24511,train
24512,train
24513,train
24514,test
24515,train
24516,train
24517,train
24518,test
24519,train
24520,train
24521,train
24522,train
24523,train
24524,train
24525,train
24526,validation
24527,train
24528,train
24529,train
24530,train
24531,train
24532,train
24533,train
24534,train
24535,train
24536,train
24537,train
24538,train
24539,train
24540,train
24541,train
24542,train
24543,train
24544,train
24545,train
24546,validation
24547,train
24548,train
24549,test
24550,train
24551,train
24552,train
24553,train
24554,train
24555,train
24556,train
24557,validation
24558,train
24559,train
24560,train
24561,train
24562,train
24563,train
24564,train
24565,train
24566,train
24567,train
24568,train
24569,train
24570,train
24571,train
24572,train
24573,train
24574,train
24575,train
24576,train
24577,train
24578,train
24579,train
24580,train
24581,train
24582,train
24583,train
24584,test
24585,train
24586,train
24587,train
24588,train
24589,validation
24590,train
24591,validation
24592,train
24593,train
24594,train
24595,train
24596,train
24597,train
24598,train
24599,train
24600,train
24601,train
24602,test
24603,train
24604,train
24605,train
24606,validation
24607,test
24608,train
24609,train
24610,train
24611,validation
24612,train
24613,train
24614,train
24615,train
24616,train
24617,train
24618,train
24619,train
24620,train
24621,train
24622,train
24623,train
24624,train
24625,train
24626,train
24627,train
24628,train
24629,train
24630,train
24631,train
24632,train
24633,train
24634,train
24635,train
24636,train
24637,train
24638,train
24639,train
24640,train
24641,train
24642,train
24643,test
24644,train
24645,train
24646,validation
24647,test
24648,train
24649,train
24650,train
24651,train
24652,train
24653,train
24654,train
24655,train
24656,train
24657,train
24658,train
24659,train
24660,test
24661,validation
24662,validation
24663,train
24664,validation
24665,test
24666,train
24667,validation
24668,train
24669,train
24670,test
24671,train
24672,train
24673,train
24674,train
24675,test
24676,train
24677,train
24678,train
24679,train
24680,train
24681,train
24682,train
24683,train
24684,train
24685,train
24686,validation
24687,train
24688,train
24689,train
24690,train
24691,train
24692,train
24693,train
24694,train
24695,train
24696,train
24697,train
24698,train
24699,train
24700,train
24701,train
24702,train
24703,validation
24704,test
24705,train
24706,train
24707,train
24708,train
24709,validation
24710,train
24711,validation
24712,train
24713,train
24714,test
24715,train
24716,train
24717,train
24718,train
24719,train
24720,test
24721,train
24722,train
24723,test
24724,train
24725,train
24726,train
24727,validation
24728,validation
24729,train
24730,validation
24731,train
24732,train
24733,train
24734,train
24735,test
24736,train
24737,validation
24738,validation
24739,train
24740,train
24741,train
24742,train
24743,validation
24744,train
24745,test
24746,train
24747,train
24748,train
24749,train
24750,train
24751,train
24752,train
24753,train
24754,train
24755,train
24756,train
24757,validation
24758,train
24759,train
24760,train
24761,test
24762,train
24763,train
24764,train
24765,train
24766,train
24767,train
24768,train
24769,train
24770,train
24771,train
24772,train
24773,train
24774,train
24775,train
24776,validation
24777,validation
24778,train
24779,train
24780,train
24781,validation
24782,test
24783,train
24784,test
24785,train
24786,train
24787,validation
24788,train
24789,train
24790,train
24791,train
24792,train
24793,train
24794,train
24795,train
24796,train
24797,train
24798,validation
24799,train
24800,train
24801,train
24802,train
24803,train
24804,train
24805,train
24806,train
24807,test
24808,train
24809,train
24810,validation
24811,train
24812,train
24813,test
24814,train
24815,train
24816,train
24817,test
24818,train
24819,train
24820,train
24821,train
24822,train
24823,test
24824,train
24825,train
24826,train
24827,train
24828,train
24829,train
24830,train
24831,validation
24832,validation
24833,test
24834,train
24835,train
24836,train
24837,train
24838,train
24839,train
24840,test
24841,train
24842,train
24843,train
24844,train
24845,validation
24846,train
24847,test
24848,train
24849,train
24850,test
24851,train
24852,train
24853,train
24854,train
24855,train
24856,train
24857,train
24858,train
24859,validation
24860,train
24861,train
24862,train
24863,train
24864,train
24865,train
24866,train
24867,train
24868,train
24869,train
24870,train
24871,train
24872,train
24873,test
24874,train
24875,train
24876,train
24877,train
24878,train
24879,train
24880,train
24881,train
24882,train
24883,train
24884,train
24885,train
24886,test
24887,train
24888,train
24889,test
24890,train
24891,train
24892,train
24893,train
24894,train
24895,train
24896,train
24897,train
24898,test
24899,train
24900,train
24901,train
24902,train
24903,train
24904,train
24905,train
24906,train
24907,train
24908,train
24909,train
24910,validation
24911,train
24912,train
24913,train
24914,validation
24915,train
24916,validation
24917,train
24918,train
24919,train
24920,train
24921,train
24922,train
24923,train
24924,train
24925,train
24926,train
24927,train
24928,train
24929,train
24930,train
24931,train
24932,train
24933,train
24934,train
24935,train
24936,train
24937,validation
24938,train
24939,train
24940,test
24941,train
24942,train
24943,train
24944,train
24945,train
24946,train
24947,train
24948,test
24949,train
24950,validation
24951,train
24952,train
24953,train
24954,train
24955,train
24956,validation
24957,train
24958,train
24959,train
24960,train
24961,train
24962,test
24963,train
24964,train
24965,train
24966,train
24967,validation
24968,train
24969,test
24970,train
24971,train
24972,test
24973,train
24974,train
24975,validation
24976,train
24977,train
24978,train
24979,train
24980,train
24981,validation
24982,test
24983,test
24984,train
24985,train
24986,train
24987,validation
24988,train
24989,train
24990,validation
24991,train
24992,train
24993,train
24994,test
24995,validation
24996,train
24997,train
24998,test
24999,train
25000,train
25001,train
25002,train
25003,train
25004,train
25005,validation
25006,train
25007,train
25008,train
25009,train
25010,test
25011,train
25012,train
25013,train
25014,train
25015,train
25016,train
25017,train
25018,test
25019,train
25020,train
25021,train
25022,train
25023,validation
25024,test
25025,train
25026,train
25027,train
25028,train
25029,test
25030,validation
25031,train
25032,train
25033,train
25034,train
25035,train
25036,train
25037,train
25038,train
25039,train
25040,train
25041,validation
25042,train
25043,train
25044,train
25045,validation
25046,train
25047,train
25048,validation
25049,test
25050,test
25051,train
25052,train
25053,train
25054,train
25055,test
25056,train
25057,test
25058,train
25059,train
25060,train
25061,train
25062,train
25063,train
25064,test
25065,train
25066,train
25067,train
25068,train
25069,train
25070,train
25071,train
25072,test
25073,train
25074,train
25075,validation
25076,validation
25077,train
25078,validation
25079,train
25080,train
25081,train
25082,test
25083,train
25084,train
25085,train
25086,train
25087,test
25088,train
25089,train
25090,train
25091,train
25092,train
25093,test
25094,train
25095,train
25096,train
25097,train
25098,train
25099,train
25100,train
25101,test
25102,train
25103,train
25104,train
25105,train
25106,test
25107,validation
25108,train
25109,train
25110,train
25111,train
25112,validation
25113,train
25114,train
25115,validation
25116,train
25117,train
25118,train
25119,train
25120,train
25121,train
25122,train
25123,train
25124,train
25125,train
25126,validation
25127,test
25128,train
25129,train
25130,train
25131,validation
25132,train
25133,train
25134,train
25135,test
25136,train
25137,train
25138,test
25139,train
25140,validation
25141,train
25142,train
25143,train
25144,train
25145,train
25146,train
25147,train
25148,validation
25149,train
25150,train
25151,train
25152,train
25153,train
25154,train
25155,train
25156,train
25157,validation
25158,train
25159,train
25160,train
25161,train
25162,train
25163,train
25164,validation
25165,train
25166,train
25167,train
25168,train
25169,train
25170,validation
25171,test
25172,train
25173,test
25174,train
25175,train
25176,train
25177,train
25178,train
25179,train
25180,train
25181,train
25182,train
25183,train
25184,train
25185,train
25186,train
25187,train
25188,train
25189,train
25190,train
25191,train
25192,train
25193,test
25194,train
25195,train
25196,train
25197,train
25198,test
25199,train
25200,train
25201,train
25202,train
25203,train
25204,validation
25205,train
25206,train
25207,train
25208,train
25209,test
25210,train
25211,test
25212,validation
25213,train
25214,validation
25215,train
25216,train
25217,train
25218,train
25219,train
25220,train
25221,train
25222,train
25223,train
25224,train
25225,train
25226,test
25227,test
25228,test
25229,validation
25230,train
25231,train
25232,train
25233,train
25234,train
25235,train
25236,train
25237,train
25238,train
25239,train
25240,train
25241,train
25242,train
25243,train
25244,test
25245,train
25246,train
25247,train
25248,test
25249,train
25250,train
25251,train
25252,train
25253,train
25254,train
25255,train
25256,train
25257,train
25258,train
25259,test
25260,test
25261,validation
25262,test
25263,test
25264,train
25265,train
25266,train
25267,train
25268,train
25269,train
25270,train
25271,train
25272,train
25273,train
25274,train
25275,train
25276,train
25277,validation
25278,train
25279,validation
25280,train
25281,train
25282,train
25283,train
25284,train
25285,train
25286,train
25287,validation
25288,train
25289,train
25290,validation
25291,train
25292,train
25293,train
25294,train
25295,train
25296,train
25297,train
25298,train
25299,train
25300,train
25301,train
25302,train
25303,train
25304,train
25305,train
25306,train
25307,train
25308,train
25309,train
25310,train
25311,train
25312,train
25313,train
25314,train
25315,train
25316,train
25317,train
25318,validation
25319,test
25320,train
25321,train
25322,train
25323,train
25324,train
25325,train
25326,test
25327,test
25328,train
25329,train
25330,train
25331,train
25332,train
25333,train
25334,train
25335,train
25336,train
25337,train
25338,train
25339,train
25340,train
25341,train
25342,train
25343,train
25344,train
25345,test
25346,train
25347,test
25348,validation
25349,train
25350,train
25351,validation
25352,train
25353,test
25354,train
25355,train
25356,train
25357,train
25358,train
25359,train
25360,train
25361,validation
25362,train
25363,validation
25364,train
25365,train
25366,train
25367,train
25368,train
25369,train
25370,train
25371,train
25372,train
25373,train
25374,train
25375,test
25376,test
25377,train
25378,validation
25379,test
25380,train
25381,validation
25382,train
25383,train
25384,train
25385,train
25386,train
25387,train
25388,train
25389,test
25390,train
25391,train
25392,train
25393,test
25394,train
25395,train
25396,test
25397,train
25398,train
25399,train
25400,train
25401,train
25402,train
25403,validation
25404,train
25405,train
25406,train
25407,train
25408,train
25409,train
25410,train
25411,train
25412,train
25413,train
25414,train
25415,validation
25416,train
25417,train
25418,train
25419,test
25420,train
25421,train
25422,train
25423,train
25424,train
25425,validation
25426,train
25427,train
25428,train
25429,test
25430,train
25431,train
25432,train
25433,test
25434,train
25435,train
25436,train
25437,train
25438,train
25439,train
25440,train
25441,train
25442,train
25443,test
25444,train
25445,train
25446,train
25447,train
25448,train
25449,train
25450,train
25451,train
25452,train
25453,train
25454,train
25455,validation
25456,train
25457,validation
25458,train
25459,train
25460,train
25461,train
25462,train
25463,train
25464,train
25465,train
25466,train
25467,train
25468,train
25469,train
25470,train
25471,train
25472,train
25473,train
25474,train
25475,validation
25476,train
25477,train
25478,train
25479,train
25480,train
25481,train
25482,train
25483,train
25484,train
25485,train
25486,train
25487,train
25488,test
25489,train
25490,train
25491,train
25492,train
25493,train
25494,train
25495,train
25496,train
25497,train
25498,train
25499,test
25500,train
25501,train
25502,train
25503,train
25504,train
25505,train
25506,train
25507,train
25508,train
25509,train
25510,validation
25511,train
25512,test
25513,train
25514,train
25515,train
25516,train
25517,train
25518,train
25519,train
25520,train
25521,train
25522,train
25523,train
25524,validation
25525,train
25526,train
25527,test
25528,train
25529,train
25530,train
25531,train
25532,train
25533,train
25534,train
25535,train
25536,train
25537,train
25538,train
25539,test
25540,train
25541,train
25542,train
25543,train
25544,train
25545,train
25546,test
25547,train
25548,test
25549,train
25550,validation
25551,train
25552,train
25553,validation
25554,test
25555,validation
25556,train
25557,train
25558,train
25559,train
25560,train
25561,train
25562,train
25563,validation
25564,train
25565,train
25566,train
25567,train
25568,train
25569,train
25570,train
25571,test
25572,train
25573,train
25574,train
25575,train
25576,train
25577,train
25578,train
25579,validation
25580,train
25581,train
25582,test
25583,train
25584,train
25585,test
25586,train
25587,train
25588,train
25589,validation
25590,train
25591,train
25592,test
25593,train
25594,validation
25595,train
25596,train
25597,validation
25598,test
25599,train
25600,train
25601,train
25602,test
25603,train
25604,validation
25605,test
25606,train
25607,train
25608,train
25609,train
25610,train
25611,train
25612,train
25613,train
25614,train
25615,train
25616,train
25617,train
25618,validation
25619,test
25620,train
25621,train
25622,train
25623,train
25624,train
25625,validation
25626,train
25627,train
25628,train
25629,test
25630,train
25631,train
25632,validation
25633,train
25634,test
25635,train
25636,train
25637,train
25638,train
25639,train
25640,train
25641,train
25642,train
25643,train
25644,train
25645,train
25646,train
25647,train
25648,test
25649,train
25650,train
25651,train
25652,train
25653,train
25654,train
25655,train
25656,train
25657,test
25658,test
25659,train
25660,validation
25661,train
25662,train
25663,train
25664,test
25665,train
25666,train
25667,train
25668,train
25669,train
25670,train
25671,train
25672,train
25673,train
25674,validation
25675,train
25676,train
25677,train
25678,train
25679,train
25680,train
25681,train
25682,train
25683,test
25684,validation
25685,train
25686,train
25687,test
25688,test
25689,train
25690,validation
25691,train
25692,train
25693,train
25694,test
25695,test
25696,train
25697,train
25698,train
25699,test
25700,train
25701,test
25702,train
25703,train
25704,train
25705,train
25706,test
25707,train
25708,validation
25709,train
25710,train
25711,train
25712,train
25713,train
25714,train
25715,train
25716,train
25717,train
25718,train
25719,test
25720,train
25721,train
25722,train
25723,train
25724,train
25725,train
25726,test
25727,test
25728,train
25729,train
25730,train
25731,test
25732,validation
25733,test
25734,train
25735,train
25736,train
25737,train
25738,test
25739,train
25740,train
25741,train
25742,train
25743,train
25744,test
25745,train
25746,train
25747,test
25748,train
25749,train
25750,train
25751,train
25752,train
25753,train
25754,test
25755,train
25756,train
25757,train
25758,train
25759,train
25760,train
25761,train
25762,train
25763,train
25764,train
25765,train
25766,train
25767,train
25768,train
25769,train
25770,train
25771,train
25772,train
25773,train
25774,test
25775,train
25776,train
25777,train
25778,train
25779,train
25780,validation
25781,train
25782,train
25783,train
25784,train
25785,train
25786,train
25787,train
25788,train
25789,validation
25790,train
25791,train
25792,train
25793,train
25794,train
25795,train
25796,train
25797,train
25798,train
25799,train
25800,train
25801,train
25802,test
25803,train
25804,validation
25805,train
25806,train
25807,train
25808,train
25809,train
25810,validation
25811,train
25812,validation
25813,test
25814,train
25815,train
25816,train
25817,train
25818,train
25819,train
25820,train
25821,train
25822,train
25823,validation
25824,train
25825,train
25826,validation
25827,train
25828,test
25829,train
25830,train
25831,train
25832,train
25833,train
25834,train
25835,test
25836,train
25837,test
25838,train
25839,train
25840,train
25841,test
25842,validation
25843,train
25844,train
25845,validation
25846,train
25847,train
25848,train
25849,train
25850,train
25851,train
25852,train
25853,train
25854,train
25855,train
25856,train
25857,train
25858,train
25859,validation
25860,train
25861,train
25862,train
25863,train
25864,train
25865,train
25866,train
25867,train
25868,train
25869,train
25870,train
25871,train
25872,train
25873,train
25874,train
25875,train
25876,train
25877,train
25878,train
25879,validation
25880,train
25881,validation
25882,train
25883,train
25884,train
25885,train
25886,validation
25887,train
25888,train
25889,train
25890,train
25891,train
25892,validation
25893,train
25894,train
25895,train
25896,train
25897,train
25898,train
25899,train
25900,validation
25901,train
25902,train
25903,train
25904,validation
25905,test
25906,train
25907,train
25908,train
25909,train
25910,train
25911,test
25912,test
25913,train
25914,train
25915,train
25916,train
25917,test
25918,train
25919,train
25920,test
25921,validation
25922,train
25923,train
25924,validation
25925,train
25926,train
25927,train
25928,train
25929,train
25930,validation
25931,train
25932,train
25933,train
25934,train
25935,train
25936,train
25937,train
25938,validation
25939,train
25940,validation
25941,test
25942,train
25943,train
25944,test
25945,test
25946,train
25947,train
25948,train
25949,test
25950,test
25951,train
25952,train
25953,train
25954,train
25955,train
25956,train
25957,train
25958,validation
25959,train
25960,train
25961,train
25962,validation
25963,train
25964,train
25965,train
25966,train
25967,train
25968,train
25969,train
25970,train
25971,validation
25972,train
25973,train
25974,train
25975,train
25976,train
25977,train
25978,train
25979,train
25980,train
25981,train
25982,train
25983,test
25984,train
25985,train
25986,train
25987,train
25988,test
25989,train
25990,train
25991,train
25992,train
25993,train
25994,train
25995,train
25996,train
25997,validation
25998,train
25999,train
26000,train
26001,train
26002,train
26003,validation
26004,train
26005,train
26006,train
26007,train
26008,test
26009,train
26010,validation
26011,train
26012,test
26013,train
26014,train
26015,train
26016,train
26017,train
26018,train
26019,train
26020,train
26021,train
26022,validation
26023,train
26024,train
26025,train
26026,train
26027,train
26028,train
26029,validation
26030,train
26031,train
26032,train
26033,train
26034,train
26035,test
26036,test
26037,train
26038,train
26039,train
26040,train
26041,test
26042,test
26043,train
26044,test
26045,test
26046,train
26047,train
26048,train
26049,train
26050,validation
26051,test
26052,train
26053,train
26054,train
26055,train
26056,train
26057,train
26058,validation
26059,validation
26060,train
26061,train
26062,validation
26063,train
26064,train
26065,train
26066,train
26067,train
26068,train
26069,train
26070,validation
26071,train
26072,train
26073,validation
26074,train
26075,train
26076,validation
26077,train
26078,validation
26079,train
26080,train
26081,train
26082,train
26083,train
26084,train
26085,train
26086,train
26087,train
26088,train
26089,test
26090,train
26091,train
26092,train
26093,train
26094,validation
26095,train
26096,train
26097,train
26098,train
26099,train
26100,train
26101,train
26102,test
26103,train
26104,train
26105,train
26106,train
26107,train
26108,train
26109,train
26110,train
26111,train
26112,validation
26113,validation
26114,train
26115,train
26116,train
26117,train
26118,train
26119,validation
26120,train
26121,train
26122,test
26123,train
26124,train
26125,train
26126,train
26127,train
26128,train
26129,train
26130,train
26131,train
26132,train
26133,train
26134,train
26135,train
26136,train
26137,train
26138,train
26139,train
26140,train
26141,train
26142,train
26143,validation
26144,train
26145,train
26146,train
26147,test
26148,train
26149,train
26150,train
26151,test
26152,train
26153,train
26154,train
26155,test
26156,train
26157,test
26158,train
26159,train
26160,train
26161,train
26162,train
26163,train
26164,train
26165,test
26166,train
26167,validation
26168,validation
26169,train
26170,train
26171,train
26172,train
26173,train
26174,train
26175,train
26176,train
26177,train
26178,train
26179,validation
26180,train
26181,train
26182,train
26183,train
26184,train
26185,train
26186,train
26187,train
26188,validation
26189,train
26190,test
26191,train
26192,validation
26193,train
26194,train
26195,train
26196,train
26197,test
26198,test
26199,validation
26200,train
26201,train
26202,train
26203,train
26204,train
26205,train
26206,train
26207,train
26208,train
26209,train
26210,train
26211,train
26212,train
26213,train
26214,train
26215,train
26216,train
26217,train
26218,train
26219,test
26220,test
26221,train
26222,train
26223,train
26224,validation
26225,train
26226,train
26227,train
26228,train
26229,train
26230,train
26231,train
26232,train
26233,train
26234,train
26235,train
26236,train
26237,test
26238,train
26239,train
26240,train
26241,train
26242,validation
26243,train
26244,train
26245,train
26246,train
26247,validation
26248,train
26249,train
26250,train
26251,train
26252,validation
26253,validation
26254,train
26255,train
26256,train
26257,train
26258,train
26259,train
26260,train
26261,train
26262,train
26263,train
26264,train
26265,train
26266,train
26267,train
26268,train
26269,train
26270,train
26271,train
26272,train
26273,train
26274,validation
26275,validation
26276,train
26277,test
26278,train
26279,train
26280,train
26281,train
26282,train
26283,test
26284,train
26285,train
26286,train
26287,train
26288,train
26289,train
26290,train
26291,validation
26292,validation
26293,test
26294,test
26295,train
26296,train
26297,train
26298,train
26299,train
26300,validation
26301,train
26302,train
26303,train
26304,train
26305,train
26306,train
26307,train
26308,train
26309,train
26310,train
26311,train
26312,train
26313,train
26314,train
26315,test
26316,train
26317,train
26318,validation
26319,train
26320,test
26321,validation
26322,train
26323,train
26324,train
26325,train
26326,train
26327,validation
26328,train
26329,train
26330,train
26331,train
26332,test
26333,train
26334,train
26335,train
26336,train
26337,train
26338,train
26339,train
26340,train
26341,train
26342,train
26343,test
26344,train
26345,train
26346,validation
26347,train
26348,train
26349,train
26350,train
26351,train
26352,train
26353,train
26354,validation
26355,train
26356,train
26357,train
26358,train
26359,train
26360,train
26361,test
26362,train
26363,train
26364,train
26365,validation
26366,train
26367,validation
26368,train
26369,test
26370,train
26371,test
26372,train
26373,train
26374,train
26375,train
26376,train
26377,test
26378,validation
26379,train
26380,validation
26381,train
26382,train
26383,test
26384,train
26385,train
26386,train
26387,train
26388,train
26389,train
26390,test
26391,train
26392,validation
26393,validation
26394,train
26395,train
26396,train
26397,train
26398,train
26399,train
26400,validation
26401,validation
26402,test
26403,train
26404,train
26405,train
26406,train
26407,validation
26408,train
26409,train
26410,train
26411,validation
26412,train
26413,train
26414,train
26415,train
26416,train
26417,train
26418,test
26419,train
26420,train
26421,train
26422,train
26423,train
26424,train
26425,train
26426,train
26427,train
26428,test
26429,train
26430,train
26431,train
26432,train
26433,train
26434,test
26435,train
26436,train
26437,train
26438,train
26439,train
26440,train
26441,train
26442,train
26443,train
26444,train
26445,test
26446,train
26447,train
26448,train
26449,train
26450,train
26451,train
26452,train
26453,train
26454,train
26455,validation
26456,validation
26457,train
26458,train
26459,validation
26460,train
26461,validation
26462,validation
26463,test
26464,train
26465,train
26466,test
26467,train
26468,train
26469,train
26470,train
26471,train
26472,train
26473,test
26474,train
26475,train
26476,train
26477,train
26478,train
26479,train
26480,train
26481,train
26482,train
26483,train
26484,train
26485,train
26486,train
26487,train
26488,train
26489,train
26490,test
26491,train
26492,train
26493,train
26494,validation
26495,train
26496,train
26497,train
26498,train
26499,validation
26500,train
26501,test
26502,train
26503,train
26504,validation
26505,train
26506,train
26507,train
26508,train
26509,train
26510,train
26511,validation
26512,validation
26513,train
26514,train
26515,train
26516,train
26517,validation
26518,train
26519,train
26520,train
26521,train
26522,train
26523,train
26524,train
26525,train
26526,train
26527,train
26528,train
26529,validation
26530,train
26531,train
26532,train
26533,train
26534,train
26535,train
26536,train
26537,train
26538,test
26539,train
26540,train
26541,validation
26542,train
26543,train
26544,train
26545,validation
26546,train
26547,train
26548,train
26549,test
26550,train
26551,test
26552,test
26553,train
26554,test
26555,train
26556,train
26557,validation
26558,train
26559,train
26560,validation
26561,train
26562,validation
26563,train
26564,train
26565,train
26566,train
26567,test
26568,train
26569,train
26570,train
26571,train
26572,train
26573,test
26574,train
26575,train
26576,validation
26577,train
26578,train
26579,test
26580,train
26581,train
26582,train
26583,validation
26584,test
26585,train
26586,test
26587,train
26588,train
26589,train
26590,train
26591,train
26592,train
26593,train
26594,train
26595,train
26596,train
26597,train
26598,train
26599,train
26600,train
26601,test
26602,train
26603,train
26604,train
26605,train
26606,train
26607,train
26608,train
26609,test
26610,train
26611,train
26612,train
26613,train
26614,train
26615,train
26616,train
26617,train
26618,train
26619,test
26620,train
26621,train
26622,train
26623,train
26624,train
26625,train
26626,train
26627,validation
26628,train
26629,validation
26630,train
26631,train
26632,train
26633,train
26634,train
26635,test
26636,train
26637,train
26638,train
26639,validation
26640,train
26641,train
26642,train
26643,train
26644,validation
26645,validation
26646,train
26647,validation
26648,validation
26649,train
26650,train
26651,validation
26652,train
26653,train
26654,validation
26655,train
26656,train
26657,train
26658,train
26659,train
26660,test
26661,train
26662,train
26663,train
26664,train
26665,train
26666,train
26667,train
26668,train
26669,train
26670,train
26671,train
26672,train
26673,validation
26674,train
26675,train
26676,train
26677,train
26678,test
26679,test
26680,test
26681,train
26682,train
26683,train
26684,train
26685,train
26686,train
26687,train
26688,train
26689,train
26690,train
26691,train
26692,train
26693,train
26694,train
26695,validation
26696,train
26697,train
26698,train
26699,train
26700,train
26701,train
26702,train
26703,validation
26704,train
26705,train
26706,train
26707,train
26708,train
26709,train
26710,test
26711,train
26712,validation
26713,train
26714,test
26715,test
26716,train
26717,train
26718,train
26719,validation
26720,test
26721,train
26722,train
26723,test
26724,train
26725,train
26726,train
26727,test
26728,train
26729,train
26730,train
26731,train
26732,test
26733,test
26734,validation
26735,train
26736,test
26737,train
26738,train
26739,train
26740,train
26741,train
26742,train
26743,train
26744,train
26745,train
26746,validation
26747,test
26748,train
26749,train
26750,train
26751,train
26752,train
26753,test
26754,train
26755,train
26756,train
26757,train
26758,train
26759,train
26760,train
26761,train
26762,train
26763,train
26764,train
26765,validation
26766,train
26767,train
26768,train
26769,train
26770,train
26771,validation
26772,validation
26773,train
26774,train
26775,train
26776,train
26777,train
26778,train
26779,train
26780,test
26781,train
26782,train
26783,train
26784,train
26785,train
26786,train
26787,train
26788,test
26789,train
26790,train
26791,train
26792,validation
26793,train
26794,validation
26795,train
26796,validation
26797,train
26798,train
26799,test
26800,train
26801,train
26802,train
26803,train
26804,train
26805,train
26806,train
26807,train
26808,train
26809,train
26810,train
26811,train
26812,train
26813,train
26814,train
26815,train
26816,train
26817,train
26818,validation
26819,train
26820,validation
26821,train
26822,train
26823,train
26824,train
26825,train
26826,validation
26827,train
26828,train
26829,train
26830,train
26831,train
26832,train
26833,validation
26834,train
26835,train
26836,train
26837,train
26838,validation
26839,test
26840,train
26841,test
26842,train
26843,train
26844,train
26845,train
26846,train
26847,train
26848,train
26849,validation
26850,train
26851,train
26852,train
26853,train
26854,train
26855,train
26856,train
26857,train
26858,train
26859,train
26860,train
26861,train
26862,train
26863,validation
26864,test
26865,train
26866,test
26867,train
26868,train
26869,train
26870,train
26871,validation
26872,train
26873,train
26874,train
26875,train
26876,train
26877,train
26878,train
26879,train
26880,validation
26881,train
26882,train
26883,train
26884,train
26885,test
26886,train
26887,train
26888,train
26889,train
26890,train
26891,validation
26892,train
26893,train
26894,train
26895,train
26896,train
26897,train
26898,validation
26899,train
26900,validation
26901,train
26902,train
26903,train
26904,train
26905,train
26906,train
26907,train
26908,train
26909,train
26910,validation
26911,train
26912,train
26913,train
26914,train
26915,validation
26916,train
26917,train
26918,validation
26919,train
26920,train
26921,test
26922,train
26923,train
26924,train
26925,test
26926,train
26927,train
26928,train
26929,validation
26930,train
26931,train
26932,train
26933,train
26934,test
26935,validation
26936,train
26937,train
26938,validation
26939,train
26940,train
26941,train
26942,train
26943,test
26944,train
26945,train
26946,test
26947,train
26948,test
26949,train
26950,train
26951,train
26952,train
26953,test
26954,train
26955,train
26956,test
26957,test
26958,test
26959,train
26960,train
26961,train
26962,train
26963,train
26964,validation
26965,train
26966,train
26967,train
26968,validation
26969,train
26970,test
26971,train
26972,test
26973,train
26974,train
26975,train
26976,train
26977,validation
26978,train
26979,train
26980,train
26981,train
26982,train
26983,train
26984,train
26985,train
26986,train
26987,train
26988,test
26989,validation
26990,train
26991,train
26992,train
26993,train
26994,train
26995,train
26996,train
26997,validation
26998,train
26999,train
27000,train
27001,test
27002,train
27003,train
27004,train
27005,validation
27006,train
27007,train
27008,validation
27009,train
27010,train
27011,train
27012,train
27013,test
27014,test
27015,train
27016,train
27017,train
27018,train
27019,train
27020,train
27021,train
27022,train
27023,validation
27024,train
27025,train
27026,train
27027,train
27028,train
27029,test
27030,train
27031,train
27032,train
27033,train
27034,train
27035,train
27036,train
27037,train
27038,train
27039,train
27040,train
27041,train
27042,train
27043,test
27044,train
27045,train
27046,train
27047,train
27048,train
27049,train
27050,train
27051,train
27052,train
27053,train
27054,test
27055,validation
27056,train
27057,train
27058,train
27059,train
27060,train
27061,train
27062,train
27063,train
27064,test
27065,train
27066,train
27067,train
27068,train
27069,train
27070,train
27071,train
27072,train
27073,train
27074,train
27075,train
27076,test
27077,test
27078,train
27079,train
27080,train
27081,test
27082,test
27083,train
27084,validation
27085,train
27086,train
27087,test
27088,validation
27089,train
27090,train
27091,test
27092,train
27093,train
27094,validation
27095,train
27096,test
27097,train
27098,train
27099,train
27100,train
27101,train
27102,train
27103,train
27104,test
27105,train
27106,train
27107,train
27108,test
27109,train
27110,train
27111,train
27112,train
27113,train
27114,test
27115,train
27116,train
27117,train
27118,train
27119,train
27120,train
27121,train
27122,train
27123,train
27124,test
27125,train
27126,test
27127,train
27128,train
27129,train
27130,test
27131,train
27132,train
27133,train
27134,train
27135,train
27136,train
27137,train
27138,train
27139,train
27140,train
27141,validation
27142,train
27143,train
27144,test
27145,validation
27146,train
27147,train
27148,train
27149,train
27150,train
27151,train
27152,validation
27153,train
27154,train
27155,train
27156,train
27157,validation
27158,train
27159,train
27160,train
27161,train
27162,train
27163,train
27164,validation
27165,train
27166,train
27167,train
27168,train
27169,train
27170,train
27171,test
27172,train
27173,train
27174,train
27175,train
27176,train
27177,validation
27178,train
27179,train
27180,test
27181,train
27182,train
27183,train
27184,test
27185,test
27186,train
27187,train
27188,train
27189,validation
27190,train
27191,train
27192,validation
27193,train
27194,train
27195,train
27196,train
27197,validation
27198,train
27199,train
27200,train
27201,train
27202,validation
27203,validation
27204,train
27205,train
27206,train
27207,train
27208,train
27209,train
27210,train
27211,train
27212,train
27213,train
27214,validation
27215,train
27216,train
27217,train
27218,train
27219,train
27220,train
27221,validation
27222,train
27223,train
27224,train
27225,train
27226,train
27227,train
27228,train
27229,train
27230,train
27231,train
27232,train
27233,test
27234,validation
27235,validation
27236,train
27237,train
27238,train
27239,validation
27240,train
27241,train
27242,train
27243,train
27244,train
27245,test
27246,train
27247,train
27248,train
27249,train
27250,train
27251,train
27252,test
27253,validation
27254,test
27255,validation
27256,test
27257,train
27258,train
27259,validation
27260,test
27261,train
27262,train
27263,train
27264,train
27265,train
27266,validation
27267,train
27268,validation
27269,train
27270,train
27271,train
27272,train
27273,train
27274,validation
27275,train
27276,train
27277,test
27278,train
27279,train
27280,validation
27281,test
27282,train
27283,train
27284,train
27285,train
27286,train
27287,train
27288,train
27289,train
27290,train
27291,train
27292,train
27293,train
27294,train
27295,test
27296,validation
27297,train
27298,train
27299,train
27300,train
27301,train
27302,train
27303,validation
27304,train
27305,train
27306,train
27307,train
27308,train
27309,train
27310,train
27311,test
27312,train
27313,train
27314,train
27315,train
27316,train
27317,train
27318,test
27319,test
27320,train
27321,test
27322,train
27323,train
27324,train
27325,train
27326,train
27327,validation
27328,train
27329,validation
27330,train
27331,train
27332,train
27333,train
27334,train
27335,train
27336,train
27337,validation
27338,train
27339,train
27340,train
27341,train
27342,test
27343,train
27344,train
27345,train
27346,train
27347,train
27348,train
27349,train
27350,train
27351,train
27352,train
27353,train
27354,train
27355,train
27356,train
27357,train
27358,train
27359,train
27360,train
27361,train
27362,train
27363,train
27364,train
27365,validation
27366,train
27367,train
27368,train
27369,validation
27370,train
27371,train
27372,train
27373,test
27374,train
27375,train
27376,train
27377,validation
27378,train
27379,train
27380,test
27381,train
27382,train
27383,train
27384,test
27385,train
27386,train
27387,train
27388,train
27389,train
27390,train
27391,train
27392,train
27393,train
27394,train
27395,train
27396,train
27397,train
27398,train
27399,test
27400,train
27401,train
27402,train
27403,train
27404,validation
27405,train
27406,train
27407,train
27408,train
27409,validation
27410,train
27411,train
27412,train
27413,train
27414,train
27415,train
27416,validation
27417,train
27418,train
27419,train
27420,validation
27421,train
27422,train
27423,train
27424,train
27425,validation
27426,train
27427,train
27428,train
27429,train
27430,train
27431,test
27432,train
27433,train
27434,test
27435,test
27436,train
27437,train
27438,train
27439,train
27440,test
27441,train
27442,train
27443,train
27444,train
27445,train
27446,train
27447,test
27448,train
27449,train
27450,train
27451,train
27452,train
27453,train
27454,train
27455,train
27456,train
27457,test
27458,train
27459,train
27460,train
27461,train
27462,train
27463,train
27464,train
27465,train
27466,train
27467,train
27468,test
27469,train
27470,train
27471,train
27472,train
27473,train
27474,train
27475,train
27476,train
27477,train
27478,train
27479,train
27480,train
27481,train
27482,train
27483,train
27484,train
27485,validation
27486,train
27487,train
27488,train
27489,train
27490,train
27491,train
27492,validation
27493,train
27494,validation
27495,train
27496,validation
27497,train
27498,train
27499,test
27500,train
27501,train
27502,validation
27503,train
27504,train
27505,train
27506,validation
27507,train
27508,train
27509,train
27510,train
27511,validation
27512,validation
27513,train
27514,train
27515,train
27516,train
27517,train
27518,train
27519,train
27520,train
27521,train
27522,train
27523,train
27524,train
27525,train
27526,validation
27527,validation
27528,train
27529,train
27530,train
27531,train
27532,train
27533,train
27534,train
27535,train
27536,train
27537,train
27538,validation
27539,train
27540,train
27541,train
27542,train
27543,train
27544,validation
27545,validation
27546,train
27547,validation
27548,train
27549,train
27550,train
27551,train
27552,train
27553,train
27554,train
27555,validation
27556,validation
27557,train
27558,train
27559,train
27560,train
27561,train
27562,train
27563,validation
27564,train
27565,train
27566,test
27567,train
27568,train
27569,train
27570,train
27571,train
27572,train
27573,validation
27574,train
27575,train
27576,train
27577,train
27578,train
27579,train
27580,train
27581,train
27582,train
27583,test
27584,train
27585,train
27586,test
27587,train
27588,test
27589,train
27590,train
27591,train
27592,train
27593,train
27594,train
27595,train
27596,train
27597,train
27598,validation
27599,train
27600,test
27601,train
27602,train
27603,train
27604,train
27605,train
27606,train
27607,train
27608,train
27609,test
27610,train
27611,test
27612,train
27613,train
27614,validation
27615,train
27616,train
27617,train
27618,train
27619,train
27620,train
27621,train
27622,validation
27623,train
27624,train
27625,test
27626,train
27627,train
27628,train
27629,train
27630,validation
27631,train
27632,train
27633,test
27634,train
27635,train
27636,train
27637,train
27638,train
27639,train
27640,train
27641,train
27642,train
27643,train
27644,test
27645,train
27646,train
27647,train
27648,test
27649,test
27650,train
27651,train
27652,train
27653,train
27654,train
27655,validation
27656,train
27657,train
27658,train
27659,train
27660,validation
27661,train
27662,train
27663,train
27664,test
27665,test
27666,train
27667,validation
27668,train
27669,train
27670,train
27671,test
27672,train
27673,train
27674,train
27675,train
27676,train
27677,test
27678,train
27679,train
27680,train
27681,train
27682,test
27683,train
27684,train
27685,train
27686,train
27687,validation
27688,test
27689,train
27690,train
27691,test
27692,train
27693,train
27694,validation
27695,train
27696,train
27697,train
27698,train
27699,train
27700,validation
27701,train
27702,train
27703,train
27704,train
27705,train
27706,train
27707,train
27708,train
27709,validation
27710,train
27711,train
27712,train
27713,train
27714,train
27715,train
27716,test
27717,train
27718,train
27719,train
27720,train
27721,train
27722,train
27723,train
27724,train
27725,train
27726,train
27727,train
27728,train
27729,test
27730,train
27731,train
27732,train
27733,train
27734,train
27735,validation
27736,train
27737,train
27738,train
27739,train
27740,train
27741,train
27742,train
27743,train
27744,train
27745,train
27746,train
27747,train
27748,train
27749,validation
27750,train
27751,train
27752,train
27753,test
27754,train
27755,validation
27756,train
27757,train
27758,train
27759,train
27760,train
27761,train
27762,train
27763,train
27764,train
27765,train
27766,test
27767,train
27768,train
27769,train
27770,train
27771,train
27772,train
27773,train
27774,train
27775,train
27776,train
27777,train
27778,validation
27779,train
27780,train
27781,train
27782,test
27783,train
27784,test
27785,train
27786,train
27787,train
27788,test
27789,train
27790,train
27791,train
27792,train
27793,train
27794,train
27795,train
27796,validation
27797,train
27798,test
27799,train
27800,train
27801,validation
27802,train
27803,train
27804,train
27805,validation
27806,train
27807,train
27808,train
27809,train
27810,train
27811,train
27812,train
27813,train
27814,test
27815,train
27816,train
27817,train
27818,train
27819,train
27820,train
27821,train
27822,train
27823,train
27824,test
27825,train
27826,train
27827,train
27828,train
27829,train
27830,validation
27831,train
27832,train
27833,train
27834,validation
27835,train
27836,train
27837,train
27838,train
27839,train
27840,validation
27841,validation
27842,validation
27843,train
27844,validation
27845,train
27846,train
27847,train
27848,test
27849,train
27850,test
27851,train
27852,train
27853,train
27854,validation
27855,train
27856,train
27857,test
27858,train
27859,train
27860,train
27861,train
27862,train
27863,train
27864,train
27865,train
27866,train
27867,train
27868,validation
27869,test
27870,train
27871,train
27872,train
27873,train
27874,train
27875,train
27876,train
27877,train
27878,test
27879,train
27880,train
27881,train
27882,train
27883,train
27884,train
27885,validation
27886,train
27887,train
27888,train
27889,validation
27890,train
27891,train
27892,train
27893,validation
27894,train
27895,train
27896,train
27897,train
27898,train
27899,train
27900,train
27901,validation
27902,test
27903,train
27904,validation
27905,train
27906,train
27907,train
27908,train
27909,train
27910,train
27911,train
27912,train
27913,train
27914,validation
27915,train
27916,train
27917,train
27918,validation
27919,train
27920,train
27921,train
27922,train
27923,train
27924,test
27925,train
27926,train
27927,train
27928,test
27929,train
27930,validation
27931,validation
27932,train
27933,train
27934,train
27935,train
27936,train
27937,train
27938,train
27939,train
27940,train
27941,train
27942,train
27943,train
27944,train
27945,train
27946,train
27947,train
27948,train
27949,train
27950,train
27951,train
27952,validation
27953,train
27954,train
27955,train
27956,train
27957,train
27958,train
27959,test
27960,train
27961,train
27962,train
27963,train
27964,validation
27965,train
27966,train
27967,train
27968,train
27969,train
27970,train
27971,train
27972,train
27973,train
27974,train
27975,test
27976,train
27977,train
27978,test
27979,train
27980,train
27981,train
27982,train
27983,train
27984,train
27985,train
27986,train
27987,train
27988,train
27989,train
27990,train
27991,train
27992,train
27993,train
27994,train
27995,validation
27996,train
27997,train
27998,train
27999,train
28000,train
28001,train
28002,train
28003,train
28004,train
28005,train
28006,train
28007,train
28008,train
28009,train
28010,train
28011,train
28012,train
28013,train
28014,train
28015,train
28016,validation
28017,train
28018,train
28019,train
28020,train
28021,train
28022,train
28023,test
28024,validation
28025,train
28026,train
28027,train
28028,train
28029,validation
28030,train
28031,train
28032,train
28033,test
28034,test
28035,train
28036,validation
28037,train
28038,train
28039,validation
28040,train
28041,train
28042,train
28043,train
28044,validation
28045,train
28046,validation
28047,train
28048,train
28049,train
28050,train
28051,train
28052,train
28053,train
28054,train
28055,train
28056,train
28057,train
28058,train
28059,test
28060,validation
28061,validation
28062,train
28063,train
28064,train
28065,train
28066,train
28067,train
28068,validation
28069,train
28070,train
28071,train
28072,validation
28073,train
28074,test
28075,train
28076,train
28077,train
28078,validation
28079,train
28080,train
28081,train
28082,train
28083,train
28084,validation
28085,test
28086,test
28087,train
28088,train
28089,validation
28090,train
28091,test
28092,train
28093,train
28094,train
28095,validation
28096,train
28097,train
28098,validation
28099,train
28100,train
28101,train
28102,train
28103,train
28104,train
28105,train
28106,test
28107,train
28108,train
28109,train
28110,train
28111,test
28112,train
28113,train
28114,train
28115,train
28116,train
28117,validation
28118,test
28119,train
28120,test
28121,train
28122,train
28123,train
28124,train
28125,train
28126,train
28127,train
28128,test
28129,train
28130,train
28131,train
28132,train
28133,train
28134,test
28135,train
28136,train
28137,train
28138,train
28139,train
28140,train
28141,train
28142,train
28143,test
28144,train
28145,train
28146,train
28147,train
28148,train
28149,train
28150,train
28151,train
28152,train
28153,train
28154,train
28155,test
28156,train
28157,train
28158,validation
28159,train
28160,train
28161,validation
28162,test
28163,train
28164,train
28165,train
28166,train
28167,train
28168,train
28169,validation
28170,train
28171,train
28172,validation
28173,train
28174,train
28175,train
28176,train
28177,validation
28178,train
28179,test
28180,train
28181,train
28182,validation
28183,train
28184,train
28185,test
28186,train
28187,train
28188,train
28189,train
28190,train
28191,train
28192,validation
28193,validation
28194,train
28195,validation
28196,validation
28197,test
28198,test
28199,test
28200,train
28201,train
28202,train
28203,train
28204,train
28205,train
28206,train
28207,train
28208,train
28209,test
28210,train
28211,train
28212,train
28213,train
28214,test
28215,train
28216,train
28217,train
28218,train
28219,test
28220,test
28221,train
28222,train
28223,train
28224,train
28225,train
28226,train
28227,test
28228,train
28229,train
28230,train
28231,train
28232,train
28233,train
28234,test
28235,train
28236,train
28237,validation
28238,validation
28239,train
28240,validation
28241,train
28242,train
28243,train
28244,train
28245,train
28246,train
28247,train
28248,train
28249,validation
28250,train
28251,train
28252,validation
28253,train
28254,validation
28255,train
28256,train
28257,train
28258,train
28259,train
28260,train
28261,validation
28262,validation
28263,train
28264,train
28265,train
28266,test
28267,train
28268,train
28269,test
28270,train
28271,train
28272,train
28273,train
28274,train
28275,train
28276,train
28277,test
28278,train
28279,train
28280,train
28281,validation
28282,train
28283,train
28284,test
28285,train
28286,train
28287,train
28288,train
28289,train
28290,train
28291,train
28292,test
28293,train
28294,train
28295,train
28296,train
28297,train
28298,train
28299,test
28300,train
28301,validation
28302,test
28303,train
28304,validation
28305,train
28306,train
28307,train
28308,train
28309,validation
28310,train
28311,test
28312,train
28313,train
28314,validation
28315,train
28316,train
28317,train
28318,train
28319,train
28320,train
28321,train
28322,train
28323,train
28324,train
28325,train
28326,validation
28327,train
28328,train
28329,train
28330,train
28331,validation
28332,train
28333,train
28334,train
28335,train
28336,train
28337,train
28338,train
28339,train
28340,train
28341,train
28342,train
28343,train
28344,train
28345,train
28346,validation
28347,train
28348,train
28349,train
28350,train
28351,validation
28352,validation
28353,train
28354,train
28355,train
28356,train
28357,train
28358,train
28359,train
28360,train
28361,test
28362,train
28363,train
28364,train
28365,train
28366,train
28367,train
28368,train
28369,train
28370,train
28371,train
28372,test
28373,train
28374,train
28375,train
28376,train
28377,validation
28378,train
28379,test
28380,train
28381,train
28382,train
28383,validation
28384,train
28385,train
28386,train
28387,train
28388,train
28389,train
28390,train
28391,train
28392,train
28393,test
28394,train
28395,train
28396,train
28397,train
28398,train
28399,test
28400,train
28401,train
28402,train
28403,test
28404,train
28405,train
28406,train
28407,train
28408,validation
28409,train
28410,train
28411,train
28412,train
28413,train
28414,train
28415,train
28416,train
28417,train
28418,train
28419,train
28420,train
28421,train
28422,validation
28423,train
28424,train
28425,train
28426,train
28427,train
28428,train
28429,validation
28430,train
28431,test
28432,train
28433,train
28434,train
28435,train
28436,train
28437,train
28438,test
28439,train
28440,train
28441,train
28442,train
28443,validation
28444,train
28445,train
28446,test
28447,train
28448,train
28449,train
28450,train
28451,train
28452,train
28453,train
28454,train
28455,train
28456,test
28457,train
28458,train
28459,train
28460,train
28461,train
28462,test
28463,train
28464,train
28465,train
28466,train
28467,train
28468,train
28469,train
28470,train
28471,train
28472,train
28473,train
28474,train
28475,test
28476,train
28477,train
28478,train
28479,train
28480,train
28481,validation
28482,train
28483,train
28484,train
28485,train
28486,train
28487,train
28488,train
28489,train
28490,train
28491,validation
28492,train
28493,train
28494,validation
28495,validation
28496,train
28497,train
28498,train
28499,train
28500,train
28501,validation
28502,train
28503,train
28504,train
28505,train
28506,test
28507,test
28508,train
28509,test
28510,train
28511,train
28512,train
28513,train
28514,train
28515,train
28516,validation
28517,train
28518,train
28519,train
28520,train
28521,train
28522,train
28523,train
28524,validation
28525,train
28526,train
28527,train
28528,train
28529,train
28530,train
28531,train
28532,train
28533,train
28534,train
28535,train
28536,train
28537,validation
28538,train
28539,train
28540,train
28541,validation
28542,train
28543,train
28544,train
28545,train
28546,train
28547,train
28548,train
28549,train
28550,train
28551,train
28552,train
28553,train
28554,train
28555,train
28556,train
28557,test
28558,train
28559,train
28560,train
28561,train
28562,validation
28563,train
28564,train
28565,train
28566,train
28567,test
28568,train
28569,train
28570,validation
28571,validation
28572,validation
28573,train
28574,train
28575,train
28576,train
28577,train
28578,test
28579,validation
28580,train
28581,train
28582,train
28583,validation
28584,test
28585,train
28586,train
28587,train
28588,train
28589,train
28590,train
28591,train
28592,train
28593,validation
28594,train
28595,train
28596,train
28597,train
28598,validation
28599,train
28600,train
28601,train
28602,validation
28603,train
28604,train
28605,train
28606,train
28607,train
28608,train
28609,train
28610,validation
28611,train
28612,train
28613,train
28614,test
28615,train
28616,validation
28617,train
28618,train
28619,test
28620,train
28621,train
28622,validation
28623,train
28624,train
28625,train
28626,train
28627,test
28628,train
28629,test
28630,train
28631,train
28632,train
28633,test
28634,train
28635,train
28636,train
28637,train
28638,train
28639,train
28640,train
28641,test
28642,train
28643,train
28644,train
28645,train
28646,train
28647,test
28648,validation
28649,test
28650,train
28651,train
28652,train
28653,train
28654,train
28655,train
28656,test
28657,test
28658,train
28659,train
28660,train
28661,train
28662,train
28663,train
28664,train
28665,train
28666,train
28667,train
28668,train
28669,train
28670,validation
28671,train
28672,train
28673,train
28674,train
28675,train
28676,train
28677,train
28678,train
28679,train
28680,train
28681,train
28682,train
28683,train
28684,train
28685,train
28686,train
28687,train
28688,train
28689,train
28690,train
28691,train
28692,train
28693,test
28694,train
28695,train
28696,test
28697,train
28698,train
28699,train
28700,train
28701,train
28702,test
28703,test
28704,train
28705,train
28706,train
28707,validation
28708,train
28709,train
28710,train
28711,train
28712,train
28713,train
28714,train
28715,train
28716,train
28717,train
28718,validation
28719,train
28720,train
28721,train
28722,train
28723,train
28724,train
28725,train
28726,train
28727,validation
28728,train
28729,train
28730,train
28731,train
28732,train
28733,train
28734,train
28735,train
28736,train
28737,validation
28738,train
28739,train
28740,test
28741,validation
28742,train
28743,train
28744,train
28745,train
28746,train
28747,train
28748,train
28749,train
28750,train
28751,train
28752,train
28753,train
28754,train
28755,test
28756,train
28757,train
28758,train
28759,train
28760,train
28761,train
28762,train
28763,test
28764,train
28765,train
28766,train
28767,train
28768,train
28769,train
28770,train
28771,validation
28772,train
28773,test
28774,train
28775,validation
28776,test
28777,test
28778,train
28779,train
28780,validation
28781,train
28782,train
28783,validation
28784,test
28785,train
28786,train
28787,validation
28788,train
28789,train
28790,train
28791,validation
28792,test
28793,validation
28794,train
28795,test
28796,train
28797,train
28798,train
28799,train
28800,train
28801,train
28802,test
28803,train
28804,train
28805,train
28806,train
28807,train
28808,train
28809,train
28810,train
28811,validation
28812,train
28813,validation
28814,train
28815,train
28816,train
28817,validation
28818,train
28819,train
28820,train
28821,test
28822,validation
28823,test
28824,train
28825,train
28826,validation
28827,test
28828,train
28829,train
28830,train
28831,train
28832,train
28833,train
28834,train
28835,train
28836,train
28837,train
28838,train
28839,train
28840,train
28841,train
28842,test
28843,train
28844,train
28845,train
28846,train
28847,train
28848,test
28849,train
28850,train
28851,train
28852,test
28853,train
28854,train
28855,test
28856,train
28857,train
28858,train
28859,train
28860,validation
28861,train
28862,train
28863,train
28864,train
28865,train
28866,train
28867,test
28868,validation
28869,train
28870,train
28871,train
28872,train
28873,train
28874,test
28875,train
28876,validation
28877,train
28878,validation
28879,train
28880,test
28881,test
28882,train
28883,train
28884,train
28885,train
28886,test
28887,train
28888,train
28889,train
28890,train
28891,train
28892,train
28893,train
28894,test
28895,train
28896,train
28897,train
28898,train
28899,train
28900,train
28901,train
28902,train
28903,test
28904,train
28905,train
28906,validation
28907,train
28908,test
28909,train
28910,train
28911,validation
28912,train
28913,train
28914,train
28915,train
28916,validation
28917,train
28918,train
28919,train
28920,train
28921,train
28922,train
28923,train
28924,train
28925,train
28926,train
28927,train
28928,train
28929,train
28930,validation
28931,train
28932,train
28933,train
28934,train
28935,train
28936,test
28937,test
28938,train
28939,train
28940,train
28941,train
28942,train
28943,train
28944,train
28945,train
28946,test
28947,train
28948,validation
28949,train
28950,train
28951,train
28952,train
28953,train
28954,train
28955,train
28956,train
28957,train
28958,train
28959,train
28960,train
28961,train
28962,train
28963,train
28964,train
28965,train
28966,train
28967,train
28968,train
28969,validation
28970,train
28971,train
28972,train
28973,train
28974,train
28975,train
28976,train
28977,train
28978,train
28979,train
28980,train
28981,train
28982,train
28983,train
28984,train
28985,train
28986,train
28987,train
28988,train
28989,train
28990,train
28991,test
28992,train
28993,train
28994,validation
28995,train
28996,train
28997,train
28998,train
28999,train
29000,validation
29001,train
29002,train
29003,train
29004,train
29005,train
29006,train
29007,train
29008,train
29009,validation
29010,validation
29011,train
29012,train
29013,train
29014,validation
29015,train
29016,train
29017,test
29018,train
29019,train
29020,train
29021,train
29022,train
29023,train
29024,train
29025,train
29026,train
29027,train
29028,train
29029,train
29030,train
29031,train
29032,train
29033,train
29034,train
29035,train
29036,train
29037,train
29038,train
29039,validation
29040,train
29041,test
29042,train
29043,train
29044,train
29045,validation
29046,train
29047,validation
29048,train
29049,train
29050,train
29051,train
29052,train
29053,train
29054,test
29055,train
29056,train
29057,train
29058,validation
29059,train
29060,train
29061,test
29062,train
29063,train
29064,validation
29065,train
29066,test
29067,train
29068,train
29069,train
29070,train
29071,train
29072,train
29073,test
29074,test
29075,train
29076,validation
29077,train
29078,train
29079,train
29080,test
29081,test
29082,train
29083,train
29084,train
29085,train
29086,train
29087,train
29088,train
29089,validation
29090,train
29091,train
29092,train
29093,train
29094,train
29095,train
29096,train
29097,train
29098,train
29099,train
29100,train
29101,train
29102,train
29103,train
29104,validation
29105,train
29106,train
29107,test
29108,train
29109,train
29110,train
29111,train
29112,train
29113,test
29114,train
29115,train
29116,train
29117,train
29118,train
29119,train
29120,train
29121,train
29122,train
29123,train
29124,train
29125,validation
29126,train
29127,train
29128,train
29129,train
29130,train
29131,train
29132,validation
29133,train
29134,train
29135,train
29136,train
29137,train
29138,train
29139,validation
29140,train
29141,train
29142,train
29143,test
29144,validation
29145,train
29146,validation
29147,validation
29148,train
29149,train
29150,train
29151,train
29152,train
29153,train
29154,validation
29155,test
29156,train
29157,train
29158,train
29159,train
29160,train
29161,validation
29162,train
29163,train
29164,train
29165,train
29166,train
29167,test
29168,validation
29169,train
29170,train
29171,train
29172,train
29173,train
29174,train
29175,train
29176,train
29177,test
29178,train
29179,train
29180,test
29181,validation
29182,train
29183,validation
29184,train
29185,train
29186,train
29187,train
29188,train
29189,train
29190,test
29191,train
29192,train
29193,train
29194,train
29195,train
29196,train
29197,validation
29198,validation
29199,train
29200,train
29201,train
29202,train
29203,train
29204,train
29205,test
29206,train
29207,train
29208,train
29209,validation
29210,train
29211,train
29212,train
29213,train
29214,train
29215,validation
29216,train
29217,train
29218,train
29219,train
29220,validation
29221,validation
29222,test
29223,train
29224,test
29225,validation
29226,train
29227,train
29228,validation
29229,train
29230,train
29231,train
29232,test
29233,train
29234,test
29235,validation
29236,train
29237,train
29238,train
29239,train
29240,train
29241,train
29242,train
29243,test
29244,train
29245,train
29246,train
29247,train
29248,validation
29249,train
29250,train
29251,train
29252,train
29253,train
29254,train
29255,train
29256,test
29257,test
29258,train
29259,train
29260,test
29261,train
29262,train
29263,train
29264,validation
29265,train
29266,train
29267,validation
29268,train
29269,train
29270,train
29271,train
29272,train
29273,train
29274,train
29275,train
29276,train
29277,train
29278,train
29279,train
29280,validation
29281,train
29282,train
29283,train
29284,train
29285,train
29286,test
29287,train
29288,train
29289,train
29290,train
29291,train
29292,train
29293,validation
29294,train
29295,train
29296,train
29297,train
29298,test
29299,train
29300,train
29301,train
29302,train
29303,train
29304,train
29305,train
29306,train
29307,train
29308,train
29309,train
29310,train
29311,train
29312,train
29313,test
29314,train
29315,validation
29316,train
29317,test
29318,train
29319,test
29320,train
29321,train
29322,train
29323,train
29324,validation
29325,test
29326,train
29327,train
29328,train
29329,test
29330,train
29331,train
29332,train
29333,train
29334,train
29335,train
29336,train
29337,test
29338,validation
29339,train
29340,train
29341,train
29342,validation
29343,train
29344,validation
29345,train
29346,test
29347,train
29348,train
29349,validation
29350,validation
29351,train
29352,train
29353,test
29354,train
29355,train
29356,train
29357,train
29358,train
29359,train
29360,train
29361,train
29362,train
29363,train
29364,train
29365,train
29366,train
29367,train
29368,test
29369,train
29370,train
29371,test
29372,validation
29373,train
29374,train
29375,train
29376,train
29377,train
29378,train
29379,train
29380,train
29381,test
29382,train
29383,train
29384,train
29385,train
29386,train
29387,train
29388,test
29389,train
29390,test
29391,train
29392,train
29393,validation
29394,train
29395,train
29396,train
29397,train
29398,train
29399,train
29400,train
29401,train
29402,train
29403,train
29404,test
29405,train
29406,train
29407,train
29408,train
29409,train
29410,validation
29411,train
29412,train
29413,train
29414,train
29415,train
29416,train
29417,train
29418,train
29419,validation
29420,train
29421,test
29422,validation
29423,train
29424,train
29425,train
29426,train
29427,test
29428,train
29429,train
29430,train
29431,train
29432,train
29433,train
29434,train
29435,train
29436,test
29437,train
29438,train
29439,train
29440,train
29441,train
29442,train
29443,train
29444,train
29445,train
29446,train
29447,train
29448,train
29449,train
29450,train
29451,train
29452,train
29453,train
29454,train
29455,train
29456,train
29457,train
29458,train
29459,validation
29460,train
29461,validation
29462,train
29463,validation
29464,test
29465,train
29466,train
29467,test
29468,test
29469,train
29470,train
29471,train
29472,train
29473,train
29474,train
29475,train
29476,train
29477,train
29478,train
29479,train
29480,train
29481,train
29482,train
29483,train
29484,train
29485,train
29486,train
29487,train
29488,validation
29489,test
29490,train
29491,train
29492,test
29493,train
29494,validation
29495,train
29496,train
29497,train
29498,validation
29499,train
29500,train
29501,train
29502,train
29503,test
29504,train
29505,test
29506,train
29507,validation
29508,train
29509,train
29510,test
29511,train
29512,train
29513,validation
29514,train
29515,train
29516,validation
29517,train
29518,test
29519,train
29520,train
29521,train
29522,test
29523,train
29524,train
29525,train
29526,validation
29527,train
29528,train
29529,train
29530,train
29531,train
29532,train
29533,train
29534,train
29535,train
29536,train
29537,train
29538,train
29539,train
29540,train
29541,train
29542,train
29543,train
29544,train
29545,train
29546,train
29547,train
29548,train
29549,train
29550,train
29551,train
29552,train
29553,train
29554,train
29555,train
29556,test
29557,train
29558,test
29559,train
29560,train
29561,train
29562,train
29563,train
29564,validation
29565,validation
29566,test
29567,train
29568,train
29569,train
29570,train
29571,train
29572,train
29573,test
29574,train
29575,train
29576,train
29577,train
29578,train
29579,train
29580,train
29581,train
29582,train
29583,train
29584,train
29585,train
29586,train
29587,train
29588,train
29589,test
29590,validation
29591,train
29592,train
29593,train
29594,train
29595,validation
29596,train
29597,train
29598,train
29599,train
29600,train
29601,train
29602,train
29603,train
29604,test
29605,train
29606,train
29607,train
29608,train
29609,train
29610,train
29611,train
29612,train
29613,train
29614,train
29615,train
29616,test
29617,train
29618,train
29619,train
29620,train
29621,test
29622,test
29623,test
29624,train
29625,train
29626,train
29627,train
29628,train
29629,train
29630,test
29631,train
29632,train
29633,train
29634,train
29635,train
29636,train
29637,validation
29638,test
29639,train
29640,train
29641,train
29642,train
29643,train
29644,test
29645,train
29646,train
29647,test
29648,train
29649,train
29650,validation
29651,validation
