ticket_id,Department
1,Technical Support
2,Returns and Exchanges
3,Billing and Payments
4,Sales and Pre-Sales
5,Technical Support
7,Technical Support
8,Product Support
9,IT Support
10,Product Support
11,Product Support
12,Customer Service
13,Technical Support
14,Customer Service
15,Service Outages and Maintenance
16,Technical Support
17,Technical Support
18,Human Resources
19,Billing and Payments
20,IT Support
21,Technical Support
22,Technical Support
23,Technical Support
26,Technical Support
27,Customer Service
28,Billing and Payments
29,Technical Support
30,Technical Support
31,General Inquiry
32,Product Support
34,Customer Service
35,Technical Support
36,Customer Service
39,Technical Support
41,Customer Service
42,Customer Service
43,Billing and Payments
44,Customer Service
45,Technical Support
46,IT Support
47,Technical Support
50,Product Support
51,Customer Service
52,IT Support
53,IT Support
54,Technical Support
55,Product Support
56,Technical Support
57,Returns and Exchanges
58,Technical Support
59,Technical Support
61,Billing and Payments
63,IT Support
64,Service Outages and Maintenance
65,Human Resources
66,Billing and Payments
67,Technical Support
69,Technical Support
71,Service Outages and Maintenance
72,Technical Support
73,IT Support
74,IT Support
76,Technical Support
77,General Inquiry
78,Customer Service
79,Billing and Payments
80,IT Support
81,Technical Support
82,Billing and Payments
84,Billing and Payments
85,Service Outages and Maintenance
86,Technical Support
87,Service Outages and Maintenance
88,Product Support
89,Returns and Exchanges
90,Sales and Pre-Sales
91,Product Support
92,IT Support
94,Customer Service
96,Product Support
97,Technical Support
98,Customer Service
99,Customer Service
101,Technical Support
103,Technical Support
104,Product Support
105,Customer Service
106,Technical Support
107,Product Support
108,Technical Support
109,Human Resources
110,Billing and Payments
111,Customer Service
112,Technical Support
113,Billing and Payments
114,Product Support
116,Technical Support
117,Customer Service
118,Technical Support
119,Technical Support
120,IT Support
122,General Inquiry
123,Customer Service
124,Customer Service
125,Technical Support
127,IT Support
128,Product Support
129,Technical Support
130,Technical Support
132,Technical Support
133,IT Support
134,Technical Support
135,IT Support
136,Product Support
137,Service Outages and Maintenance
138,Product Support
140,IT Support
141,IT Support
142,Sales and Pre-Sales
143,Customer Service
144,Service Outages and Maintenance
145,Product Support
147,Product Support
148,IT Support
149,Technical Support
150,Technical Support
151,Technical Support
153,Product Support
154,Technical Support
155,Product Support
158,Product Support
159,Product Support
160,Product Support
161,Technical Support
162,Returns and Exchanges
163,Product Support
164,Product Support
166,Technical Support
168,Technical Support
169,Sales and Pre-Sales
171,Returns and Exchanges
173,Customer Service
175,Product Support
176,Customer Service
177,Technical Support
178,IT Support
179,Product Support
181,Technical Support
182,Technical Support
183,Product Support
185,Technical Support
186,Product Support
187,Product Support
188,Product Support
189,Technical Support
190,Product Support
191,Product Support
192,Customer Service
193,Sales and Pre-Sales
194,Product Support
195,Technical Support
197,Technical Support
198,Sales and Pre-Sales
199,Billing and Payments
200,Product Support
201,Billing and Payments
205,Sales and Pre-Sales
206,Technical Support
207,IT Support
208,Billing and Payments
210,Product Support
212,IT Support
213,Technical Support
214,Product Support
215,Technical Support
216,IT Support
217,IT Support
218,Technical Support
219,Service Outages and Maintenance
220,Customer Service
221,Technical Support
222,Technical Support
223,Technical Support
224,Technical Support
226,General Inquiry
227,Technical Support
228,Technical Support
229,IT Support
230,Returns and Exchanges
231,Customer Service
234,Product Support
236,Billing and Payments
237,Technical Support
238,Service Outages and Maintenance
239,Technical Support
240,Product Support
242,Technical Support
243,Billing and Payments
244,General Inquiry
245,Customer Service
246,Technical Support
248,IT Support
249,Customer Service
250,Sales and Pre-Sales
251,General Inquiry
252,Service Outages and Maintenance
253,Technical Support
254,Product Support
256,Product Support
258,Product Support
259,Product Support
260,Technical Support
261,IT Support
262,Customer Service
263,Technical Support
264,Service Outages and Maintenance
266,Customer Service
267,Customer Service
268,Product Support
270,IT Support
272,Service Outages and Maintenance
274,Billing and Payments
275,Product Support
276,Product Support
277,Service Outages and Maintenance
279,Sales and Pre-Sales
280,Service Outages and Maintenance
281,Product Support
282,Customer Service
283,General Inquiry
285,Billing and Payments
286,Customer Service
287,Technical Support
288,Billing and Payments
289,Product Support
290,Returns and Exchanges
292,Service Outages and Maintenance
293,Technical Support
294,IT Support
295,Product Support
296,Customer Service
297,IT Support
298,Product Support
299,Technical Support
300,Returns and Exchanges
301,Customer Service
302,Product Support
303,Human Resources
304,Customer Service
305,Technical Support
306,General Inquiry
307,Customer Service
308,Customer Service
309,Product Support
310,Customer Service
311,Customer Service
312,Product Support
313,Technical Support
314,Technical Support
315,Technical Support
316,IT Support
317,Technical Support
318,Customer Service
319,Billing and Payments
321,Product Support
322,Product Support
325,Service Outages and Maintenance
326,Technical Support
327,Sales and Pre-Sales
329,Technical Support
330,Product Support
331,Billing and Payments
332,Product Support
333,Billing and Payments
334,Technical Support
335,Technical Support
337,Product Support
338,Customer Service
339,Customer Service
340,Customer Service
341,Technical Support
342,Technical Support
343,Product Support
344,Product Support
345,IT Support
346,Technical Support
347,Product Support
348,Customer Service
349,Billing and Payments
350,Technical Support
353,Technical Support
354,Billing and Payments
355,Technical Support
356,Technical Support
357,Technical Support
358,Returns and Exchanges
359,IT Support
362,IT Support
363,Customer Service
364,Product Support
365,IT Support
366,Technical Support
368,Customer Service
369,Technical Support
370,Product Support
371,Service Outages and Maintenance
372,Technical Support
373,Technical Support
374,Product Support
375,General Inquiry
377,Sales and Pre-Sales
379,Technical Support
381,Customer Service
382,Product Support
384,IT Support
385,Technical Support
387,Technical Support
388,Service Outages and Maintenance
389,Customer Service
390,Technical Support
391,IT Support
392,Billing and Payments
393,Product Support
394,IT Support
395,Human Resources
397,Customer Service
398,Returns and Exchanges
399,Product Support
400,Technical Support
402,Technical Support
403,Technical Support
404,Billing and Payments
405,IT Support
406,Technical Support
407,IT Support
408,Customer Service
409,Technical Support
411,Technical Support
412,Technical Support
413,Product Support
414,Service Outages and Maintenance
415,Product Support
416,Product Support
419,Customer Service
420,Technical Support
421,Customer Service
422,Service Outages and Maintenance
423,Customer Service
424,Product Support
425,Product Support
426,Technical Support
427,Technical Support
430,Customer Service
431,Customer Service
432,Technical Support
433,Product Support
434,Customer Service
435,Product Support
436,Technical Support
438,Customer Service
439,Product Support
440,Technical Support
441,Returns and Exchanges
442,General Inquiry
443,Sales and Pre-Sales
444,Technical Support
445,Technical Support
446,Billing and Payments
447,Technical Support
448,Service Outages and Maintenance
449,Technical Support
450,Technical Support
451,Product Support
452,Human Resources
453,Billing and Payments
455,Technical Support
456,Technical Support
457,Sales and Pre-Sales
458,Returns and Exchanges
459,IT Support
460,Technical Support
462,Customer Service
464,Human Resources
465,Billing and Payments
466,Billing and Payments
467,Technical Support
468,Technical Support
469,Technical Support
470,Product Support
471,Technical Support
472,Human Resources
473,Technical Support
474,Sales and Pre-Sales
475,Sales and Pre-Sales
476,Technical Support
478,Product Support
479,Technical Support
480,General Inquiry
481,Product Support
482,Customer Service
483,IT Support
484,Sales and Pre-Sales
485,Service Outages and Maintenance
486,Technical Support
487,Technical Support
489,Technical Support
490,Product Support
492,Billing and Payments
493,Technical Support
495,Customer Service
496,Product Support
497,Technical Support
498,Product Support
499,Product Support
500,General Inquiry
501,Technical Support
503,Product Support
504,Service Outages and Maintenance
505,Human Resources
508,Returns and Exchanges
509,Human Resources
510,Product Support
511,Product Support
512,Product Support
515,Product Support
516,Customer Service
517,Billing and Payments
518,Product Support
520,Product Support
521,Product Support
522,Customer Service
523,Technical Support
524,IT Support
525,Customer Service
526,IT Support
527,Product Support
529,Technical Support
530,Human Resources
531,Product Support
533,Product Support
534,Technical Support
535,Product Support
536,Billing and Payments
537,Billing and Payments
538,Technical Support
539,IT Support
540,Technical Support
541,Technical Support
542,Product Support
543,Sales and Pre-Sales
544,Technical Support
545,Sales and Pre-Sales
546,Sales and Pre-Sales
547,Technical Support
548,IT Support
549,Product Support
551,Billing and Payments
552,IT Support
553,Technical Support
554,Product Support
555,Customer Service
556,IT Support
557,Technical Support
559,Technical Support
561,Customer Service
562,Technical Support
563,Product Support
564,Technical Support
565,Technical Support
566,IT Support
567,Service Outages and Maintenance
568,Customer Service
570,IT Support
571,Customer Service
572,Customer Service
573,Product Support
575,Human Resources
576,Customer Service
577,Customer Service
578,Technical Support
580,Service Outages and Maintenance
581,Product Support
582,Customer Service
583,Technical Support
584,IT Support
585,IT Support
586,Technical Support
587,Technical Support
589,Billing and Payments
590,Billing and Payments
591,Product Support
592,IT Support
593,Service Outages and Maintenance
594,Technical Support
595,IT Support
596,Technical Support
597,IT Support
598,Technical Support
600,Technical Support
601,Billing and Payments
602,Product Support
603,Product Support
605,Product Support
606,Returns and Exchanges
607,IT Support
608,Technical Support
609,Returns and Exchanges
610,IT Support
611,Technical Support
612,Technical Support
613,Service Outages and Maintenance
614,Customer Service
615,Product Support
616,Technical Support
617,Technical Support
618,Technical Support
619,Technical Support
620,Customer Service
621,Human Resources
622,Customer Service
623,Product Support
625,Customer Service
626,Human Resources
627,Technical Support
629,Technical Support
630,Billing and Payments
631,Technical Support
632,Technical Support
633,Customer Service
634,Technical Support
635,Customer Service
636,IT Support
637,Billing and Payments
638,IT Support
639,Returns and Exchanges
640,Technical Support
641,Sales and Pre-Sales
642,Technical Support
644,Technical Support
645,Billing and Payments
646,IT Support
648,IT Support
649,Billing and Payments
650,Returns and Exchanges
651,Customer Service
652,Technical Support
653,Customer Service
655,Service Outages and Maintenance
656,Customer Service
657,Billing and Payments
659,Returns and Exchanges
660,Billing and Payments
661,Sales and Pre-Sales
662,Product Support
664,Technical Support
665,Billing and Payments
666,Technical Support
667,Product Support
668,Service Outages and Maintenance
669,Technical Support
670,Billing and Payments
671,Billing and Payments
672,Product Support
673,Technical Support
674,IT Support
677,Returns and Exchanges
678,Technical Support
679,IT Support
681,Technical Support
682,Sales and Pre-Sales
683,Customer Service
684,Product Support
685,Technical Support
688,Product Support
690,Customer Service
691,Returns and Exchanges
692,Technical Support
693,Customer Service
694,Customer Service
695,Technical Support
696,Technical Support
698,Human Resources
699,Technical Support
700,IT Support
702,Technical Support
704,Technical Support
706,Technical Support
707,Technical Support
709,Billing and Payments
710,Service Outages and Maintenance
711,Billing and Payments
712,Technical Support
713,IT Support
714,Product Support
715,Technical Support
716,Product Support
717,Technical Support
718,Product Support
719,IT Support
720,Billing and Payments
721,IT Support
722,Sales and Pre-Sales
723,Billing and Payments
724,IT Support
725,Technical Support
726,Product Support
727,Billing and Payments
728,Human Resources
730,Product Support
731,Technical Support
733,Product Support
734,IT Support
735,Returns and Exchanges
736,Technical Support
737,Product Support
738,Product Support
739,Technical Support
740,Customer Service
741,IT Support
742,Customer Service
743,Returns and Exchanges
744,Product Support
745,Technical Support
746,IT Support
747,Billing and Payments
748,Technical Support
750,Customer Service
751,Returns and Exchanges
752,Customer Service
753,Product Support
754,Product Support
757,Product Support
758,Technical Support
760,Customer Service
762,Customer Service
763,Service Outages and Maintenance
764,Product Support
765,Customer Service
766,IT Support
767,Customer Service
768,Service Outages and Maintenance
769,Technical Support
770,Product Support
772,Product Support
773,Technical Support
774,Product Support
777,Customer Service
779,Technical Support
780,Product Support
781,IT Support
783,Product Support
784,Technical Support
785,Product Support
786,Billing and Payments
787,Human Resources
788,Technical Support
789,Technical Support
790,IT Support
791,Technical Support
792,Customer Service
793,Technical Support
794,Service Outages and Maintenance
795,Customer Service
797,Product Support
799,Product Support
800,Product Support
803,Service Outages and Maintenance
805,Technical Support
806,Technical Support
807,Customer Service
808,IT Support
809,Customer Service
810,Returns and Exchanges
811,Sales and Pre-Sales
812,Technical Support
813,Technical Support
814,Product Support
815,IT Support
816,Returns and Exchanges
817,IT Support
818,IT Support
819,Product Support
820,Technical Support
822,Technical Support
823,Customer Service
824,Technical Support
825,Product Support
826,Customer Service
827,Billing and Payments
828,Technical Support
829,Technical Support
830,Sales and Pre-Sales
832,Product Support
833,Returns and Exchanges
834,Technical Support
835,Product Support
836,Product Support
837,Product Support
838,Technical Support
839,Returns and Exchanges
840,IT Support
841,Human Resources
842,Technical Support
843,Billing and Payments
844,Product Support
845,IT Support
846,Technical Support
847,Product Support
848,Sales and Pre-Sales
851,Billing and Payments
852,Technical Support
853,Customer Service
854,Billing and Payments
855,Technical Support
857,Customer Service
858,Technical Support
859,Product Support
860,Customer Service
861,Service Outages and Maintenance
862,Technical Support
863,Product Support
864,Returns and Exchanges
865,IT Support
866,Human Resources
867,IT Support
869,Technical Support
870,Technical Support
871,IT Support
872,Billing and Payments
873,Product Support
874,Technical Support
875,Customer Service
876,Customer Service
878,Technical Support
879,Technical Support
880,Customer Service
881,Technical Support
882,Product Support
883,Technical Support
884,Technical Support
885,Product Support
886,IT Support
887,Product Support
888,Customer Service
889,Returns and Exchanges
890,Technical Support
893,Sales and Pre-Sales
894,Billing and Payments
895,Service Outages and Maintenance
896,Technical Support
897,Customer Service
898,IT Support
900,Product Support
902,Billing and Payments
903,IT Support
904,Customer Service
905,Product Support
906,Billing and Payments
907,Customer Service
908,Returns and Exchanges
909,Technical Support
910,General Inquiry
911,Technical Support
912,Sales and Pre-Sales
913,Product Support
914,Technical Support
915,Service Outages and Maintenance
916,Technical Support
917,Customer Service
918,Sales and Pre-Sales
919,Technical Support
920,IT Support
921,Technical Support
922,Returns and Exchanges
923,IT Support
925,Product Support
926,Technical Support
927,Billing and Payments
929,Technical Support
931,Product Support
932,Customer Service
933,Customer Service
934,Sales and Pre-Sales
935,Product Support
936,Technical Support
937,Product Support
938,Technical Support
940,Customer Service
941,Technical Support
942,Sales and Pre-Sales
943,Technical Support
944,Billing and Payments
945,Technical Support
946,Technical Support
947,IT Support
948,Customer Service
949,Product Support
950,Returns and Exchanges
952,Customer Service
953,Product Support
954,Technical Support
955,Sales and Pre-Sales
956,Human Resources
957,Billing and Payments
958,Technical Support
959,General Inquiry
960,Customer Service
961,Technical Support
962,Customer Service
964,Sales and Pre-Sales
965,Product Support
966,Customer Service
967,Product Support
968,Product Support
969,Technical Support
970,Technical Support
972,Technical Support
973,Billing and Payments
974,Service Outages and Maintenance
976,Technical Support
977,Technical Support
978,Billing and Payments
979,Technical Support
980,Returns and Exchanges
981,Product Support
983,Technical Support
985,Product Support
986,Technical Support
987,Product Support
988,Technical Support
990,Product Support
991,Technical Support
993,Technical Support
994,Product Support
995,Customer Service
996,Technical Support
997,Technical Support
1000,Technical Support
1001,Technical Support
1002,IT Support
1003,Product Support
1004,Billing and Payments
1005,Product Support
1006,Customer Service
1007,Technical Support
1010,Product Support
1011,Billing and Payments
1012,Product Support
1013,Product Support
1014,Technical Support
1015,Billing and Payments
1016,Product Support
1017,Customer Service
1018,Sales and Pre-Sales
1019,IT Support
1020,Product Support
1021,Technical Support
1022,Billing and Payments
1023,Product Support
1024,Technical Support
1026,IT Support
1027,Product Support
1028,Product Support
1029,Customer Service
1031,Billing and Payments
1032,Customer Service
1033,Billing and Payments
1034,IT Support
1035,Product Support
1036,Product Support
1037,Customer Service
1038,Technical Support
1039,Customer Service
1040,Returns and Exchanges
1041,Product Support
1042,Customer Service
1043,Customer Service
1044,Product Support
1046,Returns and Exchanges
1047,IT Support
1048,Sales and Pre-Sales
1050,Technical Support
1051,Billing and Payments
1052,Customer Service
1053,Billing and Payments
1055,General Inquiry
1056,Technical Support
1057,Sales and Pre-Sales
1058,Customer Service
1059,Technical Support
1060,Technical Support
1061,Customer Service
1062,Sales and Pre-Sales
1063,Billing and Payments
1064,Technical Support
1065,Billing and Payments
1066,Technical Support
1069,Billing and Payments
1071,General Inquiry
1072,Technical Support
1073,Product Support
1074,Product Support
1076,Sales and Pre-Sales
1080,Billing and Payments
1081,Customer Service
1082,Customer Service
1083,Product Support
1084,Human Resources
1085,Technical Support
1086,IT Support
1087,Service Outages and Maintenance
1089,Returns and Exchanges
1091,IT Support
1092,Technical Support
1093,Product Support
1096,Technical Support
1097,Billing and Payments
1098,Billing and Payments
1099,IT Support
1100,IT Support
1101,Human Resources
1102,Technical Support
1104,Customer Service
1105,Service Outages and Maintenance
1109,Product Support
1110,Technical Support
1111,Service Outages and Maintenance
1112,Billing and Payments
1113,Billing and Payments
1114,IT Support
1115,Technical Support
1116,IT Support
1118,Sales and Pre-Sales
1120,Product Support
1121,Customer Service
1122,Product Support
1123,Technical Support
1124,Sales and Pre-Sales
1125,Technical Support
1126,Human Resources
1128,Technical Support
1130,Returns and Exchanges
1131,Customer Service
1132,General Inquiry
1133,Sales and Pre-Sales
1134,Technical Support
1135,Product Support
1136,Technical Support
1137,Technical Support
1138,IT Support
1139,Customer Service
1141,Technical Support
1142,Technical Support
1143,Product Support
1144,Product Support
1145,Technical Support
1146,IT Support
1147,Human Resources
1148,Service Outages and Maintenance
1149,Technical Support
1151,Technical Support
1152,Human Resources
1153,Technical Support
1154,Technical Support
1155,Service Outages and Maintenance
1157,Product Support
1158,Technical Support
1159,Product Support
1160,Customer Service
1161,Product Support
1163,Customer Service
1164,Product Support
1165,Product Support
1166,Technical Support
1167,Technical Support
1168,IT Support
1170,Customer Service
1171,Technical Support
1172,Returns and Exchanges
1173,Technical Support
1174,Technical Support
1175,IT Support
1176,Product Support
1178,Technical Support
1179,Returns and Exchanges
1180,Customer Service
1182,Returns and Exchanges
1183,Technical Support
1184,Returns and Exchanges
1185,Billing and Payments
1187,Product Support
1189,Customer Service
1191,IT Support
1193,Product Support
1194,Technical Support
1195,Product Support
1197,Product Support
1198,Sales and Pre-Sales
1199,Technical Support
1200,Technical Support
1201,Billing and Payments
1203,Product Support
1204,Technical Support
1205,Customer Service
1206,Billing and Payments
1207,Product Support
1208,Product Support
1209,Service Outages and Maintenance
1210,Technical Support
1211,Customer Service
1212,Technical Support
1213,Customer Service
1215,Technical Support
1216,Customer Service
1217,General Inquiry
1218,Service Outages and Maintenance
1220,Technical Support
1221,IT Support
1222,Product Support
1224,Returns and Exchanges
1225,Sales and Pre-Sales
1227,Technical Support
1228,Human Resources
1229,Technical Support
1231,Product Support
1232,IT Support
1233,Product Support
1236,IT Support
1238,IT Support
1239,Product Support
1240,Technical Support
1241,Technical Support
1242,Technical Support
1243,Technical Support
1244,IT Support
1245,General Inquiry
1246,Technical Support
1247,Technical Support
1248,Billing and Payments
1249,IT Support
1250,Product Support
1251,Customer Service
1252,Technical Support
1253,Customer Service
1254,Product Support
1255,Technical Support
1256,Product Support
1259,Billing and Payments
1260,Sales and Pre-Sales
1262,Product Support
1263,Product Support
1264,Product Support
1265,Technical Support
1266,Billing and Payments
1267,Product Support
1268,Returns and Exchanges
1269,Billing and Payments
1271,Product Support
1272,Service Outages and Maintenance
1273,Billing and Payments
1274,Billing and Payments
1275,Technical Support
1276,IT Support
1278,Customer Service
1279,IT Support
1280,Technical Support
1281,Sales and Pre-Sales
1284,Service Outages and Maintenance
1285,Technical Support
1286,Technical Support
1287,Billing and Payments
1288,IT Support
1289,Product Support
1290,Customer Service
1291,Customer Service
1293,Sales and Pre-Sales
1294,Service Outages and Maintenance
1295,Billing and Payments
1296,Technical Support
1297,Technical Support
1298,Billing and Payments
1299,Technical Support
1300,Returns and Exchanges
1301,Technical Support
1302,IT Support
1303,Product Support
1305,Customer Service
1307,Customer Service
1308,IT Support
1310,Returns and Exchanges
1311,Product Support
1312,IT Support
1313,Technical Support
1314,Technical Support
1315,IT Support
1316,IT Support
1317,Billing and Payments
1318,Technical Support
1319,Technical Support
1321,Service Outages and Maintenance
1322,Service Outages and Maintenance
1323,IT Support
1324,Technical Support
1326,Billing and Payments
1327,Service Outages and Maintenance
1328,Billing and Payments
1329,IT Support
1330,Product Support
1332,Product Support
1333,Billing and Payments
1334,Customer Service
1335,Technical Support
1336,Service Outages and Maintenance
1337,Product Support
1338,Customer Service
1339,Technical Support
1340,IT Support
1341,Customer Service
1342,Technical Support
1343,Technical Support
1345,Technical Support
1346,IT Support
1347,Customer Service
1348,Product Support
1349,Technical Support
1350,Technical Support
1351,Product Support
1352,Technical Support
1353,IT Support
1356,Customer Service
1357,Human Resources
1358,Billing and Payments
1359,Returns and Exchanges
1360,Product Support
1361,Customer Service
1362,Product Support
1363,IT Support
1364,Product Support
1365,Product Support
1366,Service Outages and Maintenance
1367,IT Support
1368,IT Support
1369,IT Support
1371,Customer Service
1372,IT Support
1373,Service Outages and Maintenance
1374,Sales and Pre-Sales
1375,Billing and Payments
1377,Customer Service
1378,Customer Service
1379,Customer Service
1380,Customer Service
1381,Technical Support
1382,Returns and Exchanges
1383,Customer Service
1384,Billing and Payments
1385,Technical Support
1386,Human Resources
1387,IT Support
1388,IT Support
1389,Technical Support
1390,Technical Support
1391,IT Support
1392,Technical Support
1394,IT Support
1395,Customer Service
1396,Technical Support
1397,Returns and Exchanges
1398,Technical Support
1399,Technical Support
1402,Service Outages and Maintenance
1403,Product Support
1404,Service Outages and Maintenance
1405,Product Support
1406,Customer Service
1407,Service Outages and Maintenance
1408,Product Support
1409,Customer Service
1410,Product Support
1413,IT Support
1415,Customer Service
1416,Technical Support
1417,Customer Service
1418,Technical Support
1420,Technical Support
1421,IT Support
1422,Product Support
1423,Customer Service
1424,Sales and Pre-Sales
1426,Technical Support
1427,Service Outages and Maintenance
1428,Technical Support
1429,Service Outages and Maintenance
1431,Customer Service
1432,Product Support
1433,Product Support
1434,Customer Service
1436,IT Support
1437,Customer Service
1439,Technical Support
1442,Product Support
1443,Product Support
1444,Customer Service
1445,Product Support
1446,Product Support
1447,IT Support
1449,Returns and Exchanges
1450,Product Support
1452,IT Support
1455,Product Support
1456,Billing and Payments
1457,Product Support
1458,Technical Support
1459,Technical Support
1460,Technical Support
1461,Product Support
1462,Technical Support
1465,Technical Support
1466,Technical Support
1468,Product Support
1469,Customer Service
1471,Technical Support
1472,Technical Support
1473,Returns and Exchanges
1474,Technical Support
1475,Returns and Exchanges
1476,Service Outages and Maintenance
1477,Technical Support
1478,Product Support
1479,Technical Support
1482,Product Support
1483,Technical Support
1484,Service Outages and Maintenance
1486,IT Support
1487,IT Support
1488,Billing and Payments
1489,Returns and Exchanges
1490,Technical Support
1491,Technical Support
1492,IT Support
1494,Product Support
1495,Technical Support
1496,Customer Service
1497,Billing and Payments
1499,Customer Service
1500,Technical Support
1501,Product Support
1502,Technical Support
1503,Technical Support
1504,Product Support
1505,Technical Support
1506,Product Support
1507,Product Support
1508,Customer Service
1511,Customer Service
1512,Technical Support
1514,IT Support
1515,Technical Support
1516,Product Support
1517,Technical Support
1518,IT Support
1519,IT Support
1521,Product Support
1522,Technical Support
1524,Product Support
1525,Customer Service
1527,Product Support
1528,Product Support
1529,Technical Support
1530,Technical Support
1531,Technical Support
1532,Technical Support
1533,Billing and Payments
1534,Technical Support
1538,Customer Service
1539,Technical Support
1540,Billing and Payments
1541,Technical Support
1542,Technical Support
1543,Technical Support
1545,Returns and Exchanges
1546,Technical Support
1547,IT Support
1548,Technical Support
1550,Technical Support
1552,Sales and Pre-Sales
1553,Customer Service
1554,Technical Support
1556,Billing and Payments
1557,Technical Support
1559,Product Support
1560,Returns and Exchanges
1561,Product Support
1562,IT Support
1564,Technical Support
1565,Technical Support
1566,Technical Support
1567,Sales and Pre-Sales
1568,Sales and Pre-Sales
1570,General Inquiry
1571,Product Support
1572,Billing and Payments
1573,Technical Support
1575,Returns and Exchanges
1576,Returns and Exchanges
1577,Billing and Payments
1578,Customer Service
1579,Billing and Payments
1580,Product Support
1581,Product Support
1583,Technical Support
1585,Product Support
1586,Customer Service
1587,Technical Support
1588,Billing and Payments
1589,Technical Support
1591,Sales and Pre-Sales
1592,Product Support
1594,Product Support
1595,Technical Support
1596,Technical Support
1597,Technical Support
1598,Technical Support
1599,Returns and Exchanges
1601,IT Support
1602,Technical Support
1603,Billing and Payments
1604,Customer Service
1605,Product Support
1606,Billing and Payments
1607,Billing and Payments
1608,Customer Service
1609,Product Support
1610,Customer Service
1611,Billing and Payments
1613,IT Support
1614,Product Support
1615,General Inquiry
1619,Customer Service
1620,Customer Service
1621,Customer Service
1622,Returns and Exchanges
1623,IT Support
1624,Customer Service
1625,Technical Support
1626,Product Support
1627,Technical Support
1629,Product Support
1630,Service Outages and Maintenance
1632,Customer Service
1633,Billing and Payments
1634,Customer Service
1636,Technical Support
1639,Returns and Exchanges
1640,Technical Support
1641,Customer Service
1643,Technical Support
1644,Technical Support
1645,Billing and Payments
1646,Technical Support
1647,Product Support
1648,IT Support
1651,Human Resources
1654,Customer Service
1655,Technical Support
1656,Customer Service
1658,Customer Service
1659,Technical Support
1661,IT Support
1662,Customer Service
1666,Billing and Payments
1667,Technical Support
1668,IT Support
1670,Technical Support
1671,Customer Service
1672,Returns and Exchanges
1673,Sales and Pre-Sales
1674,Product Support
1675,Product Support
1676,Technical Support
1677,Billing and Payments
1678,Billing and Payments
1679,Service Outages and Maintenance
1680,Technical Support
1681,Customer Service
1683,Technical Support
1685,Technical Support
1686,Product Support
1687,Product Support
1688,Service Outages and Maintenance
1689,IT Support
1692,Technical Support
1694,IT Support
1696,Returns and Exchanges
1698,Customer Service
1699,Billing and Payments
1701,Technical Support
1702,Technical Support
1703,Technical Support
1704,Technical Support
1705,Service Outages and Maintenance
1706,IT Support
1707,Product Support
1708,Technical Support
1709,IT Support
1710,Product Support
1711,Service Outages and Maintenance
1712,Technical Support
1713,Billing and Payments
1714,Service Outages and Maintenance
1715,Customer Service
1716,Product Support
1717,Customer Service
1718,Product Support
1720,IT Support
1721,Product Support
1722,Product Support
1723,Billing and Payments
1725,IT Support
1726,IT Support
1727,General Inquiry
1728,Technical Support
1729,Product Support
1730,Technical Support
1731,IT Support
1733,Technical Support
1734,Technical Support
1735,Sales and Pre-Sales
1737,Customer Service
1738,Product Support
1739,IT Support
1740,General Inquiry
1741,Billing and Payments
1742,Product Support
1743,Customer Service
1745,Customer Service
1746,Technical Support
1747,IT Support
1748,Product Support
1749,Technical Support
1750,Customer Service
1751,Billing and Payments
1752,Sales and Pre-Sales
1753,Returns and Exchanges
1754,Technical Support
1755,Product Support
1756,Product Support
1757,Technical Support
1758,Billing and Payments
1759,Technical Support
1760,Product Support
1761,Technical Support
1762,Service Outages and Maintenance
1763,Customer Service
1764,Billing and Payments
1765,Product Support
1766,Technical Support
1768,Technical Support
1770,Product Support
1771,Technical Support
1772,IT Support
1773,IT Support
1775,Customer Service
1776,Technical Support
1777,IT Support
1778,Billing and Payments
1779,Technical Support
1780,Technical Support
1782,Returns and Exchanges
1784,Product Support
1785,Billing and Payments
1786,Billing and Payments
1787,Human Resources
1788,Product Support
1789,Technical Support
1790,Customer Service
1791,Technical Support
1792,Billing and Payments
1794,Technical Support
1796,Product Support
1797,Returns and Exchanges
1799,Technical Support
1800,Sales and Pre-Sales
1801,Product Support
1802,Technical Support
1803,Technical Support
1805,IT Support
1806,Billing and Payments
1807,Product Support
1809,Customer Service
1810,Technical Support
1811,Technical Support
1812,Customer Service
1813,Product Support
1814,Product Support
1815,Technical Support
1816,Product Support
1817,Technical Support
1818,Billing and Payments
1819,Technical Support
1820,IT Support
1821,Technical Support
1823,Product Support
1824,Technical Support
1825,Technical Support
1826,Service Outages and Maintenance
1831,Returns and Exchanges
1832,IT Support
1833,Product Support
1836,Technical Support
1837,Customer Service
1838,Returns and Exchanges
1839,Technical Support
1840,Product Support
1843,IT Support
1845,Product Support
1847,Billing and Payments
1849,Product Support
1850,IT Support
1851,Product Support
1852,Technical Support
1853,Product Support
1854,Product Support
1855,Product Support
1857,IT Support
1859,Technical Support
1860,Technical Support
1861,IT Support
1863,Customer Service
1864,Product Support
1865,Technical Support
1866,Customer Service
1867,Product Support
1868,Technical Support
1869,Customer Service
1870,Technical Support
1873,Customer Service
1875,IT Support
1876,Technical Support
1878,IT Support
1879,Customer Service
1880,Technical Support
1884,Customer Service
1885,Billing and Payments
1886,Product Support
1887,Product Support
1888,Technical Support
1889,IT Support
1890,Returns and Exchanges
1891,Technical Support
1892,Customer Service
1894,Billing and Payments
1896,IT Support
1897,Technical Support
1898,Technical Support
1901,Service Outages and Maintenance
1902,Billing and Payments
1903,Technical Support
1904,Service Outages and Maintenance
1905,Product Support
1906,Service Outages and Maintenance
1907,Technical Support
1908,Product Support
1913,Product Support
1914,Product Support
1915,Billing and Payments
1919,Product Support
1920,IT Support
1922,Product Support
1923,Technical Support
1924,Technical Support
1925,General Inquiry
1926,Human Resources
1927,General Inquiry
1928,Billing and Payments
1929,Returns and Exchanges
1930,IT Support
1931,Technical Support
1932,Technical Support
1933,IT Support
1934,Billing and Payments
1935,Billing and Payments
1936,Product Support
1937,IT Support
1939,Technical Support
1940,Billing and Payments
1941,Customer Service
1942,IT Support
1943,Product Support
1944,Technical Support
1945,Product Support
1946,Returns and Exchanges
1947,Service Outages and Maintenance
1948,Technical Support
1950,Product Support
1951,Service Outages and Maintenance
1952,Human Resources
1953,Customer Service
1954,Product Support
1955,Returns and Exchanges
1956,Technical Support
1957,IT Support
1958,General Inquiry
1959,Product Support
1960,Service Outages and Maintenance
1961,Billing and Payments
1962,Technical Support
1963,Billing and Payments
1964,Returns and Exchanges
1965,IT Support
1966,Billing and Payments
1967,Product Support
1969,Product Support
1970,Product Support
1971,Product Support
1972,Customer Service
1973,Product Support
1976,Technical Support
1977,Technical Support
1978,IT Support
1979,Product Support
1980,Product Support
1981,Product Support
1986,Product Support
1987,Customer Service
1989,Service Outages and Maintenance
1990,IT Support
1991,Technical Support
1993,Product Support
1994,Billing and Payments
1995,IT Support
1996,Technical Support
1998,Technical Support
2001,Technical Support
2002,Product Support
2003,Returns and Exchanges
2004,Product Support
2006,Billing and Payments
2008,Product Support
2011,Product Support
2013,Technical Support
2014,Technical Support
2015,Technical Support
2016,Billing and Payments
2018,Product Support
2019,Human Resources
2020,Product Support
2022,Customer Service
2023,Product Support
2024,Technical Support
2025,Technical Support
2027,General Inquiry
2028,Technical Support
2030,Technical Support
2031,Technical Support
2032,Product Support
2034,Technical Support
2036,Technical Support
2037,Billing and Payments
2038,Product Support
2039,IT Support
2040,Billing and Payments
2042,Customer Service
2044,Service Outages and Maintenance
2045,Billing and Payments
2046,Billing and Payments
2047,Customer Service
2048,Billing and Payments
2049,Technical Support
2050,Technical Support
2051,Returns and Exchanges
2053,Service Outages and Maintenance
2054,Customer Service
2055,Billing and Payments
2056,IT Support
2057,Sales and Pre-Sales
2058,Technical Support
2063,Product Support
2065,Technical Support
2067,Technical Support
2068,Billing and Payments
2069,Technical Support
2070,Technical Support
2071,IT Support
2073,Customer Service
2075,Product Support
2077,Returns and Exchanges
2078,Billing and Payments
2079,Billing and Payments
2081,Technical Support
2083,Technical Support
2084,Customer Service
2085,Service Outages and Maintenance
2086,Sales and Pre-Sales
2087,Customer Service
2088,General Inquiry
2090,Technical Support
2091,IT Support
2092,Technical Support
2094,Technical Support
2095,Returns and Exchanges
2096,Customer Service
2097,Technical Support
2098,Product Support
2100,Human Resources
2101,IT Support
2102,Product Support
2103,Product Support
2104,Product Support
2107,Technical Support
2108,Human Resources
2110,IT Support
2112,Product Support
2113,Returns and Exchanges
2114,IT Support
2116,IT Support
2118,Technical Support
2120,Product Support
2121,Customer Service
2124,Product Support
2127,Customer Service
2128,Customer Service
2129,Billing and Payments
2131,IT Support
2132,IT Support
2134,Customer Service
2135,Technical Support
2136,Customer Service
2137,Technical Support
2138,Sales and Pre-Sales
2139,Technical Support
2140,Product Support
2141,Product Support
2142,Technical Support
2143,Product Support
2144,Billing and Payments
2145,Billing and Payments
2146,Technical Support
2148,Product Support
2149,Product Support
2150,Technical Support
2151,Sales and Pre-Sales
2153,Product Support
2154,Customer Service
2155,Product Support
2156,Customer Service
2157,Customer Service
2158,Customer Service
2160,Technical Support
2161,Technical Support
2162,Returns and Exchanges
2163,IT Support
2164,Human Resources
2165,Billing and Payments
2166,Technical Support
2167,Technical Support
2168,IT Support
2169,Product Support
2170,Product Support
2171,Product Support
2172,Billing and Payments
2173,Billing and Payments
2174,Product Support
2175,Technical Support
2176,Product Support
2177,Technical Support
2178,Product Support
2179,Sales and Pre-Sales
2181,Technical Support
2182,Customer Service
2183,Technical Support
2185,IT Support
2186,Returns and Exchanges
2188,Technical Support
2189,Technical Support
2191,Technical Support
2192,Technical Support
2193,Customer Service
2196,Technical Support
2198,IT Support
2199,Billing and Payments
2200,IT Support
2201,Technical Support
2202,Customer Service
2203,Product Support
2204,Technical Support
2205,Technical Support
2206,Technical Support
2207,Technical Support
2208,Product Support
2209,Billing and Payments
2210,Product Support
2211,Technical Support
2212,Returns and Exchanges
2213,Product Support
2215,Technical Support
2217,Sales and Pre-Sales
2218,Customer Service
2220,Product Support
2221,Technical Support
2222,General Inquiry
2223,Customer Service
2224,Technical Support
2225,IT Support
2227,Technical Support
2228,Sales and Pre-Sales
2229,IT Support
2230,Product Support
2231,Billing and Payments
2232,Technical Support
2233,Service Outages and Maintenance
2234,Product Support
2235,Product Support
2236,Customer Service
2237,Product Support
2238,Customer Service
2239,Technical Support
2241,IT Support
2243,Billing and Payments
2245,Technical Support
2246,Billing and Payments
2247,Technical Support
2248,Product Support
2249,Service Outages and Maintenance
2251,Product Support
2253,Returns and Exchanges
2254,Technical Support
2255,Technical Support
2257,Customer Service
2258,IT Support
2260,Billing and Payments
2263,Customer Service
2264,IT Support
2265,Technical Support
2266,Product Support
2268,Technical Support
2269,Product Support
2270,Technical Support
2271,Service Outages and Maintenance
2272,Returns and Exchanges
2273,Returns and Exchanges
2275,Product Support
2276,Technical Support
2277,Technical Support
2279,Returns and Exchanges
2280,Technical Support
2281,Customer Service
2282,Technical Support
2283,IT Support
2284,IT Support
2285,Product Support
2286,IT Support
2287,Product Support
2288,Billing and Payments
2289,IT Support
2292,IT Support
2293,Product Support
2294,Returns and Exchanges
2296,Billing and Payments
2297,IT Support
2298,IT Support
2299,Technical Support
2300,Customer Service
2301,IT Support
2302,Human Resources
2303,Product Support
2305,General Inquiry
2306,Billing and Payments
2307,Product Support
2308,Sales and Pre-Sales
2309,Product Support
2310,Product Support
2311,IT Support
2312,Billing and Payments
2313,Product Support
2314,Technical Support
2315,Technical Support
2316,Sales and Pre-Sales
2317,Customer Service
2319,IT Support
2320,Product Support
2321,Product Support
2323,Customer Service
2324,Technical Support
2325,IT Support
2326,Sales and Pre-Sales
2327,Technical Support
2329,Billing and Payments
2331,IT Support
2332,Technical Support
2333,Product Support
2334,Service Outages and Maintenance
2335,Customer Service
2336,Product Support
2337,IT Support
2338,Technical Support
2339,IT Support
2340,Customer Service
2341,IT Support
2342,Product Support
2344,Customer Service
2345,Technical Support
2346,Technical Support
2347,Product Support
2348,Product Support
2349,IT Support
2350,Technical Support
2351,Product Support
2352,Product Support
2353,Technical Support
2355,Technical Support
2357,Customer Service
2360,Technical Support
2361,Returns and Exchanges
2362,IT Support
2366,Customer Service
2367,Technical Support
2368,Sales and Pre-Sales
2369,Customer Service
2371,IT Support
2373,Product Support
2374,Technical Support
2376,Technical Support
2377,Product Support
2378,Product Support
2379,Technical Support
2380,Product Support
2381,Sales and Pre-Sales
2382,Product Support
2383,Customer Service
2384,General Inquiry
2385,Product Support
2386,Billing and Payments
2387,Sales and Pre-Sales
2388,Customer Service
2390,Billing and Payments
2391,Technical Support
2392,Technical Support
2393,Technical Support
2396,Billing and Payments
2398,Billing and Payments
2399,Service Outages and Maintenance
2401,Product Support
2402,Technical Support
2404,Sales and Pre-Sales
2405,Technical Support
2407,Sales and Pre-Sales
2408,Product Support
2409,IT Support
2410,IT Support
2411,Technical Support
2412,IT Support
2413,Technical Support
2416,Returns and Exchanges
2418,Sales and Pre-Sales
2419,Product Support
2421,General Inquiry
2422,Technical Support
2423,Technical Support
2424,Product Support
2425,Technical Support
2426,Technical Support
2427,Technical Support
2429,Technical Support
2432,Human Resources
2433,Service Outages and Maintenance
2434,IT Support
2437,Customer Service
2439,Product Support
2442,Service Outages and Maintenance
2443,IT Support
2445,Customer Service
2446,Technical Support
2447,Technical Support
2448,Service Outages and Maintenance
2449,Customer Service
2450,IT Support
2451,Customer Service
2452,IT Support
2453,Technical Support
2455,Customer Service
2456,Product Support
2457,Technical Support
2458,Returns and Exchanges
2459,Customer Service
2460,Billing and Payments
2461,IT Support
2462,Billing and Payments
2466,IT Support
2467,Returns and Exchanges
2468,Product Support
2469,Product Support
2470,IT Support
2471,IT Support
2472,Technical Support
2473,Billing and Payments
2474,Technical Support
2475,Product Support
2476,Technical Support
2477,Product Support
2478,IT Support
2479,Returns and Exchanges
2480,IT Support
2482,IT Support
2483,IT Support
2484,Customer Service
2485,Sales and Pre-Sales
2486,Product Support
2487,IT Support
2488,Technical Support
2490,Product Support
2492,Technical Support
2493,Product Support
2495,Customer Service
2496,Human Resources
2497,Product Support
2498,Technical Support
2499,Customer Service
2500,Technical Support
2504,Customer Service
2505,Sales and Pre-Sales
2506,Product Support
2508,Product Support
2509,Product Support
2510,Customer Service
2511,Product Support
2512,Customer Service
2513,Technical Support
2516,Billing and Payments
2517,Service Outages and Maintenance
2518,Technical Support
2519,Product Support
2520,Product Support
2521,Technical Support
2522,Sales and Pre-Sales
2523,IT Support
2524,IT Support
2525,Technical Support
2526,Technical Support
2528,Technical Support
2529,Billing and Payments
2530,Product Support
2531,Technical Support
2533,Technical Support
2534,Service Outages and Maintenance
2535,Sales and Pre-Sales
2536,Product Support
2537,Technical Support
2538,Product Support
2539,IT Support
2540,Product Support
2541,Technical Support
2542,Technical Support
2543,Product Support
2544,Technical Support
2545,IT Support
2546,Product Support
2547,Product Support
2548,Technical Support
2550,Technical Support
2551,Technical Support
2553,Product Support
2554,Customer Service
2555,IT Support
2556,Service Outages and Maintenance
2557,Technical Support
2558,Product Support
2559,IT Support
2560,Technical Support
2562,Billing and Payments
2563,General Inquiry
2564,IT Support
2565,Product Support
2567,Product Support
2568,Returns and Exchanges
2569,Customer Service
2570,Returns and Exchanges
2571,Product Support
2572,IT Support
2576,Technical Support
2577,Technical Support
2578,Technical Support
2580,Product Support
2581,Product Support
2582,Product Support
2583,Product Support
2584,Customer Service
2585,General Inquiry
2586,Technical Support
2587,Technical Support
2588,Billing and Payments
2590,Customer Service
2593,Technical Support
2594,IT Support
2595,Product Support
2596,Product Support
2599,Human Resources
2601,Product Support
2602,Customer Service
2603,Billing and Payments
2604,Billing and Payments
2605,Product Support
2607,Product Support
2608,Product Support
2609,Technical Support
2610,Technical Support
2611,Product Support
2612,Customer Service
2613,Technical Support
2614,Billing and Payments
2615,Product Support
2616,Technical Support
2617,Technical Support
2620,Technical Support
2621,Technical Support
2622,Product Support
2623,IT Support
2624,IT Support
2625,Customer Service
2626,Customer Service
2627,Returns and Exchanges
2628,Product Support
2629,IT Support
2630,Customer Service
2631,Billing and Payments
2632,Product Support
2633,IT Support
2634,Product Support
2636,Product Support
2638,Product Support
2639,Technical Support
2640,Technical Support
2641,Returns and Exchanges
2642,Billing and Payments
2643,Billing and Payments
2644,Customer Service
2645,Product Support
2646,General Inquiry
2648,Customer Service
2649,Service Outages and Maintenance
2650,Customer Service
2651,IT Support
2653,Technical Support
2654,Technical Support
2655,Product Support
2656,Customer Service
2658,Technical Support
2659,Billing and Payments
2662,Technical Support
2663,Product Support
2664,Returns and Exchanges
2666,Product Support
2667,Product Support
2668,Product Support
2669,Sales and Pre-Sales
2670,Product Support
2671,Product Support
2673,Billing and Payments
2674,IT Support
2675,General Inquiry
2676,Technical Support
2677,IT Support
2678,Sales and Pre-Sales
2679,Product Support
2680,IT Support
2681,Service Outages and Maintenance
2682,Customer Service
2683,Billing and Payments
2685,Billing and Payments
2686,Product Support
2688,Sales and Pre-Sales
2689,Technical Support
2690,Product Support
2691,Customer Service
2693,Product Support
2694,Returns and Exchanges
2695,Human Resources
2697,Customer Service
2699,Customer Service
2700,Technical Support
2701,Product Support
2702,Technical Support
2703,Technical Support
2704,Product Support
2707,Product Support
2709,Customer Service
2713,Technical Support
2714,IT Support
2715,IT Support
2716,Technical Support
2717,Technical Support
2718,Customer Service
2719,Product Support
2720,Product Support
2721,IT Support
2722,Customer Service
2723,Customer Service
2725,Customer Service
2727,Service Outages and Maintenance
2728,Product Support
2729,IT Support
2730,Customer Service
2731,Technical Support
2732,Billing and Payments
2734,Technical Support
2735,Product Support
2736,Technical Support
2738,Service Outages and Maintenance
2739,Technical Support
2741,Product Support
2742,IT Support
2745,Technical Support
2746,Human Resources
2747,Technical Support
2748,Technical Support
2749,Billing and Payments
2750,Product Support
2752,Product Support
2755,General Inquiry
2756,Technical Support
2757,IT Support
2758,Customer Service
2759,Human Resources
2760,Billing and Payments
2762,Service Outages and Maintenance
2763,IT Support
2764,IT Support
2765,Customer Service
2766,Technical Support
2767,Product Support
2768,Sales and Pre-Sales
2769,IT Support
2770,Product Support
2772,Technical Support
2773,Returns and Exchanges
2774,Sales and Pre-Sales
2775,Product Support
2776,Customer Service
2777,Technical Support
2778,IT Support
2779,Technical Support
2781,Technical Support
2783,Billing and Payments
2785,Service Outages and Maintenance
2786,Billing and Payments
2789,Technical Support
2790,Billing and Payments
2791,Returns and Exchanges
2792,Returns and Exchanges
2794,Customer Service
2795,Product Support
2796,Product Support
2797,Technical Support
2798,Product Support
2799,Billing and Payments
2800,Returns and Exchanges
2801,General Inquiry
2802,IT Support
2804,Product Support
2806,Customer Service
2807,Technical Support
2808,Billing and Payments
2810,Service Outages and Maintenance
2811,Technical Support
2815,Technical Support
2817,Customer Service
2818,Technical Support
2819,IT Support
2820,IT Support
2821,Product Support
2822,Human Resources
2823,Product Support
2824,Customer Service
2825,IT Support
2826,Returns and Exchanges
2827,Technical Support
2828,Customer Service
2829,Billing and Payments
2830,Product Support
2832,Technical Support
2834,Service Outages and Maintenance
2835,Technical Support
2836,Customer Service
2838,Customer Service
2839,IT Support
2841,Product Support
2842,Billing and Payments
2843,Technical Support
2844,Product Support
2846,Product Support
2848,Customer Service
2849,Human Resources
2850,IT Support
2851,IT Support
2852,Technical Support
2853,Billing and Payments
2854,Billing and Payments
2855,General Inquiry
2856,Billing and Payments
2858,Technical Support
2859,Customer Service
2860,Technical Support
2861,Technical Support
2864,Product Support
2866,Product Support
2867,Product Support
2869,IT Support
2870,Billing and Payments
2871,Technical Support
2872,Returns and Exchanges
2873,IT Support
2874,Billing and Payments
2875,Technical Support
2877,Technical Support
2878,Product Support
2879,Technical Support
2880,Billing and Payments
2881,Customer Service
2882,Returns and Exchanges
2883,Product Support
2884,Billing and Payments
2885,Customer Service
2886,IT Support
2887,Technical Support
2889,Technical Support
2890,Technical Support
2891,Product Support
2892,Service Outages and Maintenance
2895,Customer Service
2896,Customer Service
2899,Customer Service
2900,Technical Support
2901,Customer Service
2902,Product Support
2903,IT Support
2906,Product Support
2907,Service Outages and Maintenance
2909,Returns and Exchanges
2910,IT Support
2912,Technical Support
2913,Technical Support
2914,Product Support
2915,IT Support
2918,Service Outages and Maintenance
2920,Customer Service
2921,Product Support
2922,Customer Service
2923,Technical Support
2924,Customer Service
2925,Billing and Payments
2926,IT Support
2927,Product Support
2928,Product Support
2929,Billing and Payments
2930,Service Outages and Maintenance
2931,Technical Support
2932,IT Support
2933,Technical Support
2934,Billing and Payments
2935,Product Support
2936,Technical Support
2937,Service Outages and Maintenance
2938,Customer Service
2939,Billing and Payments
2940,Technical Support
2941,Technical Support
2943,Customer Service
2944,IT Support
2947,Billing and Payments
2948,Technical Support
2950,Customer Service
2951,Product Support
2953,Technical Support
2954,IT Support
2955,Billing and Payments
2956,Product Support
2957,Customer Service
2958,Technical Support
2959,Product Support
2960,IT Support
2961,Returns and Exchanges
2963,Product Support
2964,IT Support
2965,IT Support
2966,Customer Service
2967,Technical Support
2968,Product Support
2969,Customer Service
2970,Returns and Exchanges
2971,Returns and Exchanges
2972,General Inquiry
2973,IT Support
2974,Product Support
2976,Sales and Pre-Sales
2977,Technical Support
2979,Billing and Payments
2980,Product Support
2981,Service Outages and Maintenance
2983,IT Support
2984,IT Support
2985,Product Support
2986,Customer Service
2988,Technical Support
2990,IT Support
2991,Product Support
2992,Technical Support
2993,Returns and Exchanges
2994,Customer Service
2995,IT Support
2996,Customer Service
2997,Technical Support
2998,Technical Support
2999,Customer Service
3000,Product Support
3001,Billing and Payments
3002,Technical Support
3003,Human Resources
3005,Customer Service
3007,Sales and Pre-Sales
3008,Technical Support
3009,Product Support
3010,Customer Service
3011,IT Support
3012,Product Support
3013,Product Support
3014,Billing and Payments
3015,Billing and Payments
3018,IT Support
3019,Technical Support
3020,IT Support
3022,Technical Support
3023,IT Support
3024,Returns and Exchanges
3025,Technical Support
3026,IT Support
3027,IT Support
3030,Billing and Payments
3032,Product Support
3033,Technical Support
3034,Technical Support
3035,Technical Support
3039,Human Resources
3040,Returns and Exchanges
3041,Billing and Payments
3042,Sales and Pre-Sales
3044,IT Support
3045,Product Support
3046,IT Support
3049,Technical Support
3050,IT Support
3051,Technical Support
3052,Technical Support
3053,Billing and Payments
3055,Product Support
3056,Technical Support
3058,Technical Support
3059,Product Support
3060,IT Support
3061,Sales and Pre-Sales
3062,Product Support
3063,Product Support
3065,Sales and Pre-Sales
3068,Service Outages and Maintenance
3069,Product Support
3070,Technical Support
3071,Technical Support
3072,Billing and Payments
3073,Returns and Exchanges
3075,IT Support
3076,IT Support
3077,Product Support
3078,Product Support
3079,Product Support
3080,Returns and Exchanges
3081,IT Support
3082,Service Outages and Maintenance
3083,Billing and Payments
3084,IT Support
3086,Sales and Pre-Sales
3087,IT Support
3088,Customer Service
3089,Technical Support
3090,Technical Support
3091,Billing and Payments
3092,IT Support
3095,General Inquiry
3096,Product Support
3097,Human Resources
3099,Customer Service
3100,Customer Service
3101,Service Outages and Maintenance
3102,Customer Service
3103,Returns and Exchanges
3104,Technical Support
3105,Technical Support
3106,Technical Support
3108,Customer Service
3109,General Inquiry
3110,Product Support
3112,Technical Support
3114,Customer Service
3116,Customer Service
3117,Technical Support
3118,General Inquiry
3119,Product Support
3120,Customer Service
3121,Billing and Payments
3122,Billing and Payments
3123,Returns and Exchanges
3124,Technical Support
3125,IT Support
3126,IT Support
3127,Sales and Pre-Sales
3128,Technical Support
3129,Technical Support
3130,Technical Support
3131,Customer Service
3133,Technical Support
3134,Customer Service
3135,Customer Service
3136,IT Support
3137,Returns and Exchanges
3138,Technical Support
3139,Technical Support
3140,IT Support
3141,IT Support
3142,Technical Support
3143,Billing and Payments
3144,Technical Support
3145,Customer Service
3146,Human Resources
3147,Technical Support
3148,Service Outages and Maintenance
3149,Product Support
3150,Product Support
3151,Returns and Exchanges
3153,IT Support
3154,IT Support
3155,Product Support
3157,Billing and Payments
3158,Billing and Payments
3160,Technical Support
3161,Sales and Pre-Sales
3162,Service Outages and Maintenance
3163,Product Support
3166,Sales and Pre-Sales
3167,Product Support
3169,Billing and Payments
3170,Product Support
3171,Returns and Exchanges
3172,Technical Support
3173,Product Support
3175,Sales and Pre-Sales
3176,Technical Support
3177,Technical Support
3178,Product Support
3179,Technical Support
3182,Technical Support
3184,IT Support
3185,Human Resources
3186,Technical Support
3187,Customer Service
3188,Technical Support
3189,Billing and Payments
3190,IT Support
3191,Returns and Exchanges
3195,Technical Support
3197,IT Support
3200,Billing and Payments
3202,Sales and Pre-Sales
3204,Technical Support
3206,Customer Service
3207,Product Support
3209,Technical Support
3210,Product Support
3211,Product Support
3213,Returns and Exchanges
3215,Technical Support
3216,Sales and Pre-Sales
3217,Service Outages and Maintenance
3218,Technical Support
3219,Billing and Payments
3220,Technical Support
3222,Technical Support
3223,Product Support
3224,IT Support
3225,Customer Service
3226,Product Support
3227,Returns and Exchanges
3228,Customer Service
3229,Technical Support
3230,Product Support
3231,Product Support
3232,Customer Service
3234,Returns and Exchanges
3236,Product Support
3237,Customer Service
3239,Product Support
3240,Returns and Exchanges
3241,Service Outages and Maintenance
3242,Billing and Payments
3243,Product Support
3244,IT Support
3246,Product Support
3247,Technical Support
3249,Product Support
3250,Service Outages and Maintenance
3251,Sales and Pre-Sales
3252,IT Support
3254,Billing and Payments
3256,Product Support
3259,Service Outages and Maintenance
3260,Returns and Exchanges
3261,IT Support
3262,Human Resources
3263,Product Support
3264,Customer Service
3265,Service Outages and Maintenance
3266,Customer Service
3267,Customer Service
3268,Product Support
3269,Product Support
3272,Technical Support
3273,IT Support
3274,Technical Support
3275,Product Support
3276,Product Support
3278,Billing and Payments
3280,Technical Support
3281,Billing and Payments
3282,IT Support
3283,Sales and Pre-Sales
3284,Technical Support
3285,Billing and Payments
3287,Product Support
3290,Technical Support
3291,Technical Support
3292,Product Support
3293,Technical Support
3295,Sales and Pre-Sales
3296,Technical Support
3298,Technical Support
3299,Product Support
3300,Product Support
3301,Customer Service
3302,Product Support
3303,Technical Support
3304,Technical Support
3306,Technical Support
3308,IT Support
3309,Product Support
3310,Product Support
3312,Technical Support
3314,Billing and Payments
3315,Customer Service
3316,Returns and Exchanges
3317,Customer Service
3318,Technical Support
3319,IT Support
3320,Customer Service
3321,Customer Service
3322,Technical Support
3323,Product Support
3324,Billing and Payments
3325,Technical Support
3326,Technical Support
3327,Customer Service
3328,Technical Support
3329,Product Support
3331,Product Support
3332,Billing and Payments
3335,Technical Support
3337,Customer Service
3339,IT Support
3340,Customer Service
3341,Product Support
3342,Product Support
3343,Technical Support
3345,Technical Support
3347,IT Support
3348,Human Resources
3349,Product Support
3350,Customer Service
3351,Customer Service
3352,Sales and Pre-Sales
3353,Human Resources
3355,Billing and Payments
3358,Customer Service
3359,Human Resources
3361,Technical Support
3362,Customer Service
3364,Technical Support
3367,Technical Support
3368,Billing and Payments
3369,Returns and Exchanges
3374,Product Support
3375,IT Support
3377,Billing and Payments
3378,Sales and Pre-Sales
3379,IT Support
3381,Customer Service
3382,Technical Support
3384,Customer Service
3385,Technical Support
3386,Billing and Payments
3388,Billing and Payments
3390,Product Support
3391,IT Support
3392,IT Support
3393,Customer Service
3394,Product Support
3395,Product Support
3396,IT Support
3397,Technical Support
3398,Product Support
3399,Product Support
3400,Service Outages and Maintenance
3401,IT Support
3402,Customer Service
3403,Billing and Payments
3404,Technical Support
3406,Technical Support
3407,Returns and Exchanges
3408,Returns and Exchanges
3409,Technical Support
3411,IT Support
3412,IT Support
3413,Returns and Exchanges
3414,Product Support
3415,Customer Service
3416,Sales and Pre-Sales
3417,IT Support
3419,Sales and Pre-Sales
3420,Human Resources
3421,Product Support
3422,Technical Support
3423,IT Support
3425,Product Support
3426,Human Resources
3427,Technical Support
3428,Technical Support
3429,Customer Service
3430,IT Support
3431,Technical Support
3432,Product Support
3433,Product Support
3434,Technical Support
3435,Billing and Payments
3436,Customer Service
3437,IT Support
3438,Returns and Exchanges
3439,Technical Support
3440,Technical Support
3442,Billing and Payments
3443,Technical Support
3444,Technical Support
3446,Customer Service
3447,Customer Service
3448,Product Support
3450,Technical Support
3452,Technical Support
3453,Product Support
3454,Technical Support
3456,Service Outages and Maintenance
3457,Human Resources
3458,Billing and Payments
3459,IT Support
3460,Technical Support
3461,Product Support
3462,Returns and Exchanges
3463,Technical Support
3464,Billing and Payments
3465,Product Support
3466,Technical Support
3467,Service Outages and Maintenance
3468,Customer Service
3469,IT Support
3471,Product Support
3472,Technical Support
3474,Technical Support
3476,Product Support
3477,Product Support
3478,Technical Support
3479,Customer Service
3480,Customer Service
3481,Product Support
3482,Service Outages and Maintenance
3483,IT Support
3484,Technical Support
3485,Billing and Payments
3486,Technical Support
3487,Sales and Pre-Sales
3488,Billing and Payments
3489,Customer Service
3491,Technical Support
3492,Customer Service
3493,IT Support
3494,Customer Service
3495,Customer Service
3496,Service Outages and Maintenance
3497,Product Support
3499,Product Support
3501,Product Support
3502,Technical Support
3503,Human Resources
3504,IT Support
3505,Billing and Payments
3506,Technical Support
3507,Customer Service
3509,IT Support
3510,Technical Support
3511,Human Resources
3512,Product Support
3513,Returns and Exchanges
3514,Technical Support
3515,Service Outages and Maintenance
3516,Product Support
3517,Technical Support
3518,Product Support
3519,Technical Support
3520,Product Support
3521,Product Support
3522,Human Resources
3524,Customer Service
3525,Technical Support
3526,Technical Support
3527,IT Support
3528,Technical Support
3529,Customer Service
3530,Technical Support
3531,Product Support
3532,IT Support
3534,IT Support
3535,Product Support
3536,Technical Support
3537,Technical Support
3539,Technical Support
3540,Technical Support
3541,Technical Support
3542,Technical Support
3543,Customer Service
3545,Billing and Payments
3546,Service Outages and Maintenance
3547,Billing and Payments
3548,Technical Support
3549,Billing and Payments
3550,Technical Support
3551,Product Support
3552,IT Support
3553,Product Support
3554,Product Support
3555,Product Support
3556,Product Support
3558,Product Support
3559,Product Support
3560,Sales and Pre-Sales
3561,Customer Service
3564,Product Support
3565,Technical Support
3567,Technical Support
3568,Customer Service
3569,Product Support
3570,Returns and Exchanges
3571,Technical Support
3573,Product Support
3574,IT Support
3576,IT Support
3577,Service Outages and Maintenance
3578,Customer Service
3579,Product Support
3580,Technical Support
3581,Human Resources
3582,Sales and Pre-Sales
3583,Product Support
3584,Technical Support
3585,Returns and Exchanges
3586,Technical Support
3587,Product Support
3588,Product Support
3589,Technical Support
3591,IT Support
3593,IT Support
3594,IT Support
3595,Technical Support
3596,Sales and Pre-Sales
3597,Customer Service
3599,Customer Service
3600,Sales and Pre-Sales
3601,Technical Support
3603,Technical Support
3604,Technical Support
3605,Customer Service
3606,Returns and Exchanges
3607,Customer Service
3608,Technical Support
3611,Technical Support
3613,Product Support
3614,Technical Support
3615,Technical Support
3616,Technical Support
3617,Product Support
3618,Customer Service
3619,Technical Support
3622,Technical Support
3623,Product Support
3625,Technical Support
3627,Product Support
3629,Technical Support
3630,Customer Service
3631,Technical Support
3632,Customer Service
3633,Product Support
3634,Technical Support
3635,Technical Support
3636,Technical Support
3637,Human Resources
3638,Customer Service
3639,Technical Support
3640,IT Support
3641,Technical Support
3643,Customer Service
3644,Customer Service
3645,Product Support
3646,Customer Service
3647,IT Support
3648,Service Outages and Maintenance
3649,Returns and Exchanges
3650,Product Support
3651,Returns and Exchanges
3652,Product Support
3653,Service Outages and Maintenance
3654,Product Support
3655,Customer Service
3656,Returns and Exchanges
3658,Customer Service
3659,Technical Support
3660,Technical Support
3661,Product Support
3663,Billing and Payments
3665,Product Support
3668,Service Outages and Maintenance
3669,Technical Support
3671,Billing and Payments
3672,Billing and Payments
3673,Technical Support
3674,Service Outages and Maintenance
3676,Customer Service
3678,Technical Support
3679,Technical Support
3680,Technical Support
3681,Service Outages and Maintenance
3682,Customer Service
3685,IT Support
3686,Returns and Exchanges
3687,Technical Support
3688,General Inquiry
3692,Customer Service
3693,Product Support
3694,IT Support
3695,Customer Service
3696,Technical Support
3697,Billing and Payments
3698,Customer Service
3699,Billing and Payments
3700,Product Support
3701,Technical Support
3702,General Inquiry
3703,Technical Support
3704,Human Resources
3705,Billing and Payments
3706,Technical Support
3709,Human Resources
3710,Product Support
3711,Technical Support
3712,IT Support
3713,Product Support
3714,Human Resources
3715,Product Support
3717,Billing and Payments
3719,Technical Support
3720,Service Outages and Maintenance
3721,Technical Support
3722,Technical Support
3723,Billing and Payments
3724,Technical Support
3727,Product Support
3728,Customer Service
3729,Product Support
3730,IT Support
3732,Customer Service
3733,Technical Support
3734,IT Support
3736,Customer Service
3739,Technical Support
3740,Technical Support
3741,Technical Support
3742,Technical Support
3743,Technical Support
3745,Billing and Payments
3746,Billing and Payments
3747,Product Support
3749,Customer Service
3750,Technical Support
3751,Technical Support
3753,Customer Service
3754,Sales and Pre-Sales
3757,Technical Support
3758,Technical Support
3760,Customer Service
3761,Customer Service
3762,Sales and Pre-Sales
3763,IT Support
3764,Technical Support
3765,Billing and Payments
3766,Product Support
3768,IT Support
3773,IT Support
3774,Technical Support
3775,Technical Support
3776,IT Support
3778,Billing and Payments
3779,IT Support
3781,Customer Service
3782,Product Support
3784,General Inquiry
3785,Service Outages and Maintenance
3786,IT Support
3787,Technical Support
3788,Customer Service
3790,Technical Support
3791,Billing and Payments
3792,IT Support
3793,IT Support
3795,Billing and Payments
3796,Customer Service
3798,Billing and Payments
3799,Product Support
3801,Billing and Payments
3802,Product Support
3803,Returns and Exchanges
3804,Billing and Payments
3806,Product Support
3808,IT Support
3809,Product Support
3810,Billing and Payments
3811,Technical Support
3812,Technical Support
3814,IT Support
3815,IT Support
3816,Customer Service
3817,Customer Service
3818,Technical Support
3819,Returns and Exchanges
3820,Technical Support
3822,Customer Service
3823,Sales and Pre-Sales
3824,Customer Service
3826,Billing and Payments
3827,Technical Support
3828,IT Support
3829,IT Support
3830,Billing and Payments
3831,Technical Support
3832,General Inquiry
3833,Technical Support
3834,IT Support
3835,Technical Support
3836,Sales and Pre-Sales
3837,Technical Support
3838,Product Support
3839,Product Support
3840,Product Support
3841,Technical Support
3842,Technical Support
3843,Product Support
3844,Product Support
3845,Technical Support
3847,IT Support
3848,Customer Service
3849,Customer Service
3850,Returns and Exchanges
3851,Customer Service
3852,Technical Support
3854,Technical Support
3855,Technical Support
3856,Product Support
3857,General Inquiry
3858,Technical Support
3859,Customer Service
3860,Human Resources
3861,Customer Service
3862,Technical Support
3863,IT Support
3864,IT Support
3865,Billing and Payments
3866,Technical Support
3867,IT Support
3868,IT Support
3870,Technical Support
3871,Returns and Exchanges
3873,Returns and Exchanges
3875,Technical Support
3876,Customer Service
3878,Customer Service
3879,Technical Support
3880,IT Support
3881,IT Support
3882,Technical Support
3883,Service Outages and Maintenance
3884,Customer Service
3885,Sales and Pre-Sales
3886,Technical Support
3887,Product Support
3888,Product Support
3889,Sales and Pre-Sales
3890,Product Support
3891,Technical Support
3892,Technical Support
3893,Technical Support
3894,Technical Support
3895,Technical Support
3896,IT Support
3898,Billing and Payments
3900,Product Support
3901,Sales and Pre-Sales
3902,Technical Support
3903,Technical Support
3904,Customer Service
3905,Product Support
3906,Product Support
3907,General Inquiry
3908,Customer Service
3909,Product Support
3910,Billing and Payments
3911,IT Support
3912,Technical Support
3913,Returns and Exchanges
3914,Technical Support
3915,Technical Support
3916,IT Support
3917,Technical Support
3918,Billing and Payments
3920,Technical Support
3921,IT Support
3922,Technical Support
3923,IT Support
3924,Product Support
3928,Technical Support
3930,General Inquiry
3932,General Inquiry
3935,Technical Support
3936,Technical Support
3937,Human Resources
3940,Service Outages and Maintenance
3942,Customer Service
3944,IT Support
3945,Technical Support
3947,Technical Support
3948,Customer Service
3950,Product Support
3951,Billing and Payments
3952,Technical Support
3953,Technical Support
3954,Billing and Payments
3956,IT Support
3958,IT Support
3959,Customer Service
3960,Technical Support
3961,Sales and Pre-Sales
3962,IT Support
3963,Technical Support
3964,Technical Support
3966,IT Support
3967,Billing and Payments
3968,IT Support
3969,Customer Service
3970,Customer Service
3971,Product Support
3972,Technical Support
3973,Sales and Pre-Sales
3974,Product Support
3975,IT Support
3976,Product Support
3977,Customer Service
3979,Customer Service
3980,Product Support
3982,General Inquiry
3984,Product Support
3985,Customer Service
3986,IT Support
3987,Customer Service
3988,Technical Support
3990,Product Support
3991,Product Support
3992,Billing and Payments
3993,IT Support
3994,Product Support
3995,Technical Support
3996,Product Support
3997,Product Support
3998,Sales and Pre-Sales
3999,Product Support
4000,Customer Service
4002,Service Outages and Maintenance
4003,IT Support
4004,Product Support
4005,Technical Support
4008,IT Support
4009,IT Support
4012,Technical Support
4013,Human Resources
4014,Technical Support
4015,Service Outages and Maintenance
4016,Customer Service
4017,Product Support
4018,Product Support
4019,Product Support
4020,Technical Support
4021,Returns and Exchanges
4022,Technical Support
4023,IT Support
4024,Technical Support
4026,Technical Support
4027,Customer Service
4028,Customer Service
4030,Billing and Payments
4031,Product Support
4034,Technical Support
4036,Customer Service
4037,Product Support
4039,Customer Service
4040,IT Support
4041,Sales and Pre-Sales
4042,Technical Support
4044,Product Support
4045,Product Support
4046,Technical Support
4047,Product Support
4048,Technical Support
4050,Product Support
4052,Technical Support
4053,Customer Service
4054,Technical Support
4056,Product Support
4057,Product Support
4059,Product Support
4060,Customer Service
4061,Customer Service
4063,Customer Service
4064,Technical Support
4065,Billing and Payments
4066,Technical Support
4068,Technical Support
4069,IT Support
4070,Customer Service
4071,Product Support
4073,Billing and Payments
4074,Customer Service
4075,Product Support
4076,Customer Service
4077,General Inquiry
4078,IT Support
4079,Customer Service
4080,Billing and Payments
4081,Technical Support
4082,Billing and Payments
4083,Product Support
4084,IT Support
4085,Product Support
4086,Technical Support
4087,Product Support
4088,Technical Support
4089,Customer Service
4090,Product Support
4091,Technical Support
4092,Billing and Payments
4096,Technical Support
4097,General Inquiry
4101,Product Support
4102,Customer Service
4104,IT Support
4105,Billing and Payments
4106,Technical Support
4107,Billing and Payments
4109,Product Support
4110,Returns and Exchanges
4111,Human Resources
4112,Technical Support
4114,Service Outages and Maintenance
4115,Billing and Payments
4116,Product Support
4117,IT Support
4118,Product Support
4120,IT Support
4121,Technical Support
4124,IT Support
4125,Billing and Payments
4126,Technical Support
4127,Technical Support
4128,IT Support
4129,IT Support
4130,Product Support
4131,Human Resources
4132,Billing and Payments
4133,General Inquiry
4134,Product Support
4136,Technical Support
4138,Technical Support
4139,Customer Service
4140,Billing and Payments
4141,Customer Service
4142,Returns and Exchanges
4145,Technical Support
4146,Product Support
4147,IT Support
4148,Technical Support
4149,Billing and Payments
4152,Technical Support
4153,IT Support
4154,Billing and Payments
4155,Customer Service
4156,General Inquiry
4157,Technical Support
4159,Sales and Pre-Sales
4160,Product Support
4161,Billing and Payments
4162,Sales and Pre-Sales
4163,Customer Service
4164,Product Support
4165,Returns and Exchanges
4166,Product Support
4167,Technical Support
4168,Product Support
4169,Product Support
4170,Technical Support
4171,Technical Support
4172,Product Support
4173,IT Support
4174,Product Support
4176,Product Support
4177,Customer Service
4179,Billing and Payments
4180,Service Outages and Maintenance
4181,Customer Service
4182,Technical Support
4183,Customer Service
4184,Service Outages and Maintenance
4185,Technical Support
4186,Technical Support
4187,Product Support
4189,Product Support
4190,Service Outages and Maintenance
4191,Technical Support
4192,Sales and Pre-Sales
4193,Customer Service
4194,Product Support
4195,Technical Support
4196,Product Support
4197,Customer Service
4198,IT Support
4199,Sales and Pre-Sales
4200,Technical Support
4201,IT Support
4202,Returns and Exchanges
4203,Product Support
4204,Product Support
4205,IT Support
4206,Technical Support
4207,IT Support
4208,Technical Support
4209,IT Support
4210,Product Support
4211,IT Support
4212,Product Support
4214,Technical Support
4215,Product Support
4216,Billing and Payments
4217,Billing and Payments
4218,Technical Support
4220,Product Support
4221,Technical Support
4223,Technical Support
4224,Technical Support
4225,IT Support
4226,Technical Support
4227,Service Outages and Maintenance
4230,Service Outages and Maintenance
4231,IT Support
4232,IT Support
4233,Customer Service
4234,Customer Service
4235,Technical Support
4236,Technical Support
4238,Technical Support
4239,Product Support
4240,IT Support
4241,Technical Support
4242,Product Support
4244,Product Support
4245,Customer Service
4246,Technical Support
4247,Service Outages and Maintenance
4248,Customer Service
4249,Technical Support
4250,Technical Support
4251,Technical Support
4252,Service Outages and Maintenance
4253,IT Support
4254,Returns and Exchanges
4255,Technical Support
4256,IT Support
4257,Customer Service
4260,Product Support
4261,Customer Service
4262,Product Support
4264,Product Support
4265,Customer Service
4266,Returns and Exchanges
4269,Customer Service
4270,Customer Service
4271,Customer Service
4272,Sales and Pre-Sales
4274,Technical Support
4275,Product Support
4276,Product Support
4277,Technical Support
4279,Technical Support
4281,Customer Service
4282,Product Support
4283,Customer Service
4284,Sales and Pre-Sales
4285,Product Support
4286,Technical Support
4288,Technical Support
4289,Product Support
4291,Technical Support
4292,Technical Support
4294,Billing and Payments
4295,Product Support
4296,IT Support
4298,Product Support
4299,Product Support
4300,Sales and Pre-Sales
4301,Technical Support
4303,Product Support
4305,Technical Support
4306,Sales and Pre-Sales
4307,Sales and Pre-Sales
4310,Returns and Exchanges
4311,Technical Support
4312,IT Support
4313,Product Support
4314,Returns and Exchanges
4315,IT Support
4316,IT Support
4317,Product Support
4318,Technical Support
4319,Product Support
4320,IT Support
4321,IT Support
4322,Technical Support
4323,Sales and Pre-Sales
4324,Technical Support
4325,Product Support
4326,Sales and Pre-Sales
4327,Product Support
4328,Product Support
4329,Technical Support
4331,Technical Support
4332,Service Outages and Maintenance
4334,Customer Service
4335,Technical Support
4336,Technical Support
4337,IT Support
4340,Customer Service
4341,Customer Service
4342,Product Support
4343,Customer Service
4344,IT Support
4345,Customer Service
4346,Technical Support
4347,Returns and Exchanges
4349,Customer Service
4350,Billing and Payments
4353,Technical Support
4354,Returns and Exchanges
4355,Technical Support
4356,General Inquiry
4357,Technical Support
4358,Returns and Exchanges
4359,Customer Service
4360,Service Outages and Maintenance
4362,Billing and Payments
4363,Technical Support
4364,Technical Support
4365,Technical Support
4366,Technical Support
4367,Returns and Exchanges
4368,Technical Support
4369,IT Support
4370,Technical Support
4371,Billing and Payments
4373,Product Support
4374,IT Support
4375,Billing and Payments
4376,Product Support
4377,IT Support
4378,Product Support
4379,General Inquiry
4381,Product Support
4382,IT Support
4383,Product Support
4384,Billing and Payments
4386,Service Outages and Maintenance
4387,Technical Support
4388,Technical Support
4391,Returns and Exchanges
4393,Product Support
4394,Billing and Payments
4395,Technical Support
4396,Returns and Exchanges
4400,Technical Support
4401,IT Support
4404,Human Resources
4405,Returns and Exchanges
4407,Technical Support
4408,Customer Service
4409,Technical Support
4411,IT Support
4412,Product Support
4413,IT Support
4414,Product Support
4415,Sales and Pre-Sales
4416,IT Support
4417,IT Support
4418,Technical Support
4419,Customer Service
4422,IT Support
4423,Customer Service
4425,Technical Support
4426,Billing and Payments
4427,Billing and Payments
4428,Product Support
4429,Returns and Exchanges
4430,Technical Support
4431,Technical Support
4432,Billing and Payments
4433,IT Support
4434,Technical Support
4435,Returns and Exchanges
4436,Sales and Pre-Sales
4438,Customer Service
4439,Technical Support
4441,Billing and Payments
4442,IT Support
4443,Product Support
4444,Product Support
4445,Customer Service
4446,Returns and Exchanges
4447,Technical Support
4448,Service Outages and Maintenance
4449,Billing and Payments
4451,Product Support
4452,IT Support
4453,Service Outages and Maintenance
4454,Customer Service
4455,Customer Service
4456,IT Support
4457,IT Support
4458,Product Support
4460,IT Support
4461,Customer Service
4462,Returns and Exchanges
4464,Returns and Exchanges
4465,Customer Service
4466,IT Support
4467,Customer Service
4468,Service Outages and Maintenance
4469,Returns and Exchanges
4470,Customer Service
4471,Technical Support
4473,Returns and Exchanges
4477,Technical Support
4478,Technical Support
4479,Customer Service
4480,Product Support
4481,IT Support
4482,Technical Support
4483,IT Support
4484,Customer Service
4487,IT Support
4488,Product Support
4489,Product Support
4491,Technical Support
4492,Technical Support
4493,Technical Support
4494,Customer Service
4495,IT Support
4496,Customer Service
4497,IT Support
4498,Product Support
4500,Technical Support
4501,Sales and Pre-Sales
4502,Service Outages and Maintenance
4503,Service Outages and Maintenance
4504,IT Support
4506,Customer Service
4507,Product Support
4508,Product Support
4510,Product Support
4511,IT Support
4512,Technical Support
4513,IT Support
4514,IT Support
4515,Product Support
4516,Technical Support
4517,Product Support
4519,Customer Service
4520,IT Support
4521,Product Support
4522,Technical Support
4523,Product Support
4524,IT Support
4525,Customer Service
4526,Technical Support
4528,Human Resources
4529,Technical Support
4530,IT Support
4531,Product Support
4532,Product Support
4533,Billing and Payments
4534,Billing and Payments
4535,Technical Support
4538,Product Support
4539,Product Support
4541,Billing and Payments
4542,IT Support
4543,Product Support
4544,Product Support
4545,IT Support
4546,Billing and Payments
4547,Technical Support
4548,Billing and Payments
4550,Technical Support
4551,Technical Support
4552,Technical Support
4554,Product Support
4555,Customer Service
4556,Technical Support
4557,Technical Support
4558,Billing and Payments
4559,Technical Support
4560,Sales and Pre-Sales
4561,Technical Support
4563,Technical Support
4564,Customer Service
4565,Product Support
4566,Human Resources
4567,IT Support
4568,Customer Service
4569,Billing and Payments
4570,Customer Service
4571,Billing and Payments
4572,Product Support
4574,IT Support
4576,Technical Support
4577,Sales and Pre-Sales
4578,Billing and Payments
4579,Technical Support
4580,Customer Service
4581,Customer Service
4582,Technical Support
4583,Technical Support
4585,Human Resources
4586,Technical Support
4587,Technical Support
4588,IT Support
4589,IT Support
4593,Technical Support
4594,Technical Support
4596,Billing and Payments
4597,IT Support
4598,Product Support
4599,Service Outages and Maintenance
4600,Technical Support
4601,Technical Support
4604,Product Support
4605,Product Support
4606,Returns and Exchanges
4607,Returns and Exchanges
4608,Product Support
4609,Customer Service
4610,Human Resources
4611,Product Support
4612,Technical Support
4613,Technical Support
4616,Technical Support
4617,Product Support
4618,Technical Support
4619,Returns and Exchanges
4620,Service Outages and Maintenance
4623,Customer Service
4624,Technical Support
4625,Technical Support
4626,Customer Service
4628,Customer Service
4629,Customer Service
4630,Technical Support
4631,Billing and Payments
4634,Product Support
4635,Technical Support
4636,Technical Support
4637,Customer Service
4638,IT Support
4639,Product Support
4640,Technical Support
4641,Product Support
4642,Technical Support
4643,Technical Support
4645,Sales and Pre-Sales
4646,Technical Support
4647,Human Resources
4648,Technical Support
4649,IT Support
4650,IT Support
4651,Technical Support
4652,Billing and Payments
4653,Product Support
4656,General Inquiry
4657,Technical Support
4658,Technical Support
4659,Service Outages and Maintenance
4661,Sales and Pre-Sales
4662,Billing and Payments
4664,IT Support
4666,IT Support
4667,Technical Support
4668,Returns and Exchanges
4669,IT Support
4671,IT Support
4672,Sales and Pre-Sales
4676,Sales and Pre-Sales
4677,Product Support
4678,Technical Support
4679,Service Outages and Maintenance
4681,Billing and Payments
4682,Customer Service
4683,Product Support
4686,Service Outages and Maintenance
4687,Product Support
4688,Service Outages and Maintenance
4689,Technical Support
4690,Returns and Exchanges
4692,Product Support
4693,Technical Support
4694,Technical Support
4695,Technical Support
4696,Billing and Payments
4697,Sales and Pre-Sales
4698,General Inquiry
4699,Sales and Pre-Sales
4700,Billing and Payments
4701,Technical Support
4702,IT Support
4705,Product Support
4707,Billing and Payments
4708,Technical Support
4709,IT Support
4710,Service Outages and Maintenance
4711,Sales and Pre-Sales
4712,Technical Support
4713,Billing and Payments
4715,Technical Support
4716,Product Support
4717,Product Support
4718,Product Support
4719,Technical Support
4721,Product Support
4722,Technical Support
4724,Technical Support
4726,Product Support
4727,Returns and Exchanges
4728,Returns and Exchanges
4729,Billing and Payments
4730,Product Support
4731,Customer Service
4732,Technical Support
4733,IT Support
4734,Technical Support
4735,Technical Support
4736,Billing and Payments
4737,Technical Support
4738,IT Support
4739,Product Support
4740,IT Support
4741,Service Outages and Maintenance
4743,IT Support
4744,Technical Support
4745,Service Outages and Maintenance
4746,Customer Service
4747,Sales and Pre-Sales
4748,Technical Support
4749,Customer Service
4751,Technical Support
4753,Returns and Exchanges
4754,Product Support
4755,Billing and Payments
4756,Product Support
4757,Billing and Payments
4758,Technical Support
4759,Customer Service
4760,Technical Support
4763,IT Support
4764,Product Support
4765,Billing and Payments
4766,Product Support
4768,Technical Support
4769,Returns and Exchanges
4770,Customer Service
4771,Technical Support
4772,Product Support
4773,Human Resources
4774,Product Support
4775,Product Support
4776,Technical Support
4777,Human Resources
4778,Technical Support
4779,Returns and Exchanges
4780,Technical Support
4782,Technical Support
4783,IT Support
4784,Technical Support
4786,Technical Support
4787,Product Support
4788,IT Support
4789,Technical Support
4790,Technical Support
4791,Technical Support
4792,Product Support
4794,Product Support
4795,Service Outages and Maintenance
4796,Returns and Exchanges
4797,Billing and Payments
4798,Billing and Payments
4799,Product Support
4800,Technical Support
4801,Billing and Payments
4802,Product Support
4803,Technical Support
4804,IT Support
4805,Technical Support
4806,IT Support
4807,Billing and Payments
4808,Technical Support
4810,Sales and Pre-Sales
4812,Technical Support
4813,Product Support
4814,Product Support
4816,Billing and Payments
4819,Technical Support
4820,Customer Service
4821,Billing and Payments
4822,Customer Service
4823,Technical Support
4824,IT Support
4826,IT Support
4827,Technical Support
4828,Technical Support
4829,Human Resources
4830,Customer Service
4831,Technical Support
4832,Technical Support
4833,Customer Service
4835,Human Resources
4836,Technical Support
4837,Technical Support
4838,Technical Support
4839,Billing and Payments
4840,Technical Support
4841,IT Support
4842,IT Support
4843,IT Support
4846,Human Resources
4847,IT Support
4848,Product Support
4849,Technical Support
4850,Billing and Payments
4851,Customer Service
4853,Technical Support
4854,Technical Support
4857,Technical Support
4858,Customer Service
4859,Technical Support
4860,Technical Support
4861,Billing and Payments
4862,Human Resources
4863,IT Support
4864,IT Support
4865,Technical Support
4866,Human Resources
4867,Technical Support
4868,Product Support
4870,IT Support
4871,Customer Service
4872,Customer Service
4873,Product Support
4877,Customer Service
4878,Technical Support
4879,Product Support
4880,Technical Support
4881,Billing and Payments
4882,Product Support
4883,Returns and Exchanges
4884,IT Support
4885,Technical Support
4886,Billing and Payments
4888,Technical Support
4889,Product Support
4891,IT Support
4892,Product Support
4893,Technical Support
4894,Sales and Pre-Sales
4895,Product Support
4897,Technical Support
4898,Customer Service
4900,Technical Support
4901,Product Support
4903,Technical Support
4904,Technical Support
4905,Human Resources
4906,Technical Support
4908,Product Support
4911,Billing and Payments
4912,Technical Support
4913,IT Support
4915,Customer Service
4916,Technical Support
4917,Product Support
4918,IT Support
4919,IT Support
4920,Product Support
4921,IT Support
4922,Billing and Payments
4924,Billing and Payments
4925,Technical Support
4926,Product Support
4927,Technical Support
4928,Returns and Exchanges
4930,IT Support
4931,Human Resources
4932,Product Support
4933,Technical Support
4934,Returns and Exchanges
4935,Customer Service
4936,Technical Support
4937,Customer Service
4939,Product Support
4940,Sales and Pre-Sales
4941,Technical Support
4943,Technical Support
4944,Customer Service
4945,Human Resources
4946,Customer Service
4947,Returns and Exchanges
4948,Product Support
4949,IT Support
4950,Customer Service
4951,IT Support
4952,Product Support
4953,Technical Support
4954,Technical Support
4955,Technical Support
4956,Technical Support
4957,Product Support
4958,IT Support
4959,Technical Support
4960,Returns and Exchanges
4961,Technical Support
4963,Product Support
4966,Technical Support
4967,Customer Service
4968,Product Support
4969,Sales and Pre-Sales
4970,Service Outages and Maintenance
4972,Technical Support
4973,IT Support
4974,Billing and Payments
4975,Sales and Pre-Sales
4976,IT Support
4977,Technical Support
4978,General Inquiry
4979,Technical Support
4980,Customer Service
4982,Returns and Exchanges
4983,Sales and Pre-Sales
4986,Product Support
4987,Product Support
4988,IT Support
4990,Product Support
4992,Product Support
4993,Product Support
4994,Sales and Pre-Sales
4995,Service Outages and Maintenance
4996,Human Resources
4997,Technical Support
4998,Customer Service
4999,Customer Service
5000,IT Support
5001,IT Support
5002,IT Support
5004,Technical Support
5005,Customer Service
5006,Sales and Pre-Sales
5007,Technical Support
5008,Technical Support
5009,Billing and Payments
5010,Technical Support
5011,Customer Service
5014,Product Support
5015,Technical Support
5016,Customer Service
5017,Customer Service
5018,Technical Support
5019,Technical Support
5020,Technical Support
5021,IT Support
5022,IT Support
5023,Billing and Payments
5024,Customer Service
5025,Billing and Payments
5026,Product Support
5027,Returns and Exchanges
5028,Product Support
5031,Technical Support
5032,Sales and Pre-Sales
5036,Human Resources
5037,Customer Service
5038,Service Outages and Maintenance
5040,Customer Service
5041,Technical Support
5042,Customer Service
5043,Product Support
5044,Technical Support
5045,Customer Service
5046,Technical Support
5047,Billing and Payments
5049,Returns and Exchanges
5050,Technical Support
5051,Product Support
5052,Technical Support
5053,Technical Support
5054,Customer Service
5055,IT Support
5056,Customer Service
5057,Product Support
5058,Service Outages and Maintenance
5059,Technical Support
5061,Customer Service
5065,IT Support
5067,Service Outages and Maintenance
5070,Human Resources
5071,Customer Service
5072,Technical Support
5073,Sales and Pre-Sales
5074,Customer Service
5075,Customer Service
5076,Technical Support
5077,Technical Support
5078,Customer Service
5079,IT Support
5080,General Inquiry
5081,Customer Service
5083,Technical Support
5084,Technical Support
5086,Technical Support
5087,Product Support
5088,Returns and Exchanges
5089,Technical Support
5090,Technical Support
5091,Human Resources
5092,IT Support
5093,Customer Service
5094,Technical Support
5095,Technical Support
5096,Technical Support
5097,Product Support
5098,IT Support
5099,Billing and Payments
5101,Technical Support
5102,IT Support
5103,Billing and Payments
5104,Technical Support
5105,Product Support
5106,Billing and Payments
5108,Billing and Payments
5109,Billing and Payments
5112,Technical Support
5113,Technical Support
5114,Human Resources
5117,Product Support
5118,Technical Support
5119,Returns and Exchanges
5120,Product Support
5121,Service Outages and Maintenance
5123,Product Support
5124,IT Support
5125,Technical Support
5126,Customer Service
5129,Customer Service
5130,Customer Service
5131,Product Support
5132,Returns and Exchanges
5133,Technical Support
5134,Sales and Pre-Sales
5136,IT Support
5137,Customer Service
5138,Product Support
5139,IT Support
5140,Technical Support
5141,Customer Service
5142,Technical Support
5143,Sales and Pre-Sales
5145,IT Support
5147,Product Support
5148,IT Support
5149,Technical Support
5150,Customer Service
5152,IT Support
5153,Customer Service
5156,Customer Service
5159,Product Support
5160,Product Support
5161,Technical Support
5162,Returns and Exchanges
5163,Billing and Payments
5164,Technical Support
5165,Customer Service
5166,Technical Support
5167,Product Support
5168,Technical Support
5169,Product Support
5171,IT Support
5172,Product Support
5173,IT Support
5175,Technical Support
5177,Customer Service
5178,IT Support
5179,Returns and Exchanges
5181,Customer Service
5182,Product Support
5184,Technical Support
5185,Product Support
5187,Technical Support
5188,IT Support
5189,Customer Service
5193,Technical Support
5194,Product Support
5195,Billing and Payments
5197,Product Support
5198,Service Outages and Maintenance
5199,IT Support
5200,Product Support
5201,Billing and Payments
5204,Product Support
5206,Technical Support
5209,Product Support
5210,IT Support
5212,Product Support
5213,Product Support
5214,Customer Service
5215,Billing and Payments
5216,Service Outages and Maintenance
5217,Customer Service
5218,Product Support
5219,Sales and Pre-Sales
5220,Customer Service
5222,Technical Support
5224,Product Support
5225,IT Support
5226,Product Support
5228,Customer Service
5229,IT Support
5230,Technical Support
5232,Technical Support
5235,Customer Service
5236,Product Support
5237,Billing and Payments
5238,Product Support
5239,Technical Support
5240,Product Support
5241,Technical Support
5242,Customer Service
5243,Product Support
5244,Technical Support
5245,Customer Service
5246,Product Support
5248,Technical Support
5249,IT Support
5250,Service Outages and Maintenance
5251,Technical Support
5252,Product Support
5253,Customer Service
5254,Billing and Payments
5255,Technical Support
5256,Product Support
5257,Product Support
5258,Technical Support
5259,Product Support
5261,IT Support
5262,Returns and Exchanges
5263,Technical Support
5264,Technical Support
5265,Product Support
5266,Customer Service
5267,Human Resources
5268,Technical Support
5270,Billing and Payments
5271,Technical Support
5272,Technical Support
5273,Product Support
5274,Billing and Payments
5275,Product Support
5276,Technical Support
5277,Service Outages and Maintenance
5278,Customer Service
5279,Sales and Pre-Sales
5281,Technical Support
5282,Customer Service
5284,IT Support
5285,IT Support
5286,Customer Service
5287,Customer Service
5288,Technical Support
5289,Service Outages and Maintenance
5290,Billing and Payments
5291,Returns and Exchanges
5292,Technical Support
5293,Sales and Pre-Sales
5294,Customer Service
5295,IT Support
5296,Technical Support
5297,Billing and Payments
5298,Returns and Exchanges
5299,Technical Support
5302,Technical Support
5303,Customer Service
5305,IT Support
5306,Technical Support
5307,Technical Support
5308,Technical Support
5310,Technical Support
5312,Customer Service
5313,Technical Support
5314,Product Support
5315,Technical Support
5316,Technical Support
5317,Product Support
5318,Technical Support
5319,Product Support
5320,Technical Support
5321,Customer Service
5322,Customer Service
5323,IT Support
5324,IT Support
5325,Customer Service
5326,Returns and Exchanges
5327,IT Support
5328,Technical Support
5329,Technical Support
5330,IT Support
5331,Product Support
5332,IT Support
5333,Product Support
5334,Billing and Payments
5335,Product Support
5336,Customer Service
5338,Technical Support
5340,Technical Support
5341,IT Support
5342,Technical Support
5343,IT Support
5344,Returns and Exchanges
5346,Product Support
5347,Product Support
5348,Product Support
5349,Technical Support
5351,General Inquiry
5352,Technical Support
5354,IT Support
5356,Technical Support
5357,IT Support
5358,Technical Support
5359,Product Support
5362,Technical Support
5363,Product Support
5364,Technical Support
5366,Technical Support
5367,Customer Service
5368,Customer Service
5369,IT Support
5370,Service Outages and Maintenance
5371,IT Support
5372,Product Support
5373,Technical Support
5374,Customer Service
5375,Technical Support
5376,Technical Support
5377,IT Support
5378,Technical Support
5380,Returns and Exchanges
5381,Returns and Exchanges
5382,IT Support
5383,Technical Support
5384,Technical Support
5385,Customer Service
5386,Service Outages and Maintenance
5388,IT Support
5390,Service Outages and Maintenance
5391,Customer Service
5392,Customer Service
5393,Product Support
5395,Technical Support
5396,Product Support
5397,Sales and Pre-Sales
5398,Customer Service
5399,Technical Support
5400,Technical Support
5401,Technical Support
5402,Product Support
5403,Customer Service
5404,Technical Support
5405,Technical Support
5406,Technical Support
5407,Technical Support
5409,Billing and Payments
5410,Technical Support
5411,Returns and Exchanges
5412,Technical Support
5413,Technical Support
5414,Billing and Payments
5416,Service Outages and Maintenance
5417,Technical Support
5418,Technical Support
5419,Customer Service
5422,Product Support
5423,Customer Service
5424,Product Support
5425,Customer Service
5426,Product Support
5427,Billing and Payments
5429,Product Support
5432,Billing and Payments
5434,IT Support
5435,Technical Support
5437,Technical Support
5438,Product Support
5439,Technical Support
5440,Product Support
5441,Technical Support
5442,Technical Support
5443,Customer Service
5444,IT Support
5445,Technical Support
5446,Product Support
5447,Technical Support
5448,Customer Service
5449,Product Support
5450,Technical Support
5451,IT Support
5452,Product Support
5453,Billing and Payments
5454,Technical Support
5455,Customer Service
5456,Technical Support
5458,Returns and Exchanges
5459,Product Support
5461,Service Outages and Maintenance
5463,Product Support
5464,Billing and Payments
5465,IT Support
5466,Product Support
5467,Technical Support
5468,Customer Service
5469,Technical Support
5470,Billing and Payments
5472,Technical Support
5474,IT Support
5475,IT Support
5476,Product Support
5477,Technical Support
5478,Billing and Payments
5479,Customer Service
5480,Customer Service
5481,Technical Support
5484,IT Support
5485,Technical Support
5486,Technical Support
5487,Technical Support
5488,IT Support
5489,Technical Support
5490,Customer Service
5491,Billing and Payments
5492,Customer Service
5495,Technical Support
5497,IT Support
5498,IT Support
5499,Technical Support
5500,Technical Support
5501,IT Support
5502,Technical Support
5503,Technical Support
5504,Sales and Pre-Sales
5505,Product Support
5507,Product Support
5508,Technical Support
5509,Technical Support
5510,Customer Service
5512,Billing and Payments
5513,IT Support
5514,Technical Support
5516,Technical Support
5517,Technical Support
5518,Technical Support
5519,Customer Service
5520,Billing and Payments
5521,Technical Support
5522,Customer Service
5523,Customer Service
5524,Product Support
5525,Technical Support
5526,Service Outages and Maintenance
5527,IT Support
5528,Technical Support
5529,Technical Support
5530,Product Support
5531,Returns and Exchanges
5532,Customer Service
5535,Product Support
5536,Product Support
5537,IT Support
5539,IT Support
5540,Technical Support
5541,Technical Support
5542,Technical Support
5544,Technical Support
5545,Product Support
5546,Customer Service
5548,Technical Support
5549,Sales and Pre-Sales
5550,IT Support
5551,Product Support
5552,Product Support
5554,Technical Support
5555,Customer Service
5556,Customer Service
5557,Technical Support
5559,Technical Support
5560,Technical Support
5562,Billing and Payments
5563,Customer Service
5564,Product Support
5565,Product Support
5566,IT Support
5567,Service Outages and Maintenance
5568,IT Support
5569,IT Support
5570,Billing and Payments
5571,IT Support
5573,Product Support
5574,Technical Support
5575,Technical Support
5576,Product Support
5577,Returns and Exchanges
5578,Product Support
5579,Technical Support
5580,Technical Support
5582,Technical Support
5583,Customer Service
5584,Customer Service
5586,Product Support
5587,Billing and Payments
5588,Billing and Payments
5589,Returns and Exchanges
5590,Technical Support
5592,Technical Support
5593,Technical Support
5594,Human Resources
5595,Product Support
5596,Customer Service
5597,Customer Service
5599,Customer Service
5600,Technical Support
5601,Returns and Exchanges
5603,Product Support
5604,Technical Support
5605,Technical Support
5606,IT Support
5607,Product Support
5608,IT Support
5609,Sales and Pre-Sales
5610,Technical Support
5611,Customer Service
5612,Product Support
5613,Billing and Payments
5614,Technical Support
5615,Product Support
5616,Technical Support
5617,Technical Support
5618,General Inquiry
5619,Technical Support
5620,Technical Support
5622,Billing and Payments
5624,Customer Service
5625,Product Support
5627,Billing and Payments
5628,Technical Support
5629,Billing and Payments
5630,Product Support
5632,Service Outages and Maintenance
5633,General Inquiry
5635,Sales and Pre-Sales
5637,Technical Support
5638,Customer Service
5639,Product Support
5641,Technical Support
5643,Technical Support
5644,IT Support
5645,Technical Support
5646,Product Support
5647,Product Support
5648,IT Support
5650,IT Support
5651,Technical Support
5652,Technical Support
5653,Product Support
5655,Technical Support
5656,Technical Support
5657,IT Support
5659,Technical Support
5660,Sales and Pre-Sales
5661,Technical Support
5664,Customer Service
5665,Technical Support
5667,Technical Support
5668,Technical Support
5670,Technical Support
5671,Billing and Payments
5672,Technical Support
5673,Customer Service
5674,IT Support
5675,IT Support
5676,Technical Support
5677,IT Support
5678,General Inquiry
5679,Technical Support
5680,Technical Support
5682,Returns and Exchanges
5683,Technical Support
5684,Product Support
5685,Sales and Pre-Sales
5686,Product Support
5687,Customer Service
5689,Technical Support
5690,Technical Support
5691,IT Support
5693,Technical Support
5694,Technical Support
5695,Human Resources
5696,Technical Support
5698,Technical Support
5699,Technical Support
5700,Service Outages and Maintenance
5701,Technical Support
5702,Returns and Exchanges
5703,IT Support
5704,Technical Support
5705,Customer Service
5706,IT Support
5707,Product Support
5710,Billing and Payments
5711,Product Support
5712,Sales and Pre-Sales
5713,Service Outages and Maintenance
5714,IT Support
5715,Product Support
5716,Technical Support
5717,IT Support
5718,Sales and Pre-Sales
5719,Customer Service
5721,Technical Support
5722,Billing and Payments
5723,Technical Support
5725,Product Support
5727,IT Support
5728,Billing and Payments
5729,Sales and Pre-Sales
5730,IT Support
5731,Product Support
5733,Service Outages and Maintenance
5734,Product Support
5735,Customer Service
5736,Billing and Payments
5737,Product Support
5738,Billing and Payments
5740,Technical Support
5741,IT Support
5743,IT Support
5744,Human Resources
5745,Product Support
5746,Technical Support
5748,Technical Support
5749,Returns and Exchanges
5751,Technical Support
5754,Technical Support
5755,IT Support
5756,Product Support
5757,Billing and Payments
5758,Sales and Pre-Sales
5759,Technical Support
5761,Service Outages and Maintenance
5764,Customer Service
5766,Customer Service
5767,Technical Support
5769,Sales and Pre-Sales
5770,Technical Support
5771,IT Support
5772,Product Support
5773,Technical Support
5774,Product Support
5776,Technical Support
5777,IT Support
5778,Returns and Exchanges
5779,Technical Support
5780,Technical Support
5781,Technical Support
5782,Technical Support
5784,Technical Support
5785,IT Support
5786,Product Support
5787,Customer Service
5788,Technical Support
5789,Technical Support
5790,IT Support
5791,Product Support
5792,Product Support
5793,Technical Support
5794,Technical Support
5795,Customer Service
5796,Service Outages and Maintenance
5797,Customer Service
5798,IT Support
5799,Service Outages and Maintenance
5800,Technical Support
5801,Billing and Payments
5802,IT Support
5803,IT Support
5804,Billing and Payments
5805,Human Resources
5806,Product Support
5807,Product Support
5810,Customer Service
5811,Product Support
5812,Customer Service
5813,IT Support
5814,Billing and Payments
5815,Returns and Exchanges
5816,Technical Support
5817,Technical Support
5819,Product Support
5820,IT Support
5821,Technical Support
5822,Technical Support
5824,Billing and Payments
5825,Product Support
5826,Customer Service
5827,Technical Support
5828,IT Support
5829,Service Outages and Maintenance
5831,Technical Support
5833,Technical Support
5834,Technical Support
5835,Customer Service
5837,Technical Support
5838,General Inquiry
5839,IT Support
5840,Technical Support
5841,IT Support
5842,IT Support
5844,Returns and Exchanges
5845,Product Support
5846,Technical Support
5847,IT Support
5848,Product Support
5849,Service Outages and Maintenance
5850,Technical Support
5851,Product Support
5853,Product Support
5854,Product Support
5855,Product Support
5856,Technical Support
5858,Returns and Exchanges
5859,Technical Support
5860,Billing and Payments
5861,IT Support
5862,Customer Service
5863,IT Support
5864,Technical Support
5865,Customer Service
5866,Customer Service
5867,Technical Support
5868,Customer Service
5869,Technical Support
5870,Returns and Exchanges
5871,Technical Support
5872,Billing and Payments
5873,Service Outages and Maintenance
5874,Billing and Payments
5875,General Inquiry
5878,Customer Service
5880,Customer Service
5883,IT Support
5884,Sales and Pre-Sales
5885,Sales and Pre-Sales
5886,Product Support
5888,IT Support
5889,Customer Service
5890,Customer Service
5891,Returns and Exchanges
5892,Technical Support
5893,IT Support
5894,Billing and Payments
5895,Service Outages and Maintenance
5896,Returns and Exchanges
5897,Customer Service
5898,Billing and Payments
5899,Technical Support
5901,Product Support
5902,Technical Support
5903,Product Support
5904,Sales and Pre-Sales
5905,Technical Support
5906,IT Support
5907,Technical Support
5908,Technical Support
5909,Product Support
5910,Technical Support
5911,Technical Support
5912,Customer Service
5913,Customer Service
5914,Returns and Exchanges
5916,Technical Support
5919,Customer Service
5920,Technical Support
5921,Customer Service
5922,Product Support
5923,Billing and Payments
5924,Technical Support
5925,Product Support
5926,Sales and Pre-Sales
5927,IT Support
5928,Product Support
5929,Customer Service
5930,IT Support
5931,Returns and Exchanges
5935,Human Resources
5936,Technical Support
5937,General Inquiry
5938,IT Support
5939,IT Support
5940,Billing and Payments
5941,Human Resources
5942,Service Outages and Maintenance
5943,Technical Support
5944,Service Outages and Maintenance
5945,Technical Support
5946,Customer Service
5947,IT Support
5948,IT Support
5949,Product Support
5950,Product Support
5952,Technical Support
5953,Technical Support
5954,Service Outages and Maintenance
5955,Customer Service
5956,IT Support
5957,IT Support
5958,IT Support
5959,Customer Service
5960,Product Support
5961,Product Support
5963,Returns and Exchanges
5964,Billing and Payments
5965,Customer Service
5966,Product Support
5967,Sales and Pre-Sales
5969,Technical Support
5971,Human Resources
5972,Customer Service
5973,Customer Service
5976,Returns and Exchanges
5978,Technical Support
5980,Product Support
5981,Technical Support
5982,Customer Service
5984,Billing and Payments
5985,IT Support
5986,IT Support
5987,Customer Service
5988,Technical Support
5989,Product Support
5990,Billing and Payments
5991,Customer Service
5993,Billing and Payments
5995,Service Outages and Maintenance
5996,Customer Service
5997,Product Support
5998,Customer Service
5999,Technical Support
6002,Product Support
6003,Technical Support
6004,Product Support
6005,Technical Support
6006,Customer Service
6007,Technical Support
6008,Customer Service
6009,Product Support
6010,Customer Service
6012,Customer Service
6013,Technical Support
6015,Technical Support
6016,Technical Support
6017,Customer Service
6018,Technical Support
6019,Product Support
6020,Human Resources
6022,Product Support
6023,Human Resources
6024,Sales and Pre-Sales
6025,IT Support
6026,Customer Service
6027,Customer Service
6029,Customer Service
6030,Product Support
6031,Billing and Payments
6032,Sales and Pre-Sales
6033,Product Support
6034,Product Support
6035,Billing and Payments
6036,Technical Support
6037,Technical Support
6038,Customer Service
6039,Billing and Payments
6041,Service Outages and Maintenance
6042,Technical Support
6043,Sales and Pre-Sales
6044,Service Outages and Maintenance
6045,Technical Support
6046,Returns and Exchanges
6048,Sales and Pre-Sales
6049,Technical Support
6050,Sales and Pre-Sales
6052,Sales and Pre-Sales
6053,Product Support
6054,Technical Support
6055,Customer Service
6056,Returns and Exchanges
6057,Billing and Payments
6058,Customer Service
6059,Returns and Exchanges
6065,Technical Support
6066,Technical Support
6068,Product Support
6069,Technical Support
6070,Customer Service
6071,Technical Support
6072,Product Support
6073,Customer Service
6074,Technical Support
6078,Sales and Pre-Sales
6079,Product Support
6082,Billing and Payments
6083,Technical Support
6084,Product Support
6085,IT Support
6086,Billing and Payments
6087,Technical Support
6089,IT Support
6090,Technical Support
6091,Technical Support
6093,IT Support
6095,Billing and Payments
6096,Customer Service
6098,Technical Support
6099,Product Support
6100,Technical Support
6102,Sales and Pre-Sales
6103,Product Support
6104,Billing and Payments
6107,Product Support
6108,IT Support
6110,Technical Support
6111,Returns and Exchanges
6112,Product Support
6113,Product Support
6114,Customer Service
6116,Technical Support
6117,Sales and Pre-Sales
6119,Customer Service
6120,Returns and Exchanges
6121,Technical Support
6122,Customer Service
6123,Returns and Exchanges
6124,Product Support
6125,IT Support
6126,Service Outages and Maintenance
6127,Technical Support
6128,Human Resources
6129,Technical Support
6130,Product Support
6131,Technical Support
6132,Billing and Payments
6134,Technical Support
6135,Product Support
6136,Customer Service
6137,Technical Support
6139,Technical Support
6140,Product Support
6141,Returns and Exchanges
6144,Sales and Pre-Sales
6145,Technical Support
6146,IT Support
6148,Technical Support
6150,Customer Service
6151,IT Support
6152,Product Support
6153,Billing and Payments
6154,Returns and Exchanges
6155,Technical Support
6156,Product Support
6157,Returns and Exchanges
6158,IT Support
6159,Technical Support
6160,Technical Support
6165,Product Support
6166,Technical Support
6167,Human Resources
6169,Product Support
6170,Billing and Payments
6171,Customer Service
6172,Product Support
6173,Technical Support
6174,IT Support
6175,Sales and Pre-Sales
6176,Technical Support
6177,Billing and Payments
6178,IT Support
6181,Product Support
6182,IT Support
6184,Customer Service
6185,Product Support
6186,Billing and Payments
6187,Customer Service
6188,Technical Support
6189,Billing and Payments
6192,Product Support
6193,Product Support
6194,Technical Support
6197,Billing and Payments
6200,Technical Support
6201,Technical Support
6202,Technical Support
6203,Product Support
6204,Billing and Payments
6205,Product Support
6206,Customer Service
6207,IT Support
6209,Product Support
6210,Product Support
6211,Customer Service
6212,Product Support
6214,Service Outages and Maintenance
6215,Product Support
6216,IT Support
6217,IT Support
6219,Product Support
6220,Customer Service
6221,Billing and Payments
6222,Customer Service
6224,Technical Support
6226,Product Support
6227,Customer Service
6228,Billing and Payments
6229,IT Support
6231,Technical Support
6235,Product Support
6236,IT Support
6237,Product Support
6238,Product Support
6239,Technical Support
6241,Technical Support
6242,Product Support
6243,Billing and Payments
6244,Customer Service
6247,Sales and Pre-Sales
6249,Sales and Pre-Sales
6250,Technical Support
6251,Billing and Payments
6252,IT Support
6253,Returns and Exchanges
6255,Product Support
6256,Billing and Payments
6257,Technical Support
6258,Technical Support
6259,Technical Support
6260,Technical Support
6261,Product Support
6262,Technical Support
6263,Technical Support
6264,Customer Service
6265,Technical Support
6266,Customer Service
6268,Product Support
6269,Product Support
6270,Customer Service
6271,Service Outages and Maintenance
6272,IT Support
6273,Returns and Exchanges
6274,Technical Support
6275,Product Support
6276,Product Support
6277,Technical Support
6278,Technical Support
6279,Technical Support
6281,Technical Support
6282,Customer Service
6284,Returns and Exchanges
6286,Billing and Payments
6288,Technical Support
6289,Technical Support
6290,Customer Service
6291,Billing and Payments
6292,IT Support
6293,IT Support
6294,IT Support
6295,Returns and Exchanges
6297,Technical Support
6298,Product Support
6299,Technical Support
6301,Product Support
6302,Sales and Pre-Sales
6303,Customer Service
6304,Customer Service
6306,Technical Support
6307,Sales and Pre-Sales
6309,Technical Support
6310,IT Support
6311,Returns and Exchanges
6312,IT Support
6313,Customer Service
6314,Billing and Payments
6315,General Inquiry
6317,Product Support
6318,Technical Support
6319,Returns and Exchanges
6320,Customer Service
6321,Product Support
6322,IT Support
6323,Technical Support
6325,Billing and Payments
6326,Product Support
6327,Service Outages and Maintenance
6328,Technical Support
6329,Product Support
6330,General Inquiry
6331,Technical Support
6332,IT Support
6333,Billing and Payments
6337,Technical Support
6338,Service Outages and Maintenance
6339,Customer Service
6340,Customer Service
6342,IT Support
6343,Technical Support
6344,Customer Service
6345,Technical Support
6346,Technical Support
6347,Product Support
6349,Billing and Payments
6352,Human Resources
6353,IT Support
6357,Customer Service
6359,Billing and Payments
6360,Technical Support
6362,Product Support
6363,Product Support
6367,Sales and Pre-Sales
6368,Product Support
6369,Technical Support
6370,Technical Support
6371,IT Support
6372,IT Support
6373,Sales and Pre-Sales
6374,Customer Service
6376,Customer Service
6377,Returns and Exchanges
6380,Technical Support
6381,Human Resources
6382,Returns and Exchanges
6383,Technical Support
6385,Billing and Payments
6386,Customer Service
6387,Technical Support
6389,Product Support
6390,Technical Support
6392,Billing and Payments
6394,IT Support
6395,Product Support
6396,IT Support
6397,Technical Support
6398,Human Resources
6401,Product Support
6402,Billing and Payments
6403,Technical Support
6404,Customer Service
6405,Technical Support
6406,Human Resources
6408,Customer Service
6409,Sales and Pre-Sales
6410,Technical Support
6411,Returns and Exchanges
6412,Returns and Exchanges
6415,Customer Service
6417,Customer Service
6418,Customer Service
6419,Customer Service
6420,Customer Service
6421,Product Support
6422,Customer Service
6423,Billing and Payments
6424,Product Support
6425,Technical Support
6426,Technical Support
6428,Product Support
6429,Billing and Payments
6430,Technical Support
6431,Product Support
6433,Customer Service
6434,Technical Support
6435,Technical Support
6437,Product Support
6438,Customer Service
6439,Technical Support
6440,Product Support
6441,Sales and Pre-Sales
6442,Product Support
6443,Technical Support
6444,IT Support
6445,Technical Support
6446,Billing and Payments
6447,Technical Support
6448,IT Support
6452,Human Resources
6454,Service Outages and Maintenance
6455,Customer Service
6456,Technical Support
6457,Sales and Pre-Sales
6458,Technical Support
6459,Sales and Pre-Sales
6460,Technical Support
6461,Technical Support
6462,Customer Service
6463,Billing and Payments
6464,Product Support
6465,Returns and Exchanges
6466,Product Support
6467,Billing and Payments
6468,Billing and Payments
6469,Technical Support
6470,Product Support
6471,Billing and Payments
6472,Technical Support
6473,Service Outages and Maintenance
6474,Service Outages and Maintenance
6476,Human Resources
6477,Sales and Pre-Sales
6479,Service Outages and Maintenance
6480,Technical Support
6481,Service Outages and Maintenance
6483,Billing and Payments
6485,Technical Support
6486,Product Support
6488,Product Support
6489,Customer Service
6490,Billing and Payments
6491,IT Support
6492,Technical Support
6493,Technical Support
6495,Service Outages and Maintenance
6496,IT Support
6497,Customer Service
6498,Product Support
6500,Product Support
6502,Returns and Exchanges
6503,Technical Support
6504,Technical Support
6505,Technical Support
6508,Technical Support
6509,Service Outages and Maintenance
6510,Product Support
6511,Sales and Pre-Sales
6512,Returns and Exchanges
6513,Technical Support
6514,Customer Service
6515,Product Support
6516,IT Support
6517,Customer Service
6518,Technical Support
6519,Product Support
6520,Customer Service
6521,Customer Service
6522,Product Support
6524,IT Support
6526,Product Support
6527,Billing and Payments
6528,Service Outages and Maintenance
6529,Customer Service
6530,Returns and Exchanges
6531,Returns and Exchanges
6532,Customer Service
6533,Customer Service
6534,IT Support
6535,Technical Support
6536,Technical Support
6537,Product Support
6538,Product Support
6541,Technical Support
6542,Product Support
6543,Technical Support
6544,Technical Support
6545,Technical Support
6546,Billing and Payments
6547,Customer Service
6548,Human Resources
6549,IT Support
6550,Technical Support
6551,Customer Service
6553,Technical Support
6556,Technical Support
6558,Technical Support
6559,Customer Service
6560,Returns and Exchanges
6563,Billing and Payments
6564,Technical Support
6566,Customer Service
6567,Customer Service
6568,Service Outages and Maintenance
6569,Technical Support
6570,Billing and Payments
6571,Technical Support
6572,Technical Support
6573,Customer Service
6574,Technical Support
6575,IT Support
6576,Service Outages and Maintenance
6577,IT Support
6578,Technical Support
6581,Technical Support
6582,Human Resources
6583,Returns and Exchanges
6585,Human Resources
6586,Technical Support
6587,Technical Support
6588,Technical Support
6589,Technical Support
6590,Technical Support
6592,Sales and Pre-Sales
6593,Returns and Exchanges
6595,Product Support
6596,Technical Support
6597,Technical Support
6598,Human Resources
6599,Technical Support
6600,Billing and Payments
6601,Billing and Payments
6602,Product Support
6603,Billing and Payments
6604,IT Support
6605,Customer Service
6607,Product Support
6610,IT Support
6611,Product Support
6612,Technical Support
6613,Technical Support
6616,Technical Support
6617,Human Resources
6618,Returns and Exchanges
6619,Sales and Pre-Sales
6620,Technical Support
6621,Technical Support
6623,Technical Support
6624,IT Support
6625,Customer Service
6626,Technical Support
6627,Returns and Exchanges
6628,Technical Support
6629,Product Support
6630,Human Resources
6631,Customer Service
6632,Customer Service
6633,Service Outages and Maintenance
6634,Technical Support
6635,Product Support
6637,Billing and Payments
6640,Billing and Payments
6641,Product Support
6642,Customer Service
6643,Technical Support
6645,Returns and Exchanges
6646,Technical Support
6647,Technical Support
6648,Product Support
6649,Sales and Pre-Sales
6650,Sales and Pre-Sales
6651,Technical Support
6652,Billing and Payments
6653,Technical Support
6654,Human Resources
6656,Returns and Exchanges
6657,Billing and Payments
6658,General Inquiry
6659,Billing and Payments
6660,Technical Support
6661,Technical Support
6663,IT Support
6664,Technical Support
6666,Human Resources
6667,Billing and Payments
6668,Technical Support
6669,Customer Service
6670,Customer Service
6671,Customer Service
6672,Customer Service
6673,Billing and Payments
6674,IT Support
6675,IT Support
6677,Returns and Exchanges
6678,IT Support
6679,Customer Service
6680,Customer Service
6681,Technical Support
6683,Billing and Payments
6685,Product Support
6686,Technical Support
6688,Technical Support
6689,Product Support
6690,Technical Support
6691,Technical Support
6692,IT Support
6693,Product Support
6694,Technical Support
6695,Product Support
6697,Product Support
6698,IT Support
6699,Billing and Payments
6701,Sales and Pre-Sales
6702,Technical Support
6704,Billing and Payments
6705,Billing and Payments
6707,IT Support
6708,Product Support
6710,Technical Support
6711,General Inquiry
6712,Product Support
6713,Technical Support
6715,IT Support
6717,IT Support
6718,Product Support
6720,Product Support
6722,Product Support
6723,Technical Support
6725,Technical Support
6726,Service Outages and Maintenance
6727,Product Support
6728,Technical Support
6730,Service Outages and Maintenance
6731,Technical Support
6734,Sales and Pre-Sales
6736,Technical Support
6737,IT Support
6738,Product Support
6739,Technical Support
6741,Product Support
6742,Customer Service
6743,Billing and Payments
6745,Customer Service
6746,Technical Support
6747,IT Support
6748,IT Support
6749,Service Outages and Maintenance
6750,IT Support
6752,Technical Support
6754,Billing and Payments
6755,Returns and Exchanges
6756,IT Support
6757,Billing and Payments
6758,Technical Support
6759,Service Outages and Maintenance
6761,Returns and Exchanges
6762,Technical Support
6763,Technical Support
6764,Technical Support
6765,Customer Service
6767,IT Support
6768,Human Resources
6770,Product Support
6773,Customer Service
6774,Product Support
6776,Billing and Payments
6778,Product Support
6779,Customer Service
6780,Technical Support
6781,Technical Support
6782,Technical Support
6784,Customer Service
6785,Product Support
6788,Technical Support
6789,Customer Service
6790,IT Support
6791,Technical Support
6792,Technical Support
6793,Human Resources
6794,IT Support
6795,IT Support
6797,Technical Support
6799,Technical Support
6800,Technical Support
6801,IT Support
6802,Product Support
6803,Technical Support
6804,Billing and Payments
6805,Technical Support
6806,Returns and Exchanges
6807,Billing and Payments
6811,Billing and Payments
6812,Technical Support
6813,Billing and Payments
6814,Product Support
6815,Technical Support
6816,Technical Support
6817,General Inquiry
6818,Product Support
6819,Product Support
6820,Service Outages and Maintenance
6821,Technical Support
6822,Product Support
6824,Human Resources
6826,Product Support
6828,Customer Service
6830,Customer Service
6831,Human Resources
6832,Customer Service
6833,Technical Support
6834,Technical Support
6836,Technical Support
6837,Technical Support
6838,Returns and Exchanges
6839,Technical Support
6840,General Inquiry
6841,IT Support
6842,Product Support
6844,IT Support
6845,Product Support
6846,Product Support
6847,Technical Support
6850,Product Support
6852,Technical Support
6856,Technical Support
6859,Billing and Payments
6860,Customer Service
6862,Technical Support
6863,Billing and Payments
6864,Sales and Pre-Sales
6865,IT Support
6866,Customer Service
6867,Product Support
6871,Customer Service
6872,Technical Support
6873,Product Support
6874,Customer Service
6875,Returns and Exchanges
6878,Customer Service
6879,Technical Support
6880,Technical Support
6881,Customer Service
6882,Technical Support
6883,Technical Support
6884,Technical Support
6885,Returns and Exchanges
6887,IT Support
6888,Technical Support
6889,Technical Support
6890,Technical Support
6891,Billing and Payments
6892,Product Support
6893,Human Resources
6894,Billing and Payments
6896,Technical Support
6899,Technical Support
6900,Product Support
6901,Technical Support
6903,Billing and Payments
6905,Technical Support
6908,Technical Support
6909,Product Support
6910,IT Support
6911,Product Support
6912,IT Support
6916,Product Support
6917,Product Support
6918,Returns and Exchanges
6919,Technical Support
6920,Technical Support
6921,Technical Support
6922,Customer Service
6923,Returns and Exchanges
6925,Product Support
6926,Customer Service
6927,Customer Service
6928,Technical Support
6929,Customer Service
6930,Technical Support
6933,Technical Support
6935,Billing and Payments
6936,Technical Support
6937,Technical Support
6938,Technical Support
6939,IT Support
6940,Technical Support
6941,Customer Service
6942,Technical Support
6943,Customer Service
6944,Service Outages and Maintenance
6945,Billing and Payments
6948,Product Support
6949,Technical Support
6952,Technical Support
6953,Technical Support
6954,IT Support
6955,Returns and Exchanges
6956,Product Support
6957,Human Resources
6958,Customer Service
6960,Sales and Pre-Sales
6961,Billing and Payments
6962,Technical Support
6963,Sales and Pre-Sales
6966,IT Support
6967,Billing and Payments
6968,IT Support
6970,Technical Support
6971,Customer Service
6972,Customer Service
6973,Billing and Payments
6975,Technical Support
6976,Service Outages and Maintenance
6977,Technical Support
6978,Billing and Payments
6979,Technical Support
6980,Returns and Exchanges
6981,IT Support
6982,Customer Service
6984,Technical Support
6985,Billing and Payments
6986,Technical Support
6987,Product Support
6988,Billing and Payments
6990,Product Support
6991,Technical Support
6994,Technical Support
6996,Service Outages and Maintenance
6999,Product Support
7000,Returns and Exchanges
7001,Technical Support
7002,Product Support
7003,Customer Service
7004,Technical Support
7005,Technical Support
7006,Customer Service
7007,Technical Support
7008,Sales and Pre-Sales
7009,Technical Support
7010,Technical Support
7011,Technical Support
7012,Technical Support
7014,Billing and Payments
7015,IT Support
7016,Technical Support
7017,IT Support
7018,Customer Service
7019,IT Support
7021,Billing and Payments
7022,Technical Support
7023,Service Outages and Maintenance
7024,Customer Service
7025,Customer Service
7026,Product Support
7027,Product Support
7028,Technical Support
7029,Technical Support
7030,Human Resources
7031,Customer Service
7032,IT Support
7033,Technical Support
7035,Product Support
7036,Product Support
7037,Billing and Payments
7038,Technical Support
7039,General Inquiry
7042,Product Support
7043,Customer Service
7044,Customer Service
7045,Product Support
7047,Product Support
7049,Customer Service
7051,Returns and Exchanges
7052,Technical Support
7053,Technical Support
7054,Customer Service
7055,Product Support
7056,Product Support
7057,IT Support
7058,Billing and Payments
7059,Technical Support
7060,Product Support
7061,Service Outages and Maintenance
7062,Service Outages and Maintenance
7063,IT Support
7064,IT Support
7066,IT Support
7067,Customer Service
7068,Technical Support
7069,Product Support
7070,Customer Service
7072,Product Support
7073,General Inquiry
7074,Product Support
7075,IT Support
7076,Technical Support
7077,Product Support
7078,Technical Support
7079,Sales and Pre-Sales
7080,Product Support
7081,Technical Support
7082,Customer Service
7083,Product Support
7084,Technical Support
7086,IT Support
7088,Human Resources
7089,IT Support
7091,Customer Service
7092,Customer Service
7093,Technical Support
7094,Billing and Payments
7096,Technical Support
7097,Customer Service
7098,IT Support
7100,Customer Service
7101,Customer Service
7102,Returns and Exchanges
7103,Billing and Payments
7104,Customer Service
7105,Technical Support
7106,Service Outages and Maintenance
7107,IT Support
7108,Customer Service
7109,Billing and Payments
7110,Product Support
7111,Product Support
7112,Customer Service
7113,Sales and Pre-Sales
7114,Product Support
7115,Billing and Payments
7117,Technical Support
7120,Technical Support
7121,Technical Support
7122,Technical Support
7123,IT Support
7124,Returns and Exchanges
7126,IT Support
7127,Technical Support
7128,Product Support
7129,Billing and Payments
7130,Technical Support
7131,Technical Support
7132,IT Support
7134,IT Support
7135,Technical Support
7136,Service Outages and Maintenance
7137,Billing and Payments
7138,Customer Service
7139,Customer Service
7140,Returns and Exchanges
7141,Product Support
7142,Technical Support
7143,Returns and Exchanges
7144,IT Support
7145,Technical Support
7147,Technical Support
7148,IT Support
7149,Sales and Pre-Sales
7151,Technical Support
7153,Billing and Payments
7154,Billing and Payments
7155,IT Support
7157,Billing and Payments
7158,Product Support
7160,Product Support
7161,Technical Support
7162,Billing and Payments
7164,IT Support
7165,Billing and Payments
7166,Product Support
7167,Technical Support
7168,Billing and Payments
7169,IT Support
7171,Technical Support
7172,Product Support
7173,Billing and Payments
7174,Product Support
7175,Service Outages and Maintenance
7176,Technical Support
7177,Technical Support
7178,IT Support
7179,IT Support
7180,Billing and Payments
7182,General Inquiry
7183,Billing and Payments
7184,Sales and Pre-Sales
7185,IT Support
7186,Product Support
7187,Product Support
7188,Billing and Payments
7191,Technical Support
7193,Technical Support
7194,Billing and Payments
7195,Technical Support
7196,Customer Service
7197,Product Support
7198,Product Support
7199,Technical Support
7200,Technical Support
7202,Product Support
7204,Product Support
7205,Customer Service
7206,Technical Support
7208,Technical Support
7209,Technical Support
7210,Product Support
7211,IT Support
7213,Product Support
7214,Customer Service
7215,Customer Service
7216,Customer Service
7217,Technical Support
7218,Technical Support
7219,Billing and Payments
7221,Customer Service
7222,Returns and Exchanges
7224,Product Support
7225,Customer Service
7226,Customer Service
7227,Service Outages and Maintenance
7228,IT Support
7229,Billing and Payments
7230,Technical Support
7231,Customer Service
7232,Service Outages and Maintenance
7233,IT Support
7234,Technical Support
7235,Technical Support
7236,Billing and Payments
7238,Customer Service
7239,IT Support
7240,Service Outages and Maintenance
7241,Technical Support
7242,Technical Support
7243,Returns and Exchanges
7244,IT Support
7245,Returns and Exchanges
7246,IT Support
7249,Customer Service
7250,Technical Support
7251,Technical Support
7252,IT Support
7253,Technical Support
7254,Technical Support
7255,Product Support
7256,Product Support
7257,Product Support
7258,Service Outages and Maintenance
7259,Technical Support
7260,Billing and Payments
7261,Technical Support
7263,Product Support
7264,Technical Support
7266,Customer Service
7267,Technical Support
7269,Technical Support
7270,Customer Service
7271,Customer Service
7272,Technical Support
7273,Product Support
7274,Technical Support
7275,Technical Support
7276,Technical Support
7277,Service Outages and Maintenance
7278,Billing and Payments
7283,Customer Service
7284,Technical Support
7285,Service Outages and Maintenance
7286,Technical Support
7288,Billing and Payments
7289,IT Support
7290,IT Support
7291,Technical Support
7292,Sales and Pre-Sales
7293,IT Support
7294,Sales and Pre-Sales
7295,Technical Support
7297,Sales and Pre-Sales
7298,Technical Support
7299,Customer Service
7300,IT Support
7301,Returns and Exchanges
7302,Product Support
7303,Product Support
7304,Customer Service
7305,Customer Service
7306,Product Support
7307,Returns and Exchanges
7308,Technical Support
7309,Customer Service
7310,Billing and Payments
7311,IT Support
7313,General Inquiry
7315,Product Support
7317,Product Support
7318,Billing and Payments
7319,Customer Service
7320,Customer Service
7321,Technical Support
7322,IT Support
7323,Technical Support
7324,Technical Support
7325,Product Support
7327,Returns and Exchanges
7328,Service Outages and Maintenance
7330,Product Support
7331,Customer Service
7332,Technical Support
7333,Billing and Payments
7334,Product Support
7335,Customer Service
7336,IT Support
7337,Returns and Exchanges
7338,Product Support
7339,Billing and Payments
7340,IT Support
7341,Returns and Exchanges
7342,Sales and Pre-Sales
7343,Technical Support
7344,Technical Support
7345,Billing and Payments
7346,Returns and Exchanges
7347,IT Support
7348,IT Support
7349,Product Support
7350,Customer Service
7351,Product Support
7352,Product Support
7353,Technical Support
7354,Product Support
7356,Technical Support
7357,Customer Service
7358,Human Resources
7359,Service Outages and Maintenance
7360,Service Outages and Maintenance
7361,Technical Support
7362,Customer Service
7363,Customer Service
7364,Product Support
7365,Sales and Pre-Sales
7366,Product Support
7367,Technical Support
7368,Technical Support
7369,Technical Support
7371,Service Outages and Maintenance
7372,Returns and Exchanges
7373,Billing and Payments
7374,Customer Service
7375,Technical Support
7376,Technical Support
7377,Human Resources
7378,Technical Support
7379,Customer Service
7380,Returns and Exchanges
7381,Technical Support
7383,Technical Support
7384,Product Support
7386,Technical Support
7388,Technical Support
7389,Product Support
7390,Technical Support
7392,Customer Service
7394,Technical Support
7395,IT Support
7396,Product Support
7397,Technical Support
7398,Technical Support
7399,Sales and Pre-Sales
7400,Product Support
7401,Billing and Payments
7402,Billing and Payments
7403,IT Support
7405,Service Outages and Maintenance
7407,Product Support
7408,Customer Service
7409,Technical Support
7410,IT Support
7411,Human Resources
7412,Technical Support
7413,IT Support
7414,Customer Service
7415,Billing and Payments
7416,Technical Support
7417,IT Support
7418,Technical Support
7419,Product Support
7420,Product Support
7421,IT Support
7424,Billing and Payments
7425,Billing and Payments
7426,Billing and Payments
7429,Service Outages and Maintenance
7434,Sales and Pre-Sales
7435,Product Support
7437,IT Support
7438,Product Support
7440,Returns and Exchanges
7441,Billing and Payments
7442,Customer Service
7443,Returns and Exchanges
7444,Technical Support
7446,Customer Service
7447,Product Support
7448,Customer Service
7449,Service Outages and Maintenance
7450,Human Resources
7453,Product Support
7454,Technical Support
7455,Product Support
7456,Product Support
7458,General Inquiry
7459,Product Support
7460,Technical Support
7461,IT Support
7462,Technical Support
7463,Customer Service
7464,Product Support
7465,Technical Support
7466,IT Support
7467,Technical Support
7468,Billing and Payments
7469,Technical Support
7470,Technical Support
7471,Billing and Payments
7472,Technical Support
7474,Product Support
7476,Technical Support
7479,Customer Service
7480,General Inquiry
7481,IT Support
7482,Human Resources
7483,Human Resources
7484,Customer Service
7485,Technical Support
7486,Service Outages and Maintenance
7489,Customer Service
7490,Technical Support
7491,Product Support
7492,Technical Support
7493,Service Outages and Maintenance
7495,Technical Support
7497,Technical Support
7498,Sales and Pre-Sales
7499,Technical Support
7500,Technical Support
7502,IT Support
7503,Technical Support
7504,Customer Service
7505,Technical Support
7506,Technical Support
7507,Returns and Exchanges
7510,Billing and Payments
7511,General Inquiry
7512,General Inquiry
7514,Customer Service
7515,Technical Support
7516,Customer Service
7517,Product Support
7518,Technical Support
7519,IT Support
7520,Technical Support
7521,Technical Support
7522,Billing and Payments
7523,Product Support
7524,Customer Service
7526,Technical Support
7527,Service Outages and Maintenance
7528,Product Support
7529,Technical Support
7530,Customer Service
7531,Customer Service
7532,IT Support
7533,IT Support
7534,Product Support
7535,Human Resources
7537,Returns and Exchanges
7538,Technical Support
7539,IT Support
7540,IT Support
7541,Customer Service
7542,Product Support
7543,Returns and Exchanges
7544,Returns and Exchanges
7545,Technical Support
7546,Product Support
7547,Customer Service
7548,Technical Support
7549,Technical Support
7550,Customer Service
7553,Customer Service
7554,IT Support
7555,Technical Support
7556,IT Support
7557,Technical Support
7558,Technical Support
7559,Billing and Payments
7560,Returns and Exchanges
7562,IT Support
7563,Technical Support
7564,IT Support
7565,General Inquiry
7566,Product Support
7567,Product Support
7568,Customer Service
7569,Technical Support
7570,Technical Support
7571,Customer Service
7572,IT Support
7573,Technical Support
7574,Technical Support
7575,Technical Support
7576,Technical Support
7577,Technical Support
7578,Customer Service
7579,Technical Support
7580,Service Outages and Maintenance
7581,Customer Service
7582,Customer Service
7583,Service Outages and Maintenance
7585,Billing and Payments
7586,Technical Support
7589,Technical Support
7592,Billing and Payments
7593,Technical Support
7594,Customer Service
7595,Customer Service
7596,Technical Support
7597,Sales and Pre-Sales
7598,IT Support
7600,Technical Support
7604,Returns and Exchanges
7605,Service Outages and Maintenance
7606,Human Resources
7608,Service Outages and Maintenance
7613,Customer Service
7615,Returns and Exchanges
7616,Billing and Payments
7617,Sales and Pre-Sales
7619,Product Support
7621,Billing and Payments
7622,Product Support
7623,Technical Support
7626,Product Support
7627,Product Support
7628,Product Support
7629,IT Support
7630,IT Support
7633,Technical Support
7636,Customer Service
7638,IT Support
7639,Returns and Exchanges
7640,Returns and Exchanges
7642,Returns and Exchanges
7643,Technical Support
7645,IT Support
7646,Technical Support
7647,IT Support
7649,Technical Support
7651,IT Support
7652,Technical Support
7653,Technical Support
7654,Product Support
7655,IT Support
7656,Technical Support
7657,Returns and Exchanges
7658,Sales and Pre-Sales
7659,Product Support
7660,Product Support
7661,Technical Support
7663,Customer Service
7664,Service Outages and Maintenance
7666,Customer Service
7667,Technical Support
7670,IT Support
7673,Service Outages and Maintenance
7674,Product Support
7675,Service Outages and Maintenance
7676,Customer Service
7677,Billing and Payments
7678,Customer Service
7679,Billing and Payments
7680,Returns and Exchanges
7681,Technical Support
7683,Product Support
7684,Service Outages and Maintenance
7685,IT Support
7687,IT Support
7688,Technical Support
7689,Product Support
7690,Product Support
7691,IT Support
7692,Customer Service
7693,Technical Support
7694,Technical Support
7696,Technical Support
7697,Customer Service
7699,Technical Support
7700,Billing and Payments
7703,Human Resources
7704,Technical Support
7705,Service Outages and Maintenance
7706,Customer Service
7707,IT Support
7708,Customer Service
7709,Product Support
7710,Product Support
7711,Technical Support
7713,Product Support
7714,Product Support
7716,Technical Support
7717,Service Outages and Maintenance
7718,IT Support
7719,Customer Service
7720,Technical Support
7721,Sales and Pre-Sales
7722,Product Support
7724,Technical Support
7726,Product Support
7727,Billing and Payments
7728,Billing and Payments
7729,Customer Service
7731,Returns and Exchanges
7732,Billing and Payments
7733,Product Support
7735,Billing and Payments
7736,Human Resources
7737,Technical Support
7738,Human Resources
7742,IT Support
7743,IT Support
7744,Billing and Payments
7745,Service Outages and Maintenance
7746,Technical Support
7748,Technical Support
7750,Technical Support
7752,Product Support
7756,IT Support
7757,Human Resources
7760,Technical Support
7761,Returns and Exchanges
7762,IT Support
7763,Product Support
7765,Customer Service
7766,Technical Support
7767,Customer Service
7768,Technical Support
7769,Technical Support
7770,Technical Support
7771,Customer Service
7772,Product Support
7773,Technical Support
7774,Product Support
7775,Customer Service
7778,Sales and Pre-Sales
7779,Product Support
7781,Returns and Exchanges
7782,Product Support
7784,Customer Service
7785,Billing and Payments
7786,Product Support
7788,Service Outages and Maintenance
7789,Product Support
7791,Billing and Payments
7792,Billing and Payments
7793,Technical Support
7794,Product Support
7795,IT Support
7796,Human Resources
7798,Product Support
7799,Sales and Pre-Sales
7801,Product Support
7803,Customer Service
7804,Product Support
7806,Billing and Payments
7807,IT Support
7808,Product Support
7809,Billing and Payments
7811,Billing and Payments
7812,Customer Service
7814,Product Support
7816,Technical Support
7817,Customer Service
7818,Product Support
7819,Product Support
7820,Customer Service
7822,Billing and Payments
7824,Customer Service
7825,Service Outages and Maintenance
7826,Sales and Pre-Sales
7827,IT Support
7828,Returns and Exchanges
7829,Technical Support
7831,Service Outages and Maintenance
7832,Billing and Payments
7833,Product Support
7834,Technical Support
7835,Product Support
7836,Returns and Exchanges
7837,Product Support
7838,Customer Service
7839,Service Outages and Maintenance
7841,Customer Service
7843,IT Support
7845,Customer Service
7846,Service Outages and Maintenance
7847,Technical Support
7848,IT Support
7850,IT Support
7851,Returns and Exchanges
7852,Customer Service
7854,Product Support
7856,Returns and Exchanges
7857,Technical Support
7859,Product Support
7861,Customer Service
7862,Technical Support
7863,Customer Service
7864,Technical Support
7865,IT Support
7867,Product Support
7868,General Inquiry
7869,Sales and Pre-Sales
7870,IT Support
7871,Returns and Exchanges
7872,Technical Support
7873,Technical Support
7874,Customer Service
7875,Customer Service
7876,IT Support
7877,Technical Support
7878,Technical Support
7879,Technical Support
7881,Technical Support
7882,Technical Support
7883,IT Support
7884,Technical Support
7885,IT Support
7886,Human Resources
7887,Technical Support
7888,Returns and Exchanges
7889,Customer Service
7890,Technical Support
7891,IT Support
7892,Product Support
7894,Returns and Exchanges
7895,Customer Service
7896,Sales and Pre-Sales
7897,Product Support
7898,Product Support
7899,Customer Service
7900,Customer Service
7901,Human Resources
7902,Service Outages and Maintenance
7904,Customer Service
7905,Billing and Payments
7907,Technical Support
7909,Customer Service
7910,Customer Service
7911,Technical Support
7912,Returns and Exchanges
7913,Billing and Payments
7914,Returns and Exchanges
7915,Billing and Payments
7917,Service Outages and Maintenance
7918,Product Support
7919,Technical Support
7920,Human Resources
7921,Customer Service
7922,Billing and Payments
7923,Technical Support
7924,Technical Support
7925,Product Support
7927,Product Support
7928,IT Support
7930,Billing and Payments
7931,Product Support
7933,Technical Support
7934,Human Resources
7935,Returns and Exchanges
7937,Product Support
7938,Billing and Payments
7939,IT Support
7940,Technical Support
7941,Product Support
7943,Product Support
7944,Technical Support
7945,Human Resources
7946,Technical Support
7947,Technical Support
7948,Product Support
7949,IT Support
7950,Billing and Payments
7951,Product Support
7952,Technical Support
7954,Product Support
7955,Service Outages and Maintenance
7956,Service Outages and Maintenance
7957,Technical Support
7958,Billing and Payments
7959,Service Outages and Maintenance
7960,Billing and Payments
7961,Technical Support
7962,Billing and Payments
7963,General Inquiry
7965,Service Outages and Maintenance
7966,IT Support
7967,Service Outages and Maintenance
7968,Human Resources
7969,Product Support
7970,Product Support
7973,Customer Service
7974,Returns and Exchanges
7976,Technical Support
7977,Service Outages and Maintenance
7978,Customer Service
7979,Technical Support
7980,Billing and Payments
7981,Product Support
7982,Service Outages and Maintenance
7983,Product Support
7984,Technical Support
7985,Product Support
7987,Billing and Payments
7988,Product Support
7989,Technical Support
7991,Product Support
7992,IT Support
7994,Technical Support
7996,Technical Support
7997,Technical Support
7998,Product Support
8000,Customer Service
8001,Human Resources
8002,IT Support
8003,Returns and Exchanges
8004,Product Support
8005,Product Support
8006,Product Support
8008,Technical Support
8010,Product Support
8012,Product Support
8013,Product Support
8015,Customer Service
8016,Service Outages and Maintenance
8017,Customer Service
8019,IT Support
8020,Human Resources
8021,Product Support
8023,General Inquiry
8024,Technical Support
8026,Service Outages and Maintenance
8028,Technical Support
8030,Technical Support
8032,Technical Support
8033,Billing and Payments
8034,Returns and Exchanges
8035,Technical Support
8036,Product Support
8037,Billing and Payments
8038,Service Outages and Maintenance
8039,IT Support
8040,Customer Service
8042,Customer Service
8044,Billing and Payments
8045,IT Support
8046,Product Support
8048,Product Support
8049,Human Resources
8050,Technical Support
8051,IT Support
8053,Service Outages and Maintenance
8054,Technical Support
8055,Technical Support
8057,Billing and Payments
8058,Customer Service
8059,Product Support
8060,General Inquiry
8061,Service Outages and Maintenance
8062,Technical Support
8063,Technical Support
8064,Billing and Payments
8065,Technical Support
8066,IT Support
8067,Product Support
8068,Product Support
8070,Technical Support
8072,Technical Support
8073,General Inquiry
8074,Technical Support
8075,Technical Support
8077,Product Support
8079,Customer Service
8080,Technical Support
8081,Returns and Exchanges
8082,Product Support
8084,IT Support
8088,Technical Support
8089,Billing and Payments
8091,Technical Support
8093,IT Support
8094,Customer Service
8095,General Inquiry
8096,Billing and Payments
8097,General Inquiry
8098,Customer Service
8100,Customer Service
8101,Technical Support
8103,IT Support
8104,IT Support
8105,Technical Support
8106,Human Resources
8107,Technical Support
8113,General Inquiry
8114,Technical Support
8115,Technical Support
8116,IT Support
8119,Human Resources
8121,Technical Support
8122,IT Support
8125,Customer Service
8126,Returns and Exchanges
8127,Technical Support
8128,Technical Support
8129,Technical Support
8131,Technical Support
8134,IT Support
8135,Product Support
8137,Billing and Payments
8139,Customer Service
8140,Technical Support
8142,Technical Support
8143,Sales and Pre-Sales
8145,IT Support
8146,Technical Support
8147,Sales and Pre-Sales
8148,Technical Support
8149,Service Outages and Maintenance
8151,Customer Service
8153,Technical Support
8155,IT Support
8156,Technical Support
8157,Customer Service
8158,Customer Service
8159,Billing and Payments
8160,Technical Support
8161,Product Support
8162,Technical Support
8163,Technical Support
8164,Customer Service
8165,Customer Service
8167,Technical Support
8168,Technical Support
8169,Customer Service
8170,Product Support
8171,General Inquiry
8172,Customer Service
8174,Technical Support
8175,Technical Support
8176,Service Outages and Maintenance
8177,Customer Service
8179,Product Support
8180,Customer Service
8181,Service Outages and Maintenance
8183,Customer Service
8184,Returns and Exchanges
8186,Technical Support
8187,Billing and Payments
8188,Sales and Pre-Sales
8189,Product Support
8190,Technical Support
8191,Technical Support
8192,Returns and Exchanges
8193,Product Support
8194,Customer Service
8196,Product Support
8197,Billing and Payments
8198,IT Support
8200,Service Outages and Maintenance
8201,Billing and Payments
8202,Technical Support
8204,IT Support
8206,Returns and Exchanges
8207,Customer Service
8208,Technical Support
8209,Service Outages and Maintenance
8210,Customer Service
8212,Customer Service
8213,Human Resources
8214,Technical Support
8215,Billing and Payments
8216,Technical Support
8218,Product Support
8219,Technical Support
8220,IT Support
8221,Technical Support
8223,Technical Support
8224,Billing and Payments
8225,Technical Support
8226,Customer Service
8227,Billing and Payments
8229,Customer Service
8230,Technical Support
8232,Billing and Payments
8233,Product Support
8234,Technical Support
8235,Customer Service
8236,Billing and Payments
8237,General Inquiry
8238,Returns and Exchanges
8240,General Inquiry
8241,Technical Support
8242,Billing and Payments
8243,Product Support
8244,General Inquiry
8245,Technical Support
8246,Product Support
8247,Technical Support
8248,Returns and Exchanges
8249,Technical Support
8252,Product Support
8253,IT Support
8254,Technical Support
8255,Technical Support
8256,Sales and Pre-Sales
8257,Returns and Exchanges
8258,Technical Support
8259,Product Support
8262,Billing and Payments
8263,Sales and Pre-Sales
8264,Product Support
8265,Technical Support
8266,Technical Support
8267,Billing and Payments
8268,Billing and Payments
8269,Technical Support
8270,Customer Service
8271,Technical Support
8272,General Inquiry
8277,Product Support
8278,Human Resources
8279,Returns and Exchanges
8280,Technical Support
8281,Customer Service
8282,Human Resources
8283,Technical Support
8284,Service Outages and Maintenance
8285,IT Support
8286,Product Support
8287,Customer Service
8289,Customer Service
8290,Returns and Exchanges
8291,Product Support
8292,General Inquiry
8293,Product Support
8294,Technical Support
8295,Returns and Exchanges
8296,Technical Support
8297,Technical Support
8298,Service Outages and Maintenance
8299,Customer Service
8301,Billing and Payments
8302,Technical Support
8304,Product Support
8305,Product Support
8306,IT Support
8307,Technical Support
8308,Product Support
8309,Product Support
8310,Returns and Exchanges
8311,Product Support
8312,IT Support
8314,Sales and Pre-Sales
8315,Technical Support
8316,Customer Service
8317,Billing and Payments
8319,Human Resources
8320,Technical Support
8321,Billing and Payments
8322,Technical Support
8323,Technical Support
8324,Product Support
8325,Customer Service
8326,IT Support
8327,Billing and Payments
8328,Customer Service
8330,Product Support
8331,Technical Support
8332,IT Support
8334,IT Support
8335,Customer Service
8336,Technical Support
8337,Customer Service
8338,Returns and Exchanges
8339,Product Support
8340,Product Support
8341,Product Support
8342,Billing and Payments
8343,Technical Support
8344,Technical Support
8346,Technical Support
8347,IT Support
8348,Technical Support
8349,Customer Service
8350,Technical Support
8352,Product Support
8353,Technical Support
8354,IT Support
8356,Returns and Exchanges
8358,Customer Service
8359,Technical Support
8360,Billing and Payments
8361,Customer Service
8362,Service Outages and Maintenance
8363,Sales and Pre-Sales
8364,IT Support
8365,Sales and Pre-Sales
8366,Technical Support
8367,Billing and Payments
8368,Customer Service
8370,Billing and Payments
8371,IT Support
8372,Technical Support
8374,Customer Service
8375,Technical Support
8377,IT Support
8380,Billing and Payments
8381,IT Support
8383,Billing and Payments
8384,General Inquiry
8385,IT Support
8386,Service Outages and Maintenance
8387,Billing and Payments
8388,Customer Service
8390,Customer Service
8391,Billing and Payments
8392,Technical Support
8393,General Inquiry
8394,IT Support
8395,Technical Support
8396,IT Support
8397,Customer Service
8398,Technical Support
8399,IT Support
8400,Product Support
8401,Returns and Exchanges
8402,Customer Service
8404,Billing and Payments
8405,Product Support
8406,Sales and Pre-Sales
8407,Product Support
8408,Technical Support
8409,Service Outages and Maintenance
8410,Sales and Pre-Sales
8411,Technical Support
8412,Product Support
8414,IT Support
8415,Billing and Payments
8416,Product Support
8417,Product Support
8418,Billing and Payments
8419,IT Support
8420,Billing and Payments
8421,Customer Service
8422,IT Support
8423,Technical Support
8424,Service Outages and Maintenance
8425,Product Support
8426,Returns and Exchanges
8427,Technical Support
8429,Product Support
8430,Technical Support
8431,Returns and Exchanges
8432,IT Support
8434,Human Resources
8435,Billing and Payments
8436,Technical Support
8437,Technical Support
8438,Technical Support
8439,IT Support
8440,Sales and Pre-Sales
8441,Product Support
8442,General Inquiry
8443,Billing and Payments
8444,Service Outages and Maintenance
8445,Product Support
8446,Customer Service
8447,Technical Support
8448,Product Support
8449,Technical Support
8450,Billing and Payments
8451,Product Support
8452,Billing and Payments
8453,Sales and Pre-Sales
8455,Service Outages and Maintenance
8456,Product Support
8457,IT Support
8458,Sales and Pre-Sales
8460,Product Support
8461,Technical Support
8462,Returns and Exchanges
8463,IT Support
8464,IT Support
8466,Product Support
8467,Customer Service
8468,Returns and Exchanges
8469,Technical Support
8470,Customer Service
8471,IT Support
8472,Customer Service
8473,IT Support
8474,Technical Support
8475,Human Resources
8476,IT Support
8477,Product Support
8478,Technical Support
8479,IT Support
8480,Billing and Payments
8482,Returns and Exchanges
8483,Technical Support
8484,IT Support
8485,Customer Service
8486,Technical Support
8487,Product Support
8488,Product Support
8489,Billing and Payments
8490,Technical Support
8491,Returns and Exchanges
8492,Customer Service
8494,Customer Service
8496,Service Outages and Maintenance
8497,IT Support
8498,Technical Support
8502,Human Resources
8503,Technical Support
8504,Customer Service
8506,Technical Support
8507,Technical Support
8509,Product Support
8510,Technical Support
8511,Service Outages and Maintenance
8512,Customer Service
8513,Product Support
8514,Product Support
8516,IT Support
8517,Human Resources
8518,Sales and Pre-Sales
8520,Returns and Exchanges
8521,IT Support
8522,Customer Service
8524,Product Support
8525,Customer Service
8526,Technical Support
8527,Customer Service
8530,Billing and Payments
8531,Technical Support
8533,Customer Service
8535,Customer Service
8536,Technical Support
8537,Product Support
8538,Billing and Payments
8539,Technical Support
8540,General Inquiry
8541,Technical Support
8542,Customer Service
8543,Billing and Payments
8544,Returns and Exchanges
8545,Technical Support
8546,IT Support
8547,Technical Support
8548,Technical Support
8549,Billing and Payments
8550,Technical Support
8551,IT Support
8552,Product Support
8553,Technical Support
8554,Technical Support
8556,Billing and Payments
8557,Product Support
8558,IT Support
8559,Product Support
8560,Technical Support
8561,Billing and Payments
8564,Technical Support
8566,Customer Service
8567,Billing and Payments
8568,Billing and Payments
8569,Product Support
8570,Billing and Payments
8571,IT Support
8572,Customer Service
8573,Human Resources
8574,Product Support
8575,Human Resources
8577,Returns and Exchanges
8578,Product Support
8579,IT Support
8580,Service Outages and Maintenance
8581,Product Support
8582,Technical Support
8583,Product Support
8585,Technical Support
8586,Billing and Payments
8587,Sales and Pre-Sales
8588,Customer Service
8589,Technical Support
8591,Customer Service
8592,General Inquiry
8594,Technical Support
8595,Customer Service
8596,Product Support
8597,Customer Service
8598,Billing and Payments
8599,Technical Support
8600,Billing and Payments
8601,Billing and Payments
8602,Product Support
8603,Billing and Payments
8604,Technical Support
8606,Technical Support
8607,Product Support
8609,Product Support
8611,Product Support
8612,Product Support
8615,Technical Support
8616,General Inquiry
8617,Billing and Payments
8618,Customer Service
8619,Billing and Payments
8620,Customer Service
8622,IT Support
8624,Billing and Payments
8625,Technical Support
8626,Returns and Exchanges
8627,Returns and Exchanges
8628,Product Support
8629,Billing and Payments
8630,Customer Service
8631,Technical Support
8632,Technical Support
8633,Product Support
8634,Returns and Exchanges
8636,Technical Support
8637,Service Outages and Maintenance
8638,Product Support
8639,Technical Support
8640,IT Support
8641,Customer Service
8642,Returns and Exchanges
8643,IT Support
8644,Technical Support
8645,Technical Support
8648,Technical Support
8649,Billing and Payments
8653,Product Support
8654,Technical Support
8655,Technical Support
8656,Product Support
8657,Technical Support
8658,Technical Support
8661,Technical Support
8662,Customer Service
8663,Technical Support
8664,Sales and Pre-Sales
8666,Product Support
8667,Sales and Pre-Sales
8668,Product Support
8669,Service Outages and Maintenance
8670,Product Support
8671,Technical Support
8672,Product Support
8673,Customer Service
8675,Customer Service
8676,Human Resources
8677,Product Support
8679,Customer Service
8681,Technical Support
8682,Returns and Exchanges
8684,Customer Service
8686,Technical Support
8687,Technical Support
8688,Product Support
8689,Product Support
8690,Sales and Pre-Sales
8691,Customer Service
8692,General Inquiry
8693,Product Support
8694,Customer Service
8695,Technical Support
8696,Product Support
8697,Customer Service
8698,Returns and Exchanges
8699,Technical Support
8700,Returns and Exchanges
8701,Billing and Payments
8702,Returns and Exchanges
8703,Billing and Payments
8704,Customer Service
8707,Technical Support
8708,IT Support
8710,Technical Support
8711,Technical Support
8712,Service Outages and Maintenance
8714,Product Support
8715,Product Support
8716,Technical Support
8718,Billing and Payments
8720,IT Support
8722,Sales and Pre-Sales
8723,Product Support
8725,IT Support
8726,General Inquiry
8727,Service Outages and Maintenance
8728,Service Outages and Maintenance
8729,Technical Support
8730,Product Support
8732,Billing and Payments
8733,Customer Service
8734,IT Support
8735,Technical Support
8736,Returns and Exchanges
8738,Product Support
8740,Product Support
8741,Sales and Pre-Sales
8742,Technical Support
8743,Product Support
8744,Technical Support
8745,Technical Support
8747,Billing and Payments
8748,Technical Support
8749,Technical Support
8751,Billing and Payments
8752,Sales and Pre-Sales
8754,Human Resources
8755,Technical Support
8756,Product Support
8757,Technical Support
8760,Technical Support
8761,Product Support
8762,Technical Support
8763,Technical Support
8764,Billing and Payments
8765,Billing and Payments
8767,Product Support
8768,Technical Support
8770,Returns and Exchanges
8771,IT Support
8773,Product Support
8774,Technical Support
8775,Product Support
8777,Returns and Exchanges
8778,Technical Support
8779,Customer Service
8780,Product Support
8781,Returns and Exchanges
8782,Billing and Payments
8785,IT Support
8786,Customer Service
8787,Customer Service
8788,Product Support
8789,Returns and Exchanges
8791,Product Support
8793,Customer Service
8795,Service Outages and Maintenance
8796,Technical Support
8798,Customer Service
8800,Customer Service
8801,Human Resources
8802,Customer Service
8805,Product Support
8806,Technical Support
8807,Technical Support
8808,Billing and Payments
8809,Billing and Payments
8811,Product Support
8812,Service Outages and Maintenance
8813,IT Support
8814,Technical Support
8815,Technical Support
8816,Product Support
8817,Customer Service
8818,Customer Service
8819,Product Support
8820,Customer Service
8821,Product Support
8822,Billing and Payments
8823,Billing and Payments
8826,Customer Service
8827,Customer Service
8828,Billing and Payments
8829,Technical Support
8830,IT Support
8831,Technical Support
8834,Service Outages and Maintenance
8836,Technical Support
8837,IT Support
8838,IT Support
8840,Human Resources
8841,Customer Service
8842,Returns and Exchanges
8843,Technical Support
8844,Service Outages and Maintenance
8845,Sales and Pre-Sales
8846,Service Outages and Maintenance
8847,Customer Service
8848,Returns and Exchanges
8849,Technical Support
8852,Technical Support
8853,Customer Service
8854,Product Support
8855,Sales and Pre-Sales
8856,Customer Service
8857,Technical Support
8858,Product Support
8860,Technical Support
8863,Product Support
8864,Billing and Payments
8865,Product Support
8866,Product Support
8867,IT Support
8869,IT Support
8870,IT Support
8872,Product Support
8873,Technical Support
8874,Technical Support
8877,IT Support
8878,Product Support
8879,Technical Support
8880,Billing and Payments
8881,IT Support
8882,Product Support
8883,Technical Support
8886,Customer Service
8888,Billing and Payments
8889,Technical Support
8890,IT Support
8891,Technical Support
8892,Billing and Payments
8893,Technical Support
8894,Technical Support
8895,Technical Support
8896,Customer Service
8898,Customer Service
8899,Product Support
8900,Returns and Exchanges
8902,Sales and Pre-Sales
8903,Technical Support
8904,Returns and Exchanges
8905,Billing and Payments
8906,Customer Service
8907,Technical Support
8908,Technical Support
8909,IT Support
8910,Technical Support
8911,Customer Service
8912,Billing and Payments
8913,Technical Support
8914,Product Support
8915,Technical Support
8918,IT Support
8919,Billing and Payments
8920,Sales and Pre-Sales
8921,Human Resources
8922,IT Support
8924,Service Outages and Maintenance
8926,Customer Service
8928,Technical Support
8929,Technical Support
8930,Human Resources
8931,Technical Support
8932,Product Support
8933,Customer Service
8935,Product Support
8937,Returns and Exchanges
8939,IT Support
8940,Billing and Payments
8941,IT Support
8943,Customer Service
8945,Billing and Payments
8946,Customer Service
8947,Technical Support
8948,IT Support
8949,Product Support
8950,Service Outages and Maintenance
8951,Billing and Payments
8952,Sales and Pre-Sales
8953,Billing and Payments
8954,Product Support
8955,Product Support
8958,Technical Support
8961,Product Support
8962,Human Resources
8963,Technical Support
8964,Customer Service
8965,Technical Support
8966,Product Support
8968,Product Support
8969,Billing and Payments
8970,Customer Service
8971,Product Support
8973,Customer Service
8974,Technical Support
8975,Returns and Exchanges
8976,IT Support
8977,Customer Service
8978,Returns and Exchanges
8979,Technical Support
8980,Technical Support
8981,IT Support
8982,IT Support
8984,Technical Support
8985,Human Resources
8986,Customer Service
8988,Technical Support
8989,Technical Support
8990,Product Support
8991,Customer Service
8992,Product Support
8993,Product Support
8994,Technical Support
8995,Returns and Exchanges
8996,Customer Service
8997,Billing and Payments
8999,Technical Support
9000,Product Support
9001,Sales and Pre-Sales
9002,Technical Support
9003,Technical Support
9004,Service Outages and Maintenance
9005,Billing and Payments
9006,Billing and Payments
9008,Technical Support
9009,Service Outages and Maintenance
9010,Customer Service
9011,Technical Support
9012,Customer Service
9013,Technical Support
9014,Technical Support
9015,Technical Support
9017,Technical Support
9018,Human Resources
9019,IT Support
9020,Technical Support
9021,Technical Support
9022,Technical Support
9023,Billing and Payments
9024,Product Support
9025,Technical Support
9026,Technical Support
9027,Customer Service
9028,Customer Service
9029,Customer Service
9031,Technical Support
9033,Customer Service
9034,Billing and Payments
9035,IT Support
9036,Product Support
9037,Technical Support
9038,Customer Service
9040,Technical Support
9041,Product Support
9042,Product Support
9043,Product Support
9044,Technical Support
9045,Technical Support
9046,Technical Support
9047,Billing and Payments
9048,Technical Support
9049,Customer Service
9050,Product Support
9051,Service Outages and Maintenance
9053,Technical Support
9054,Technical Support
9055,Technical Support
9056,Product Support
9057,Customer Service
9058,Product Support
9059,Billing and Payments
9060,Technical Support
9061,Technical Support
9062,Technical Support
9063,Technical Support
9064,IT Support
9066,Billing and Payments
9068,Service Outages and Maintenance
9069,Customer Service
9070,Billing and Payments
9071,IT Support
9072,IT Support
9073,Product Support
9076,Technical Support
9077,Customer Service
9079,General Inquiry
9080,Product Support
9081,Customer Service
9082,Technical Support
9084,IT Support
9085,Customer Service
9086,Product Support
9087,Service Outages and Maintenance
9088,Sales and Pre-Sales
9089,Technical Support
9091,IT Support
9092,IT Support
9093,Service Outages and Maintenance
9094,Human Resources
9095,Customer Service
9096,Customer Service
9097,Technical Support
9100,Product Support
9101,Customer Service
9102,Service Outages and Maintenance
9103,General Inquiry
9104,Human Resources
9105,Billing and Payments
9106,Technical Support
9109,Technical Support
9110,Technical Support
9111,IT Support
9112,Technical Support
9113,Sales and Pre-Sales
9114,Technical Support
9116,Customer Service
9117,Service Outages and Maintenance
9118,Product Support
9119,Billing and Payments
9120,Billing and Payments
9121,Technical Support
9122,Customer Service
9124,Technical Support
9125,Service Outages and Maintenance
9126,Technical Support
9127,Billing and Payments
9129,Product Support
9130,Technical Support
9131,Customer Service
9133,Technical Support
9134,Customer Service
9135,Technical Support
9136,Product Support
9137,Customer Service
9139,Billing and Payments
9142,IT Support
9144,Technical Support
9145,Customer Service
9146,Product Support
9147,Billing and Payments
9148,Service Outages and Maintenance
9149,Technical Support
9150,Product Support
9151,Billing and Payments
9152,IT Support
9153,Customer Service
9155,Customer Service
9156,Product Support
9157,Technical Support
9159,Technical Support
9160,Product Support
9162,Technical Support
9163,Customer Service
9164,Customer Service
9166,Billing and Payments
9167,Billing and Payments
9168,Customer Service
9169,Technical Support
9170,Service Outages and Maintenance
9171,Customer Service
9172,Technical Support
9174,Technical Support
9175,Product Support
9176,Service Outages and Maintenance
9177,Product Support
9178,Customer Service
9179,Billing and Payments
9180,Service Outages and Maintenance
9181,Customer Service
9182,Product Support
9183,Customer Service
9184,Technical Support
9185,Billing and Payments
9186,Product Support
9187,IT Support
9189,Technical Support
9191,Technical Support
9192,Technical Support
9193,Customer Service
9194,Customer Service
9195,Product Support
9196,Service Outages and Maintenance
9197,Customer Service
9198,Customer Service
9199,Billing and Payments
9200,Customer Service
9201,Product Support
9202,Technical Support
9205,Sales and Pre-Sales
9207,Billing and Payments
9208,Technical Support
9209,Product Support
9210,Technical Support
9211,Billing and Payments
9212,Product Support
9213,Returns and Exchanges
9215,Product Support
9216,Technical Support
9217,Product Support
9218,Customer Service
9219,Billing and Payments
9220,Billing and Payments
9223,Customer Service
9225,Billing and Payments
9226,Customer Service
9227,Technical Support
9228,Technical Support
9229,Human Resources
9230,Technical Support
9231,IT Support
9232,Technical Support
9234,IT Support
9236,Service Outages and Maintenance
9237,Sales and Pre-Sales
9238,Technical Support
9239,Customer Service
9241,Billing and Payments
9242,Technical Support
9243,Product Support
9244,Billing and Payments
9245,Technical Support
9246,IT Support
9247,Returns and Exchanges
9248,IT Support
9249,Billing and Payments
9250,Sales and Pre-Sales
9251,Technical Support
9252,Technical Support
9253,Human Resources
9254,Product Support
9256,Customer Service
9257,Technical Support
9258,Product Support
9259,Billing and Payments
9261,Returns and Exchanges
9262,Product Support
9263,IT Support
9264,Customer Service
9266,Customer Service
9267,Customer Service
9268,Customer Service
9269,Returns and Exchanges
9271,Product Support
9273,Product Support
9275,Billing and Payments
9276,Technical Support
9277,IT Support
9278,Technical Support
9280,Customer Service
9281,Customer Service
9282,Product Support
9283,Customer Service
9285,Returns and Exchanges
9286,Technical Support
9288,Technical Support
9289,Technical Support
9290,Technical Support
9291,Technical Support
9292,Product Support
9293,Customer Service
9294,Technical Support
9295,IT Support
9296,IT Support
9298,Technical Support
9301,Customer Service
9302,Technical Support
9303,Billing and Payments
9304,Technical Support
9305,IT Support
9306,Returns and Exchanges
9309,Technical Support
9310,IT Support
9312,IT Support
9313,Product Support
9314,Technical Support
9315,Customer Service
9316,Technical Support
9317,Returns and Exchanges
9318,Customer Service
9319,Customer Service
9321,Technical Support
9322,IT Support
9324,Service Outages and Maintenance
9328,Customer Service
9329,Returns and Exchanges
9330,Customer Service
9331,Customer Service
9334,Returns and Exchanges
9335,Technical Support
9336,IT Support
9337,Billing and Payments
9338,Technical Support
9340,Customer Service
9341,Technical Support
9342,Returns and Exchanges
9344,Technical Support
9346,Billing and Payments
9347,Service Outages and Maintenance
9348,Billing and Payments
9349,Technical Support
9350,Product Support
9351,Service Outages and Maintenance
9352,IT Support
9353,Product Support
9354,Technical Support
9355,Technical Support
9356,Product Support
9357,IT Support
9358,Product Support
9360,Product Support
9361,Returns and Exchanges
9362,IT Support
9363,Technical Support
9364,IT Support
9365,Customer Service
9366,Technical Support
9368,Technical Support
9369,IT Support
9371,IT Support
9373,Customer Service
9374,Technical Support
9376,IT Support
9377,Human Resources
9378,Customer Service
9379,IT Support
9382,Product Support
9383,Technical Support
9385,IT Support
9386,IT Support
9387,Technical Support
9388,Technical Support
9389,Service Outages and Maintenance
9391,Customer Service
9392,Billing and Payments
9393,Billing and Payments
9394,Billing and Payments
9395,Returns and Exchanges
9396,Service Outages and Maintenance
9397,Customer Service
9398,Product Support
9399,Technical Support
9400,Billing and Payments
9401,Technical Support
9402,IT Support
9403,IT Support
9404,Product Support
9405,Technical Support
9407,Returns and Exchanges
9408,Sales and Pre-Sales
9409,Customer Service
9410,Product Support
9411,Customer Service
9412,IT Support
9413,Technical Support
9416,Service Outages and Maintenance
9417,Customer Service
9419,Technical Support
9420,Product Support
9421,Product Support
9422,Product Support
9423,Product Support
9426,Product Support
9428,IT Support
9429,Sales and Pre-Sales
9431,Customer Service
9432,Product Support
9433,Technical Support
9434,Customer Service
9436,Service Outages and Maintenance
9437,IT Support
9438,Product Support
9439,Product Support
9440,Technical Support
9441,IT Support
9442,IT Support
9443,Customer Service
9444,Billing and Payments
9445,Returns and Exchanges
9446,Product Support
9447,Technical Support
9448,Technical Support
9449,Returns and Exchanges
9450,Technical Support
9451,Product Support
9452,Technical Support
9453,Customer Service
9454,Technical Support
9455,Technical Support
9456,Technical Support
9457,Sales and Pre-Sales
9458,Product Support
9460,Returns and Exchanges
9461,Customer Service
9462,Product Support
9463,Customer Service
9464,IT Support
9466,Technical Support
9467,Human Resources
9470,Billing and Payments
9471,Technical Support
9472,Product Support
9475,IT Support
9476,Product Support
9477,Product Support
9478,IT Support
9479,IT Support
9480,Product Support
9481,Customer Service
9483,Technical Support
9484,Customer Service
9485,Product Support
9486,Product Support
9487,IT Support
9488,Product Support
9489,Product Support
9491,Product Support
9495,Billing and Payments
9496,Technical Support
9497,Service Outages and Maintenance
9498,Technical Support
9499,Technical Support
9500,Billing and Payments
9501,Billing and Payments
9502,Technical Support
9503,Billing and Payments
9505,Customer Service
9506,Billing and Payments
9507,Technical Support
9508,Technical Support
9510,Sales and Pre-Sales
9511,Customer Service
9512,Customer Service
9513,Technical Support
9514,Human Resources
9517,Technical Support
9520,Product Support
9521,Technical Support
9522,Sales and Pre-Sales
9523,Technical Support
9525,Billing and Payments
9526,IT Support
9528,Technical Support
9530,Technical Support
9531,Human Resources
9532,Customer Service
9533,Service Outages and Maintenance
9534,Product Support
9535,Product Support
9536,Product Support
9537,Returns and Exchanges
9538,Technical Support
9540,Billing and Payments
9541,Technical Support
9542,Customer Service
9544,Billing and Payments
9545,Customer Service
9546,Customer Service
9547,Technical Support
9548,Technical Support
9549,General Inquiry
9550,IT Support
9551,Technical Support
9552,Billing and Payments
9553,Billing and Payments
9554,Technical Support
9555,Product Support
9556,Technical Support
9557,Technical Support
9560,Technical Support
9561,Service Outages and Maintenance
9563,Technical Support
9564,Service Outages and Maintenance
9566,Sales and Pre-Sales
9567,Billing and Payments
9569,Service Outages and Maintenance
9570,Product Support
9571,Customer Service
9573,Billing and Payments
9575,Sales and Pre-Sales
9576,Product Support
9577,Human Resources
9578,Customer Service
9579,IT Support
9582,Technical Support
9583,Customer Service
9584,Customer Service
9585,IT Support
9587,Service Outages and Maintenance
9588,Sales and Pre-Sales
9590,Product Support
9591,Technical Support
9592,Billing and Payments
9593,IT Support
9595,IT Support
9597,Technical Support
9599,Billing and Payments
9600,Technical Support
9602,Technical Support
9603,Billing and Payments
9606,Technical Support
9607,Technical Support
9609,Product Support
9611,Human Resources
9612,Customer Service
9613,Customer Service
9614,Sales and Pre-Sales
9615,Technical Support
9616,Billing and Payments
9619,Service Outages and Maintenance
9621,IT Support
9623,Returns and Exchanges
9624,IT Support
9625,Product Support
9626,Product Support
9627,Billing and Payments
9628,General Inquiry
9630,Returns and Exchanges
9631,Sales and Pre-Sales
9632,Technical Support
9633,Technical Support
9634,Billing and Payments
9635,IT Support
9636,Returns and Exchanges
9638,Product Support
9639,Customer Service
9640,IT Support
9641,Customer Service
9643,Product Support
9646,Product Support
9647,Technical Support
9648,IT Support
9651,Technical Support
9652,Product Support
9653,Customer Service
9654,General Inquiry
9655,Billing and Payments
9656,Product Support
9657,Billing and Payments
9658,Product Support
9659,Product Support
9662,Product Support
9663,Sales and Pre-Sales
9665,IT Support
9667,Technical Support
9668,Technical Support
9669,Returns and Exchanges
9670,Billing and Payments
9671,IT Support
9672,Billing and Payments
9673,Technical Support
9674,Technical Support
9675,Technical Support
9676,Product Support
9677,Returns and Exchanges
9678,Billing and Payments
9679,Customer Service
9680,IT Support
9681,Technical Support
9682,Product Support
9683,Technical Support
9684,Billing and Payments
9685,Customer Service
9686,Product Support
9688,Product Support
9691,Product Support
9693,Product Support
9694,Billing and Payments
9695,Product Support
9696,Technical Support
9697,Product Support
9698,Product Support
9699,Customer Service
9700,Customer Service
9701,Customer Service
9702,Billing and Payments
9704,IT Support
9705,Product Support
9707,Technical Support
9708,Technical Support
9709,Returns and Exchanges
9710,Sales and Pre-Sales
9711,Sales and Pre-Sales
9712,Technical Support
9713,Product Support
9715,Customer Service
9716,Technical Support
9717,Product Support
9720,Returns and Exchanges
9721,Technical Support
9722,Customer Service
9723,Customer Service
9725,Product Support
9726,Product Support
9728,Technical Support
9729,Product Support
9730,Customer Service
9731,Technical Support
9732,Product Support
9733,Billing and Payments
9735,Customer Service
9736,IT Support
9737,Technical Support
9739,Technical Support
9740,Technical Support
9741,Product Support
9742,Returns and Exchanges
9744,Billing and Payments
9745,Product Support
9746,General Inquiry
9747,IT Support
9750,Returns and Exchanges
9752,Sales and Pre-Sales
9753,General Inquiry
9758,Customer Service
9759,Technical Support
9760,Technical Support
9761,General Inquiry
9762,Technical Support
9763,Technical Support
9764,Customer Service
9765,Billing and Payments
9766,Service Outages and Maintenance
9767,Technical Support
9768,Billing and Payments
9769,Technical Support
9770,Technical Support
9771,IT Support
9772,Product Support
9773,Technical Support
9774,Returns and Exchanges
9775,Product Support
9776,Technical Support
9778,Returns and Exchanges
9779,IT Support
9781,Customer Service
9782,Human Resources
9783,Product Support
9784,Product Support
9785,Product Support
9786,Sales and Pre-Sales
9787,IT Support
9788,Returns and Exchanges
9789,Product Support
9790,Technical Support
9791,Customer Service
9792,IT Support
9793,Returns and Exchanges
9794,Product Support
9795,IT Support
9796,Billing and Payments
9797,Service Outages and Maintenance
9798,Technical Support
9799,Product Support
9800,IT Support
9801,IT Support
9802,Returns and Exchanges
9803,Customer Service
9804,Product Support
9805,Product Support
9807,Product Support
9809,Technical Support
9810,Product Support
9811,Product Support
9812,Billing and Payments
9813,Customer Service
9815,Technical Support
9818,Technical Support
9819,Technical Support
9820,Sales and Pre-Sales
9821,Technical Support
9823,Billing and Payments
9824,Product Support
9826,Product Support
9827,Technical Support
9828,Service Outages and Maintenance
9830,Returns and Exchanges
9833,Service Outages and Maintenance
9834,Technical Support
9835,IT Support
9836,Product Support
9839,Returns and Exchanges
9841,Customer Service
9842,IT Support
9843,Technical Support
9844,IT Support
9845,Billing and Payments
9846,Customer Service
9848,Product Support
9849,Technical Support
9850,Product Support
9851,Service Outages and Maintenance
9853,Technical Support
9854,Technical Support
9855,Customer Service
9856,IT Support
9858,Product Support
9859,Billing and Payments
9860,Technical Support
9861,Customer Service
9862,IT Support
9864,Human Resources
9865,Customer Service
9867,Billing and Payments
9868,Billing and Payments
9869,IT Support
9870,IT Support
9871,Technical Support
9873,Returns and Exchanges
9874,Human Resources
9875,Technical Support
9876,Product Support
9878,Technical Support
9879,Returns and Exchanges
9880,Billing and Payments
9881,Product Support
9882,Customer Service
9883,Customer Service
9884,Technical Support
9885,Returns and Exchanges
9886,Service Outages and Maintenance
9887,Technical Support
9888,Product Support
9890,Sales and Pre-Sales
9891,IT Support
9892,Customer Service
9893,Customer Service
9894,Customer Service
9895,Sales and Pre-Sales
9896,Product Support
9899,Technical Support
9900,Product Support
9902,Product Support
9903,Technical Support
9904,Product Support
9905,IT Support
9906,Returns and Exchanges
9908,Customer Service
9909,Technical Support
9911,Technical Support
9912,IT Support
9913,Customer Service
9914,Product Support
9915,Technical Support
9917,Technical Support
9918,Billing and Payments
9919,Product Support
9920,Technical Support
9921,Technical Support
9922,IT Support
9923,Billing and Payments
9924,Customer Service
9926,IT Support
9929,Technical Support
9930,Technical Support
9932,Billing and Payments
9933,Product Support
9936,Technical Support
9937,Customer Service
9938,Billing and Payments
9940,Human Resources
9943,Technical Support
9944,Service Outages and Maintenance
9945,Technical Support
9946,Customer Service
9947,Technical Support
9948,Technical Support
9949,Technical Support
9950,Technical Support
9951,IT Support
9952,Product Support
9953,Customer Service
9955,Billing and Payments
9957,Human Resources
9958,Customer Service
9959,Service Outages and Maintenance
9960,Billing and Payments
9961,Technical Support
9962,Technical Support
9963,Product Support
9964,Technical Support
9966,Customer Service
9967,Technical Support
9968,Service Outages and Maintenance
9969,Technical Support
9970,Product Support
9972,Technical Support
9975,Customer Service
9976,IT Support
9977,IT Support
9978,Service Outages and Maintenance
9979,Technical Support
9980,Billing and Payments
9982,Returns and Exchanges
9983,Technical Support
9984,Returns and Exchanges
9985,Product Support
9986,Customer Service
9987,Billing and Payments
9988,Technical Support
9989,Customer Service
9990,Technical Support
9991,Billing and Payments
9992,IT Support
9994,Technical Support
9995,Customer Service
9996,Technical Support
9997,Customer Service
9998,Customer Service
9999,Product Support
10001,IT Support
10002,IT Support
10003,Technical Support
10004,Customer Service
10005,Product Support
10009,Technical Support
10011,Technical Support
10012,Billing and Payments
10013,Product Support
10015,Technical Support
10018,Customer Service
10019,Customer Service
10020,Technical Support
10021,Technical Support
10022,Product Support
10023,Customer Service
10024,Billing and Payments
10026,Billing and Payments
10028,Billing and Payments
10029,Returns and Exchanges
10030,Product Support
10031,Technical Support
10032,Returns and Exchanges
10033,Human Resources
10034,IT Support
10035,Billing and Payments
10036,Product Support
10037,Service Outages and Maintenance
10038,Product Support
10039,Product Support
10040,IT Support
10041,Product Support
10042,Product Support
10043,Customer Service
10045,Customer Service
10046,Product Support
10047,Product Support
10048,Technical Support
10049,Returns and Exchanges
10050,Product Support
10051,Billing and Payments
10052,IT Support
10054,Service Outages and Maintenance
10055,IT Support
10058,Technical Support
10060,Technical Support
10062,Product Support
10064,Human Resources
10066,Customer Service
10067,Billing and Payments
10068,Returns and Exchanges
10071,Product Support
10072,IT Support
10073,Customer Service
10075,Technical Support
10076,Technical Support
10077,Technical Support
10078,Product Support
10081,Technical Support
10082,Technical Support
10083,Product Support
10084,Technical Support
10086,Billing and Payments
10087,Product Support
10088,Technical Support
10089,IT Support
10090,Customer Service
10091,Product Support
10092,Technical Support
10093,Technical Support
10094,Customer Service
10095,Service Outages and Maintenance
10096,Product Support
10097,Technical Support
10098,Technical Support
10099,IT Support
10100,Billing and Payments
10101,Customer Service
10102,Technical Support
10103,Customer Service
10104,Product Support
10105,Technical Support
10106,Technical Support
10107,General Inquiry
10108,Returns and Exchanges
10109,General Inquiry
10110,Technical Support
10112,Technical Support
10113,Service Outages and Maintenance
10114,Technical Support
10115,Billing and Payments
10116,Technical Support
10117,Technical Support
10118,Product Support
10119,Customer Service
10123,Product Support
10124,Sales and Pre-Sales
10125,Customer Service
10127,Customer Service
10128,Human Resources
10130,General Inquiry
10132,General Inquiry
10133,Billing and Payments
10134,Returns and Exchanges
10135,IT Support
10136,Product Support
10137,Technical Support
10138,Technical Support
10139,Billing and Payments
10140,Technical Support
10141,Customer Service
10142,Technical Support
10143,Technical Support
10145,Product Support
10146,Technical Support
10147,Technical Support
10149,Billing and Payments
10150,Human Resources
10152,Technical Support
10153,Customer Service
10154,Billing and Payments
10155,Technical Support
10156,IT Support
10157,Billing and Payments
10158,Customer Service
10159,IT Support
10160,IT Support
10161,Returns and Exchanges
10162,Customer Service
10163,Technical Support
10165,Customer Service
10166,Technical Support
10167,IT Support
10168,Customer Service
10170,Service Outages and Maintenance
10171,Technical Support
10172,Customer Service
10174,Product Support
10176,Technical Support
10178,Technical Support
10179,IT Support
10180,Technical Support
10181,IT Support
10182,Returns and Exchanges
10183,Customer Service
10184,Customer Service
10185,Product Support
10186,Technical Support
10187,Customer Service
10190,Human Resources
10191,Service Outages and Maintenance
10192,IT Support
10193,Sales and Pre-Sales
10194,Technical Support
10196,Product Support
10197,Technical Support
10200,Billing and Payments
10201,Technical Support
10202,Product Support
10203,Technical Support
10204,Technical Support
10206,Billing and Payments
10207,Billing and Payments
10208,Technical Support
10210,Technical Support
10211,Product Support
10212,Technical Support
10213,Billing and Payments
10214,Product Support
10215,Technical Support
10216,Technical Support
10217,Billing and Payments
10218,Product Support
10219,Technical Support
10220,IT Support
10221,Technical Support
10223,Returns and Exchanges
10224,Technical Support
10225,Returns and Exchanges
10227,Technical Support
10228,Product Support
10229,Technical Support
10230,Technical Support
10232,Returns and Exchanges
10233,Returns and Exchanges
10234,Product Support
10235,Returns and Exchanges
10236,Customer Service
10237,Billing and Payments
10238,Returns and Exchanges
10239,Returns and Exchanges
10240,Customer Service
10241,Customer Service
10242,Customer Service
10243,Technical Support
10244,Technical Support
10245,Customer Service
10247,Product Support
10248,Billing and Payments
10253,Product Support
10255,IT Support
10257,Customer Service
10258,Billing and Payments
10259,Service Outages and Maintenance
10260,Technical Support
10261,Human Resources
10262,Technical Support
10263,IT Support
10264,IT Support
10265,Customer Service
10267,Technical Support
10268,Sales and Pre-Sales
10269,Technical Support
10270,IT Support
10271,Product Support
10272,Customer Service
10273,Customer Service
10274,IT Support
10275,Technical Support
10277,Human Resources
10278,Product Support
10279,Product Support
10280,Billing and Payments
10281,Customer Service
10282,IT Support
10284,Technical Support
10285,Service Outages and Maintenance
10286,Customer Service
10287,Technical Support
10289,Technical Support
10290,Customer Service
10291,Product Support
10292,Billing and Payments
10293,Technical Support
10295,Service Outages and Maintenance
10296,Technical Support
10297,Billing and Payments
10298,IT Support
10299,Billing and Payments
10300,Technical Support
10301,Technical Support
10302,Technical Support
10303,Technical Support
10305,Returns and Exchanges
10306,Technical Support
10308,Customer Service
10309,Customer Service
10310,Technical Support
10311,IT Support
10312,Product Support
10313,IT Support
10314,Customer Service
10315,Customer Service
10317,Sales and Pre-Sales
10318,Service Outages and Maintenance
10319,Billing and Payments
10320,Returns and Exchanges
10321,IT Support
10322,Technical Support
10323,Service Outages and Maintenance
10324,Technical Support
10326,Billing and Payments
10328,Technical Support
10329,Product Support
10330,Technical Support
10331,Product Support
10332,Technical Support
10333,Product Support
10334,Technical Support
10335,IT Support
10336,Product Support
10337,Technical Support
10338,Product Support
10340,Human Resources
10341,Customer Service
10342,Sales and Pre-Sales
10343,Customer Service
10344,Technical Support
10345,Technical Support
10346,Technical Support
10347,IT Support
10348,IT Support
10351,Technical Support
10352,Billing and Payments
10353,Technical Support
10354,Customer Service
10355,Technical Support
10356,Product Support
10357,Service Outages and Maintenance
10358,Returns and Exchanges
10360,Customer Service
10362,Returns and Exchanges
10363,IT Support
10364,Technical Support
10365,Sales and Pre-Sales
10366,Returns and Exchanges
10367,Technical Support
10369,Billing and Payments
10370,Customer Service
10371,Product Support
10372,Technical Support
10373,Technical Support
10374,Sales and Pre-Sales
10375,Technical Support
10377,Service Outages and Maintenance
10378,Product Support
10379,Product Support
10380,Customer Service
10382,Human Resources
10383,Billing and Payments
10384,Sales and Pre-Sales
10385,General Inquiry
10386,Product Support
10387,Product Support
10390,Sales and Pre-Sales
10391,Technical Support
10392,IT Support
10393,Customer Service
10394,Product Support
10395,Technical Support
10396,Technical Support
10397,Billing and Payments
10398,Billing and Payments
10399,Technical Support
10400,Billing and Payments
10401,Customer Service
10402,Returns and Exchanges
10403,Technical Support
10408,Customer Service
10409,IT Support
10410,Product Support
10411,Customer Service
10412,Product Support
10414,IT Support
10415,IT Support
10416,Customer Service
10417,Sales and Pre-Sales
10418,Technical Support
10419,IT Support
10423,Technical Support
10424,Billing and Payments
10425,Human Resources
10426,Customer Service
10427,Technical Support
10428,Technical Support
10429,Technical Support
10430,Technical Support
10432,Technical Support
10433,Returns and Exchanges
10434,Billing and Payments
10436,Technical Support
10437,Technical Support
10438,Billing and Payments
10441,General Inquiry
10442,Billing and Payments
10445,IT Support
10446,Customer Service
10447,IT Support
10448,Customer Service
10449,Sales and Pre-Sales
10450,Technical Support
10452,Technical Support
10453,Customer Service
10454,Customer Service
10455,Product Support
10456,Product Support
10457,Product Support
10458,Customer Service
10459,Sales and Pre-Sales
10461,Service Outages and Maintenance
10462,Technical Support
10463,Billing and Payments
10464,Product Support
10467,Technical Support
10468,Technical Support
10469,Billing and Payments
10470,IT Support
10471,Billing and Payments
10472,IT Support
10473,IT Support
10474,Sales and Pre-Sales
10475,Customer Service
10476,Billing and Payments
10477,Technical Support
10478,Product Support
10479,Technical Support
10481,Technical Support
10482,Returns and Exchanges
10483,Technical Support
10484,Customer Service
10485,Billing and Payments
10486,Returns and Exchanges
10487,Technical Support
10488,Technical Support
10489,Customer Service
10490,Technical Support
10491,Sales and Pre-Sales
10492,Technical Support
10493,Customer Service
10497,IT Support
10499,Product Support
10502,Technical Support
10503,Technical Support
10504,Product Support
10505,IT Support
10506,Billing and Payments
10507,Customer Service
10508,Billing and Payments
10509,Customer Service
10510,Customer Service
10511,Product Support
10514,Technical Support
10515,Product Support
10516,Returns and Exchanges
10517,IT Support
10518,Technical Support
10519,Human Resources
10520,Technical Support
10521,Technical Support
10522,Service Outages and Maintenance
10523,IT Support
10524,Customer Service
10525,Technical Support
10526,IT Support
10527,Product Support
10528,Service Outages and Maintenance
10529,IT Support
10530,Technical Support
10532,Returns and Exchanges
10533,Technical Support
10534,Technical Support
10535,IT Support
10537,Service Outages and Maintenance
10538,Returns and Exchanges
10539,Technical Support
10540,IT Support
10541,Returns and Exchanges
10542,Customer Service
10543,Technical Support
10544,Customer Service
10546,Product Support
10548,General Inquiry
10549,Customer Service
10550,IT Support
10551,Technical Support
10552,Technical Support
10553,Billing and Payments
10554,Returns and Exchanges
10555,Technical Support
10558,Product Support
10559,Technical Support
10560,Product Support
10561,Billing and Payments
10562,Service Outages and Maintenance
10564,IT Support
10565,Technical Support
10567,Billing and Payments
10568,Product Support
10569,IT Support
10571,Technical Support
10572,IT Support
10573,Customer Service
10574,Technical Support
10575,IT Support
10576,IT Support
10577,Technical Support
10578,IT Support
10579,Technical Support
10581,Technical Support
10583,Product Support
10584,Customer Service
10585,Returns and Exchanges
10586,Technical Support
10587,IT Support
10588,Product Support
10589,Technical Support
10592,Service Outages and Maintenance
10593,Technical Support
10594,Technical Support
10595,Billing and Payments
10596,Sales and Pre-Sales
10597,Technical Support
10598,Billing and Payments
10599,Product Support
10600,IT Support
10601,Customer Service
10602,IT Support
10603,IT Support
10604,Technical Support
10605,Product Support
10606,Product Support
10607,Billing and Payments
10608,Product Support
10610,Technical Support
10611,Returns and Exchanges
10612,Billing and Payments
10613,Technical Support
10614,Technical Support
10615,Returns and Exchanges
10616,IT Support
10617,Customer Service
10619,Technical Support
10620,Technical Support
10621,Returns and Exchanges
10622,Product Support
10623,Technical Support
10624,Customer Service
10626,Product Support
10628,Human Resources
10629,Product Support
10630,Technical Support
10631,Technical Support
10632,Product Support
10633,Product Support
10634,Product Support
10635,Customer Service
10636,Customer Service
10637,IT Support
10638,Human Resources
10639,Technical Support
10640,Customer Service
10641,Technical Support
10642,Customer Service
10643,Customer Service
10644,Service Outages and Maintenance
10645,Customer Service
10647,Returns and Exchanges
10648,Technical Support
10649,IT Support
10650,Technical Support
10651,Returns and Exchanges
10652,Technical Support
10653,Technical Support
10654,Technical Support
10655,Technical Support
10656,Product Support
10657,Technical Support
10658,Human Resources
10659,Product Support
10661,Technical Support
10662,Customer Service
10663,Technical Support
10664,Billing and Payments
10665,Customer Service
10667,Technical Support
10668,Billing and Payments
10669,Technical Support
10670,Billing and Payments
10671,Technical Support
10672,Service Outages and Maintenance
10673,IT Support
10674,Returns and Exchanges
10675,Service Outages and Maintenance
10676,Technical Support
10678,Product Support
10679,Technical Support
10680,Product Support
10681,Product Support
10682,Technical Support
10683,IT Support
10684,Returns and Exchanges
10685,Technical Support
10686,Returns and Exchanges
10687,Technical Support
10688,Customer Service
10690,IT Support
10691,Product Support
10692,Product Support
10693,Customer Service
10695,Technical Support
10696,Billing and Payments
10697,Customer Service
10698,Technical Support
10699,Customer Service
10700,Product Support
10701,Product Support
10702,Product Support
10705,Customer Service
10707,Product Support
10708,Technical Support
10710,IT Support
10711,Technical Support
10712,Billing and Payments
10713,Product Support
10714,Product Support
10715,Technical Support
10716,Product Support
10717,Billing and Payments
10718,Product Support
10719,Returns and Exchanges
10720,General Inquiry
10723,Returns and Exchanges
10725,IT Support
10728,Technical Support
10729,Customer Service
10730,Customer Service
10732,Product Support
10733,Technical Support
10735,Product Support
10736,Customer Service
10737,Customer Service
10739,Billing and Payments
10741,Service Outages and Maintenance
10742,Product Support
10744,Service Outages and Maintenance
10745,Returns and Exchanges
10746,General Inquiry
10748,IT Support
10749,Returns and Exchanges
10750,Technical Support
10751,Service Outages and Maintenance
10752,Technical Support
10753,Customer Service
10754,Technical Support
10756,Technical Support
10757,Billing and Payments
10758,Technical Support
10761,Technical Support
10762,Billing and Payments
10763,Customer Service
10764,Technical Support
10765,Technical Support
10766,Customer Service
10767,Billing and Payments
10769,Technical Support
10771,Technical Support
10772,Customer Service
10773,Technical Support
10774,Billing and Payments
10775,Product Support
10776,Technical Support
10777,Product Support
10778,Customer Service
10779,Technical Support
10780,Returns and Exchanges
10781,Customer Service
10782,IT Support
10783,Product Support
10785,Product Support
10786,Human Resources
10787,Customer Service
10790,Billing and Payments
10791,Technical Support
10792,Product Support
10794,Technical Support
10795,IT Support
10796,Customer Service
10797,Technical Support
10798,Product Support
10799,IT Support
10800,Product Support
10801,IT Support
10802,Technical Support
10803,Technical Support
10804,Technical Support
10805,Product Support
10806,Product Support
10807,Technical Support
10810,Technical Support
10812,Customer Service
10813,Product Support
10814,Technical Support
10815,Customer Service
10816,IT Support
10817,Billing and Payments
10818,IT Support
10821,Technical Support
10822,Customer Service
10824,Billing and Payments
10825,Technical Support
10826,Customer Service
10827,IT Support
10829,Service Outages and Maintenance
10831,Product Support
10832,Billing and Payments
10833,Customer Service
10834,Product Support
10835,Service Outages and Maintenance
10837,Billing and Payments
10839,Billing and Payments
10841,Technical Support
10844,Technical Support
10846,Returns and Exchanges
10849,Billing and Payments
10850,Technical Support
10851,Customer Service
10853,IT Support
10856,IT Support
10857,Sales and Pre-Sales
10858,IT Support
10859,Technical Support
10860,Sales and Pre-Sales
10861,IT Support
10862,Product Support
10865,Technical Support
10868,IT Support
10870,Technical Support
10871,Customer Service
10872,Technical Support
10873,Technical Support
10874,Customer Service
10875,IT Support
10876,Returns and Exchanges
10877,Product Support
10878,Technical Support
10879,Billing and Payments
10880,IT Support
10881,Customer Service
10882,Technical Support
10887,Product Support
10888,Customer Service
10889,Product Support
10890,Billing and Payments
10891,Technical Support
10892,Product Support
10894,Product Support
10895,IT Support
10896,Technical Support
10898,Technical Support
10900,Billing and Payments
10902,Customer Service
10903,Customer Service
10904,IT Support
10905,Technical Support
10906,Returns and Exchanges
10907,Technical Support
10908,Customer Service
10909,Returns and Exchanges
10910,Technical Support
10911,Service Outages and Maintenance
10912,Technical Support
10915,Product Support
10917,Product Support
10918,IT Support
10919,Technical Support
10920,Technical Support
10921,Customer Service
10922,Product Support
10924,Technical Support
10925,IT Support
10927,Technical Support
10928,IT Support
10929,Human Resources
10930,Sales and Pre-Sales
10931,Returns and Exchanges
10932,Technical Support
10933,Billing and Payments
10934,Technical Support
10935,Billing and Payments
10937,Technical Support
10938,Customer Service
10939,Billing and Payments
10941,Technical Support
10943,Returns and Exchanges
10944,Technical Support
10945,Technical Support
10946,Technical Support
10947,Technical Support
10948,Returns and Exchanges
10950,Customer Service
10951,Product Support
10952,Technical Support
10954,Technical Support
10956,IT Support
10957,Technical Support
10958,Technical Support
10959,Human Resources
10960,Billing and Payments
10961,Technical Support
10962,IT Support
10963,Product Support
10964,Product Support
10965,IT Support
10966,Customer Service
10969,Customer Service
10971,Technical Support
10972,Billing and Payments
10974,Product Support
10975,Technical Support
10976,Technical Support
10977,Technical Support
10978,Billing and Payments
10979,Customer Service
10980,Product Support
10981,Customer Service
10982,Returns and Exchanges
10983,Technical Support
10984,Product Support
10985,Product Support
10986,IT Support
10987,Product Support
10988,Technical Support
10989,Customer Service
10991,Technical Support
10993,Technical Support
10994,Sales and Pre-Sales
10995,Technical Support
10996,Technical Support
10997,Returns and Exchanges
10999,Returns and Exchanges
11000,Product Support
11001,Technical Support
11002,Product Support
11003,Technical Support
11004,Customer Service
11005,Technical Support
11006,Product Support
11007,Customer Service
11008,Technical Support
11009,Technical Support
11010,IT Support
11011,IT Support
11012,Technical Support
11013,Returns and Exchanges
11014,Customer Service
11015,Product Support
11016,Billing and Payments
11017,Customer Service
11018,Billing and Payments
11019,Technical Support
11020,Product Support
11021,Billing and Payments
11022,IT Support
11023,Technical Support
11024,Service Outages and Maintenance
11025,Billing and Payments
11028,Returns and Exchanges
11029,Technical Support
11030,Technical Support
11031,Product Support
11032,Technical Support
11033,IT Support
11034,Technical Support
11035,Product Support
11037,Sales and Pre-Sales
11038,Product Support
11039,Technical Support
11040,Returns and Exchanges
11041,Technical Support
11042,Product Support
11043,Customer Service
11044,Product Support
11045,Technical Support
11046,IT Support
11047,Product Support
11048,Technical Support
11050,Customer Service
11051,Customer Service
11052,General Inquiry
11053,IT Support
11054,Billing and Payments
11055,Sales and Pre-Sales
11056,Returns and Exchanges
11057,Product Support
11058,Technical Support
11059,Returns and Exchanges
11060,Billing and Payments
11062,IT Support
11063,Technical Support
11064,Customer Service
11065,IT Support
11066,Customer Service
11067,Product Support
11068,Customer Service
11069,Billing and Payments
11070,Customer Service
11071,IT Support
11072,Product Support
11073,Billing and Payments
11074,Technical Support
11075,Returns and Exchanges
11076,Service Outages and Maintenance
11077,Technical Support
11078,Product Support
11079,Service Outages and Maintenance
11080,Product Support
11082,Service Outages and Maintenance
11083,Billing and Payments
11084,Technical Support
11085,Billing and Payments
11086,Customer Service
11087,Technical Support
11089,Product Support
11090,Sales and Pre-Sales
11091,Service Outages and Maintenance
11092,Customer Service
11094,Product Support
11095,Product Support
11096,IT Support
11097,Customer Service
11098,Service Outages and Maintenance
11099,Product Support
11100,IT Support
11101,IT Support
11102,Product Support
11103,IT Support
11104,Customer Service
11105,Technical Support
11106,Technical Support
11107,Billing and Payments
11108,IT Support
11109,IT Support
11111,Customer Service
11112,IT Support
11113,Product Support
11114,Billing and Payments
11115,Product Support
11116,IT Support
11117,Customer Service
11118,Billing and Payments
11119,Technical Support
11120,IT Support
11121,Technical Support
11122,Billing and Payments
11123,Product Support
11124,Technical Support
11125,Customer Service
11127,Technical Support
11128,Customer Service
11129,Customer Service
11131,Product Support
11132,Technical Support
11133,General Inquiry
11134,Service Outages and Maintenance
11136,Product Support
11137,Technical Support
11139,Technical Support
11140,Product Support
11141,Sales and Pre-Sales
11142,Technical Support
11143,Technical Support
11144,Product Support
11145,IT Support
11146,Technical Support
11147,Technical Support
11148,Customer Service
11149,Technical Support
11150,Technical Support
11151,IT Support
11152,Billing and Payments
11153,Technical Support
11156,Billing and Payments
11157,Customer Service
11159,Service Outages and Maintenance
11160,Product Support
11161,Product Support
11162,Customer Service
11163,Technical Support
11165,Customer Service
11166,Customer Service
11167,Product Support
11168,Technical Support
11169,Technical Support
11170,Product Support
11171,Billing and Payments
11172,IT Support
11173,IT Support
11174,Sales and Pre-Sales
11175,Technical Support
11176,Billing and Payments
11177,Customer Service
11178,Customer Service
11179,Product Support
11181,Product Support
11182,Technical Support
11183,Product Support
11184,Product Support
11187,Technical Support
11188,Technical Support
11189,Sales and Pre-Sales
11190,Human Resources
11192,Billing and Payments
11193,Returns and Exchanges
11195,Technical Support
11196,Technical Support
11198,Billing and Payments
11199,Customer Service
11200,Technical Support
11201,IT Support
11202,Customer Service
11203,General Inquiry
11204,Billing and Payments
11206,Technical Support
11207,Customer Service
11208,Customer Service
11209,Product Support
11210,Technical Support
11211,Billing and Payments
11212,IT Support
11213,Technical Support
11214,General Inquiry
11215,IT Support
11216,Technical Support
11218,Technical Support
11219,Technical Support
11221,Sales and Pre-Sales
11222,Technical Support
11223,IT Support
11224,Product Support
11225,Customer Service
11227,Technical Support
11228,Billing and Payments
11229,Customer Service
11230,Technical Support
11231,Technical Support
11232,Customer Service
11233,Technical Support
11234,Technical Support
11235,Technical Support
11236,Product Support
11238,IT Support
11241,IT Support
11242,Billing and Payments
11243,Technical Support
11244,Customer Service
11245,Product Support
11246,Human Resources
11247,Product Support
11248,Technical Support
11249,Product Support
11250,Service Outages and Maintenance
11251,Technical Support
11252,Sales and Pre-Sales
11253,Technical Support
11256,Technical Support
11257,Technical Support
11258,Product Support
11259,IT Support
11260,IT Support
11261,Returns and Exchanges
11262,Technical Support
11263,IT Support
11264,Billing and Payments
11265,Returns and Exchanges
11266,Customer Service
11267,Billing and Payments
11268,Customer Service
11269,IT Support
11270,Billing and Payments
11271,Customer Service
11274,Product Support
11275,Customer Service
11276,Billing and Payments
11277,Technical Support
11278,Customer Service
11280,Product Support
11283,Technical Support
11284,Technical Support
11285,Sales and Pre-Sales
11286,Billing and Payments
11287,General Inquiry
11288,Technical Support
11289,Technical Support
11290,Billing and Payments
11291,Billing and Payments
11292,Product Support
11293,Technical Support
11294,Billing and Payments
11295,Returns and Exchanges
11296,Technical Support
11297,Product Support
11298,Technical Support
11299,Sales and Pre-Sales
11300,Technical Support
11301,Product Support
11302,Product Support
11303,IT Support
11304,Product Support
11305,Technical Support
11307,Billing and Payments
11310,Technical Support
11311,Product Support
11312,Product Support
11313,Billing and Payments
11314,Technical Support
11315,Customer Service
11316,Technical Support
11317,Technical Support
11318,Product Support
11319,Product Support
11320,Technical Support
11321,Technical Support
11322,Returns and Exchanges
11323,Technical Support
11324,Product Support
11325,Human Resources
11326,Technical Support
11327,General Inquiry
11328,Technical Support
11329,Customer Service
11330,Technical Support
11331,Billing and Payments
11333,Billing and Payments
11334,Returns and Exchanges
11335,Product Support
11336,Sales and Pre-Sales
11337,Product Support
11338,Technical Support
11339,Technical Support
11340,Product Support
11341,Product Support
11342,Technical Support
11343,Billing and Payments
11344,Customer Service
11347,Product Support
11348,IT Support
11350,IT Support
11351,Customer Service
11354,Sales and Pre-Sales
11355,Technical Support
11357,Technical Support
11358,Technical Support
11359,Technical Support
11361,Sales and Pre-Sales
11363,IT Support
11365,IT Support
11367,Product Support
11368,Technical Support
11369,Technical Support
11370,Customer Service
11371,Customer Service
11372,Product Support
11373,Billing and Payments
11374,Billing and Payments
11375,Product Support
11376,Technical Support
11377,Technical Support
11378,Service Outages and Maintenance
11379,Technical Support
11380,Product Support
11381,Technical Support
11382,Product Support
11383,Human Resources
11384,Billing and Payments
11385,Customer Service
11386,Technical Support
11388,Product Support
11389,Service Outages and Maintenance
11390,General Inquiry
11392,Customer Service
11393,Billing and Payments
11394,Product Support
11396,Product Support
11397,Customer Service
11398,Customer Service
11400,Product Support
11401,IT Support
11402,Customer Service
11404,Product Support
11405,Customer Service
11406,Product Support
11408,Technical Support
11410,Billing and Payments
11411,Service Outages and Maintenance
11412,Customer Service
11413,Sales and Pre-Sales
11416,Human Resources
11417,Product Support
11418,Returns and Exchanges
11419,Technical Support
11421,Technical Support
11422,Technical Support
11423,Customer Service
11425,Technical Support
11426,Billing and Payments
11427,Technical Support
11428,Technical Support
11430,Technical Support
11431,IT Support
11432,Customer Service
11433,Service Outages and Maintenance
11434,Returns and Exchanges
11435,Product Support
11436,Technical Support
11437,Product Support
11438,IT Support
11439,IT Support
11440,Service Outages and Maintenance
11441,Customer Service
11444,Technical Support
11445,Billing and Payments
11446,Technical Support
11448,IT Support
11449,IT Support
11450,Product Support
11451,Product Support
11452,Technical Support
11453,Returns and Exchanges
11454,Human Resources
11455,Billing and Payments
11456,Technical Support
11457,Service Outages and Maintenance
11459,Service Outages and Maintenance
11461,Returns and Exchanges
11463,Technical Support
11464,Service Outages and Maintenance
11465,Product Support
11470,IT Support
11475,Technical Support
11476,Technical Support
11477,Billing and Payments
11478,Product Support
11479,IT Support
11480,Product Support
11481,Customer Service
11483,Customer Service
11484,Technical Support
11485,Technical Support
11486,Product Support
11487,Technical Support
11488,Customer Service
11489,Billing and Payments
11490,Technical Support
11491,Returns and Exchanges
11494,IT Support
11495,Customer Service
11496,Customer Service
11497,Product Support
11498,Technical Support
11499,Technical Support
11501,Technical Support
11502,Technical Support
11503,Customer Service
11505,Customer Service
11506,General Inquiry
11507,Customer Service
11508,Technical Support
11509,General Inquiry
11511,IT Support
11512,Technical Support
11513,Technical Support
11514,Billing and Payments
11515,IT Support
11518,Technical Support
11519,Customer Service
11520,Product Support
11521,Technical Support
11522,Product Support
11523,Product Support
11524,Returns and Exchanges
11525,Customer Service
11526,Product Support
11527,Technical Support
11528,Human Resources
11529,Product Support
11530,Returns and Exchanges
11531,Customer Service
11532,Technical Support
11533,Customer Service
11534,Sales and Pre-Sales
11535,Technical Support
11536,IT Support
11537,Service Outages and Maintenance
11540,Returns and Exchanges
11541,Technical Support
11543,Technical Support
11544,Billing and Payments
11545,IT Support
11547,IT Support
11548,Technical Support
11550,Product Support
11551,IT Support
11552,General Inquiry
11553,Human Resources
11554,Billing and Payments
11556,Technical Support
11557,Product Support
11558,Billing and Payments
11559,Sales and Pre-Sales
11561,Technical Support
11562,Customer Service
11563,IT Support
11564,Customer Service
11565,Technical Support
11566,Customer Service
11567,Technical Support
11568,Human Resources
11569,Technical Support
11570,IT Support
11571,Technical Support
11572,Product Support
11573,Product Support
11574,IT Support
11575,Service Outages and Maintenance
11576,Product Support
11577,Technical Support
11579,Customer Service
11580,Billing and Payments
11581,IT Support
11582,Technical Support
11583,Technical Support
11584,Product Support
11585,Technical Support
11586,Product Support
11587,Technical Support
11588,Technical Support
11590,Billing and Payments
11591,Customer Service
11592,IT Support
11593,Customer Service
11595,Technical Support
11596,Billing and Payments
11597,Technical Support
11598,Technical Support
11599,Sales and Pre-Sales
11600,Technical Support
11601,IT Support
11602,Product Support
11603,Technical Support
11604,Product Support
11605,Billing and Payments
11606,Returns and Exchanges
11609,IT Support
11611,Technical Support
11612,Customer Service
11613,Technical Support
11614,Sales and Pre-Sales
11615,Product Support
11616,Technical Support
11617,Technical Support
11618,Technical Support
11619,Returns and Exchanges
11620,IT Support
11621,Product Support
11622,Human Resources
11623,Technical Support
11626,IT Support
11627,IT Support
11628,Technical Support
11629,Technical Support
11630,IT Support
11631,Product Support
11632,Product Support
11633,Product Support
11636,Product Support
11637,Customer Service
11638,IT Support
11640,Product Support
11642,Technical Support
11643,Billing and Payments
11644,Billing and Payments
11645,Product Support
11646,Customer Service
11648,Sales and Pre-Sales
11649,Billing and Payments
11650,Human Resources
11651,Technical Support
11654,Technical Support
11655,Billing and Payments
11656,Product Support
11657,Technical Support
11658,Technical Support
11659,Customer Service
11660,Returns and Exchanges
11661,Technical Support
11662,Product Support
11663,Product Support
11664,Technical Support
11665,Billing and Payments
11666,Technical Support
11667,Customer Service
11668,Technical Support
11669,Sales and Pre-Sales
11671,Product Support
11673,IT Support
11674,Human Resources
11675,General Inquiry
11676,Technical Support
11677,Human Resources
11678,Human Resources
11679,Returns and Exchanges
11681,Product Support
11682,Product Support
11683,Service Outages and Maintenance
11684,Technical Support
11685,Product Support
11686,Product Support
11688,Service Outages and Maintenance
11689,Customer Service
11690,Customer Service
11691,Technical Support
11692,Product Support
11693,Returns and Exchanges
11695,IT Support
11696,Billing and Payments
11697,Returns and Exchanges
11699,IT Support
11700,Customer Service
11702,IT Support
11703,Technical Support
11704,Customer Service
11706,Customer Service
11707,Product Support
11708,Service Outages and Maintenance
11711,Customer Service
11712,Product Support
11714,Technical Support
11715,Product Support
11716,Product Support
11717,Technical Support
11718,Service Outages and Maintenance
11719,Product Support
11720,Sales and Pre-Sales
11721,Customer Service
11722,Customer Service
11724,Customer Service
11726,Customer Service
11727,IT Support
11728,Customer Service
11729,Billing and Payments
11730,Returns and Exchanges
11732,Returns and Exchanges
11733,IT Support
11736,IT Support
11737,Service Outages and Maintenance
11738,Technical Support
11739,Product Support
11740,Customer Service
11741,Technical Support
11742,Product Support
11743,Product Support
11744,Billing and Payments
11745,IT Support
11746,Product Support
11747,Product Support
11748,Sales and Pre-Sales
11749,Technical Support
11750,Returns and Exchanges
11751,Service Outages and Maintenance
11752,Customer Service
11753,General Inquiry
11755,Technical Support
11758,Technical Support
11760,IT Support
11761,Billing and Payments
11762,Customer Service
11763,Technical Support
11765,Human Resources
11766,Customer Service
11767,Returns and Exchanges
11770,Customer Service
11771,Customer Service
11772,Billing and Payments
11773,Technical Support
11774,Technical Support
11775,Sales and Pre-Sales
11776,Technical Support
11778,Product Support
11779,IT Support
11780,IT Support
11781,IT Support
11782,Technical Support
11783,Technical Support
11784,Product Support
11785,IT Support
11786,IT Support
11787,Billing and Payments
11788,Technical Support
11790,Customer Service
11791,Technical Support
11792,Customer Service
11793,Billing and Payments
11794,IT Support
11795,General Inquiry
11796,Customer Service
11797,Billing and Payments
11800,Technical Support
11801,Technical Support
11803,Billing and Payments
11804,Billing and Payments
11805,Customer Service
11806,Billing and Payments
11807,IT Support
11809,Customer Service
11810,IT Support
11811,Product Support
11812,Customer Service
11814,Technical Support
11815,IT Support
11816,Technical Support
11817,Technical Support
11818,Product Support
11820,Product Support
11821,Technical Support
11822,Human Resources
11823,Billing and Payments
11824,Billing and Payments
11825,Customer Service
11827,Technical Support
11828,Technical Support
11830,Billing and Payments
11831,General Inquiry
11832,Technical Support
11833,Technical Support
11834,Technical Support
11835,Technical Support
11836,Product Support
11837,Technical Support
11839,Returns and Exchanges
11840,Technical Support
11841,Sales and Pre-Sales
11842,Product Support
11846,Customer Service
11847,Billing and Payments
11848,Technical Support
11849,Human Resources
11850,Technical Support
11851,Product Support
11852,General Inquiry
11853,Customer Service
11855,Product Support
11856,Product Support
11857,Customer Service
11858,IT Support
11859,Technical Support
11860,Customer Service
11862,Technical Support
11863,Product Support
11865,IT Support
11866,Product Support
11867,Billing and Payments
11868,Technical Support
11869,Customer Service
11870,Service Outages and Maintenance
11871,Product Support
11872,Technical Support
11873,Customer Service
11874,Technical Support
11875,IT Support
11877,IT Support
11878,Product Support
11879,Product Support
11880,IT Support
11881,Returns and Exchanges
11882,Billing and Payments
11884,Customer Service
11885,Product Support
11889,IT Support
11890,Customer Service
11891,Customer Service
11892,Billing and Payments
11893,Technical Support
11894,Billing and Payments
11895,Billing and Payments
11896,Product Support
11897,Product Support
11898,Technical Support
11899,Returns and Exchanges
11900,IT Support
11901,Product Support
11903,Technical Support
11904,IT Support
11905,Customer Service
11906,Technical Support
11907,Technical Support
11908,Technical Support
11909,Product Support
11910,Customer Service
11911,Technical Support
11912,Billing and Payments
11914,IT Support
11915,Technical Support
11916,IT Support
11917,Product Support
11918,Returns and Exchanges
11920,IT Support
11921,Product Support
11922,Customer Service
11923,Product Support
11924,Returns and Exchanges
11925,General Inquiry
11928,Technical Support
11929,Returns and Exchanges
11930,Customer Service
11932,Billing and Payments
11933,Customer Service
11934,IT Support
11935,Product Support
11936,Service Outages and Maintenance
11938,Product Support
11939,Customer Service
11940,Customer Service
11942,Product Support
11943,Product Support
11944,Technical Support
11945,Technical Support
11946,Product Support
11947,Technical Support
11948,Billing and Payments
11950,Customer Service
11952,Service Outages and Maintenance
11953,Billing and Payments
11954,Product Support
11956,Technical Support
11957,Technical Support
11958,IT Support
11959,Technical Support
11960,Product Support
11961,Sales and Pre-Sales
11962,Human Resources
11963,Customer Service
11964,Technical Support
11965,General Inquiry
11966,Billing and Payments
11967,Technical Support
11968,Billing and Payments
11969,Technical Support
11970,Product Support
11971,IT Support
11973,Product Support
11974,Product Support
11975,Product Support
11976,Technical Support
11977,Customer Service
11978,Human Resources
11979,Product Support
11980,Technical Support
11981,Returns and Exchanges
11982,Human Resources
11983,Technical Support
11984,Technical Support
11985,Product Support
11986,Customer Service
11987,Customer Service
11988,Billing and Payments
11989,Customer Service
11990,Sales and Pre-Sales
11991,Product Support
11992,Technical Support
11993,IT Support
11994,Billing and Payments
11996,Product Support
11997,Technical Support
11998,Product Support
12000,Product Support
12002,Billing and Payments
12003,Customer Service
12005,Technical Support
12006,IT Support
12007,Customer Service
12008,Customer Service
12009,Product Support
12010,Technical Support
12011,Technical Support
12013,Technical Support
12014,IT Support
12016,Technical Support
12018,Technical Support
12019,Product Support
12020,IT Support
12022,Technical Support
12023,Product Support
12024,Product Support
12025,Technical Support
12026,Product Support
12027,Human Resources
12031,Customer Service
12033,Technical Support
12034,Returns and Exchanges
12035,Service Outages and Maintenance
12036,Returns and Exchanges
12038,Billing and Payments
12041,Product Support
12042,Sales and Pre-Sales
12043,Sales and Pre-Sales
12044,Technical Support
12045,Technical Support
12048,Technical Support
12049,IT Support
12050,Product Support
12052,Technical Support
12053,IT Support
12054,Technical Support
12055,Product Support
12057,IT Support
12058,Technical Support
12060,Customer Service
12061,Customer Service
12062,Product Support
12063,Customer Service
12064,Technical Support
12066,Technical Support
12067,Technical Support
12068,Technical Support
12069,Customer Service
12070,Product Support
12071,Technical Support
12072,Customer Service
12074,Customer Service
12075,IT Support
12076,Technical Support
12078,Billing and Payments
12079,Product Support
12082,Billing and Payments
12084,Service Outages and Maintenance
12085,Technical Support
12086,Product Support
12087,Billing and Payments
12088,Technical Support
12090,Technical Support
12091,Technical Support
12092,Billing and Payments
12093,Technical Support
12094,Technical Support
12095,Product Support
12096,General Inquiry
12098,IT Support
12099,Technical Support
12100,Human Resources
12101,Technical Support
12102,Technical Support
12103,Customer Service
12104,Customer Service
12105,Technical Support
12106,Billing and Payments
12107,Service Outages and Maintenance
12108,Technical Support
12109,IT Support
12110,Technical Support
12111,IT Support
12112,Product Support
12113,Technical Support
12114,Customer Service
12116,Billing and Payments
12118,Billing and Payments
12119,Customer Service
12120,Billing and Payments
12121,Returns and Exchanges
12122,Service Outages and Maintenance
12123,Technical Support
12124,IT Support
12125,Technical Support
12126,Service Outages and Maintenance
12128,Product Support
12130,Sales and Pre-Sales
12131,Technical Support
12132,Product Support
12133,Customer Service
12134,Billing and Payments
12135,Customer Service
12136,Returns and Exchanges
12137,Service Outages and Maintenance
12138,Product Support
12139,Technical Support
12141,Returns and Exchanges
12142,IT Support
12146,Product Support
12147,Human Resources
12149,Human Resources
12152,Customer Service
12153,Billing and Payments
12155,Product Support
12156,Technical Support
12157,Sales and Pre-Sales
12159,Customer Service
12160,Product Support
12161,Customer Service
12162,Service Outages and Maintenance
12163,Billing and Payments
12164,IT Support
12165,Sales and Pre-Sales
12166,Technical Support
12167,Technical Support
12169,Technical Support
12170,Product Support
12171,Service Outages and Maintenance
12172,IT Support
12174,Customer Service
12177,Product Support
12179,General Inquiry
12180,Technical Support
12181,Billing and Payments
12182,Technical Support
12183,Technical Support
12184,Product Support
12185,Billing and Payments
12186,Sales and Pre-Sales
12187,Product Support
12188,IT Support
12189,Service Outages and Maintenance
12191,Technical Support
12193,Billing and Payments
12194,Billing and Payments
12195,Billing and Payments
12196,Product Support
12198,Customer Service
12199,Product Support
12201,Sales and Pre-Sales
12202,IT Support
12203,IT Support
12204,Technical Support
12206,Product Support
12207,IT Support
12209,Billing and Payments
12210,Customer Service
12211,Customer Service
12212,Product Support
12213,IT Support
12214,Billing and Payments
12215,Product Support
12216,Technical Support
12218,Product Support
12219,Technical Support
12220,Technical Support
12221,IT Support
12223,Technical Support
12224,Product Support
12225,Product Support
12226,Customer Service
12227,Returns and Exchanges
12229,Billing and Payments
12230,Customer Service
12231,Billing and Payments
12232,Technical Support
12233,Technical Support
12234,IT Support
12237,Product Support
12238,General Inquiry
12239,Technical Support
12241,Technical Support
12242,Technical Support
12244,General Inquiry
12245,Billing and Payments
12246,Human Resources
12247,Billing and Payments
12248,Product Support
12249,Technical Support
12250,Product Support
12251,Billing and Payments
12252,Technical Support
12253,Customer Service
12254,Technical Support
12255,Human Resources
12256,Returns and Exchanges
12257,Product Support
12258,Technical Support
12259,IT Support
12260,Customer Service
12262,Technical Support
12263,Customer Service
12265,Product Support
12266,Technical Support
12267,Billing and Payments
12268,Billing and Payments
12269,Technical Support
12270,Technical Support
12271,Customer Service
12272,Technical Support
12273,Service Outages and Maintenance
12274,Returns and Exchanges
12275,IT Support
12276,Technical Support
12277,Technical Support
12278,Product Support
12279,IT Support
12280,Product Support
12281,Service Outages and Maintenance
12282,Sales and Pre-Sales
12283,Returns and Exchanges
12284,Returns and Exchanges
12285,Service Outages and Maintenance
12286,General Inquiry
12287,Product Support
12288,Billing and Payments
12289,Returns and Exchanges
12290,IT Support
12291,Customer Service
12295,Product Support
12296,IT Support
12297,Technical Support
12298,Billing and Payments
12300,Customer Service
12301,IT Support
12302,Technical Support
12303,IT Support
12304,Returns and Exchanges
12306,Customer Service
12307,Billing and Payments
12308,Customer Service
12309,Customer Service
12311,Billing and Payments
12313,Technical Support
12314,Technical Support
12316,Technical Support
12317,Product Support
12319,Customer Service
12321,Customer Service
12322,Billing and Payments
12323,Technical Support
12324,Returns and Exchanges
12325,Product Support
12326,Customer Service
12327,Technical Support
12328,Technical Support
12329,Technical Support
12330,Sales and Pre-Sales
12331,Billing and Payments
12332,Technical Support
12333,Customer Service
12334,Service Outages and Maintenance
12336,Billing and Payments
12338,IT Support
12339,Product Support
12340,Human Resources
12341,Technical Support
12342,Product Support
12343,Technical Support
12344,Product Support
12346,Customer Service
12347,Billing and Payments
12348,Technical Support
12349,Customer Service
12350,Product Support
12351,Product Support
12352,Billing and Payments
12353,Returns and Exchanges
12355,Returns and Exchanges
12356,Product Support
12357,Returns and Exchanges
12358,Customer Service
12359,Billing and Payments
12360,Returns and Exchanges
12361,Human Resources
12362,Customer Service
12364,Customer Service
12366,Human Resources
12372,Technical Support
12373,Customer Service
12374,Technical Support
12375,IT Support
12376,Product Support
12377,Technical Support
12378,Sales and Pre-Sales
12379,Technical Support
12380,Technical Support
12381,Product Support
12382,Product Support
12384,Returns and Exchanges
12385,Customer Service
12386,Human Resources
12387,Technical Support
12388,General Inquiry
12390,Technical Support
12391,Technical Support
12392,Product Support
12393,Billing and Payments
12394,Service Outages and Maintenance
12395,Product Support
12396,Technical Support
12397,IT Support
12399,Human Resources
12400,Product Support
12401,IT Support
12402,Technical Support
12404,Customer Service
12405,Product Support
12406,Customer Service
12407,Product Support
12408,Technical Support
12409,Product Support
12410,IT Support
12411,Customer Service
12412,Technical Support
12413,Billing and Payments
12414,IT Support
12415,Product Support
12416,Billing and Payments
12417,Sales and Pre-Sales
12419,Customer Service
12420,Technical Support
12421,Technical Support
12422,Product Support
12423,Technical Support
12424,Product Support
12425,Product Support
12426,Billing and Payments
12427,Technical Support
12428,Product Support
12429,Technical Support
12430,Service Outages and Maintenance
12431,Service Outages and Maintenance
12432,Sales and Pre-Sales
12433,Technical Support
12434,Product Support
12435,Product Support
12436,Technical Support
12437,Technical Support
12438,IT Support
12440,Customer Service
12441,Customer Service
12443,Customer Service
12445,Technical Support
12446,Product Support
12447,Billing and Payments
12448,Technical Support
12449,Service Outages and Maintenance
12450,Technical Support
12451,Product Support
12452,Technical Support
12453,Product Support
12454,Technical Support
12456,Product Support
12457,Billing and Payments
12458,Technical Support
12459,Billing and Payments
12460,Technical Support
12461,IT Support
12464,Billing and Payments
12466,Technical Support
12467,Technical Support
12468,Billing and Payments
12469,Technical Support
12470,Billing and Payments
12472,Technical Support
12473,Technical Support
12476,Returns and Exchanges
12477,Technical Support
12478,Product Support
12479,Technical Support
12480,Technical Support
12481,Billing and Payments
12485,Product Support
12486,Sales and Pre-Sales
12488,IT Support
12489,Service Outages and Maintenance
12490,Product Support
12491,Billing and Payments
12493,Billing and Payments
12494,Service Outages and Maintenance
12496,Product Support
12497,Technical Support
12499,Human Resources
12500,Billing and Payments
12501,Customer Service
12504,Billing and Payments
12505,Product Support
12506,Technical Support
12507,Billing and Payments
12508,IT Support
12509,Service Outages and Maintenance
12510,Technical Support
12511,IT Support
12513,Technical Support
12514,Product Support
12515,Technical Support
12516,Customer Service
12517,Technical Support
12518,IT Support
12519,Product Support
12521,Customer Service
12524,Technical Support
12525,Technical Support
12526,General Inquiry
12527,Service Outages and Maintenance
12528,IT Support
12529,IT Support
12530,Returns and Exchanges
12531,Product Support
12532,Service Outages and Maintenance
12533,Customer Service
12536,Customer Service
12537,Customer Service
12538,Service Outages and Maintenance
12539,Technical Support
12540,Technical Support
12542,Product Support
12543,Customer Service
12544,IT Support
12545,Technical Support
12547,Product Support
12548,Product Support
12549,Billing and Payments
12550,Product Support
12551,Technical Support
12552,IT Support
12553,Technical Support
12554,Technical Support
12555,Returns and Exchanges
12556,Product Support
12557,Billing and Payments
12558,Returns and Exchanges
12559,Technical Support
12560,Billing and Payments
12561,Technical Support
12562,IT Support
12563,Technical Support
12564,Product Support
12565,Billing and Payments
12566,Service Outages and Maintenance
12567,Product Support
12568,Service Outages and Maintenance
12569,Product Support
12570,Product Support
12571,Customer Service
12573,Returns and Exchanges
12574,Billing and Payments
12575,IT Support
12577,Human Resources
12579,Technical Support
12580,Technical Support
12581,Technical Support
12583,Product Support
12584,Billing and Payments
12585,Technical Support
12586,Product Support
12587,IT Support
12589,Customer Service
12590,Returns and Exchanges
12592,Customer Service
12593,Technical Support
12595,Service Outages and Maintenance
12597,Technical Support
12598,Customer Service
12599,Billing and Payments
12601,Customer Service
12602,Technical Support
12603,Technical Support
12606,Returns and Exchanges
12607,Technical Support
12608,Technical Support
12609,Product Support
12610,Product Support
12611,Product Support
12612,Technical Support
12613,Technical Support
12614,Product Support
12615,Technical Support
12617,Customer Service
12618,IT Support
12619,Customer Service
12620,Customer Service
12621,Product Support
12622,Technical Support
12623,IT Support
12625,Technical Support
12627,Technical Support
12628,Billing and Payments
12629,Technical Support
12630,Technical Support
12631,Product Support
12632,Service Outages and Maintenance
12633,Product Support
12634,Customer Service
12635,Human Resources
12637,Billing and Payments
12640,Returns and Exchanges
12642,Technical Support
12644,IT Support
12645,Returns and Exchanges
12646,Customer Service
12647,Service Outages and Maintenance
12648,Product Support
12650,Technical Support
12651,IT Support
12652,Product Support
12653,Returns and Exchanges
12654,Technical Support
12655,Customer Service
12656,Product Support
12657,Technical Support
12658,Returns and Exchanges
12659,Billing and Payments
12661,Technical Support
12662,Billing and Payments
12663,Customer Service
12664,IT Support
12665,Technical Support
12666,Billing and Payments
12668,Product Support
12669,Billing and Payments
12670,Human Resources
12671,IT Support
12672,Technical Support
12673,Technical Support
12675,Billing and Payments
12676,Customer Service
12677,Product Support
12678,Customer Service
12679,Technical Support
12680,Billing and Payments
12681,Billing and Payments
12682,Billing and Payments
12683,Technical Support
12684,Customer Service
12685,Technical Support
12686,Billing and Payments
12688,Technical Support
12689,Sales and Pre-Sales
12690,Service Outages and Maintenance
12691,Product Support
12692,Billing and Payments
12693,Product Support
12694,Product Support
12695,Billing and Payments
12696,Billing and Payments
12697,Technical Support
12698,Returns and Exchanges
12701,Customer Service
12702,Technical Support
12703,Returns and Exchanges
12704,Customer Service
12705,Sales and Pre-Sales
12706,Technical Support
12707,Customer Service
12708,IT Support
12709,Technical Support
12710,Product Support
12711,Customer Service
12714,Sales and Pre-Sales
12715,Technical Support
12716,Customer Service
12717,Product Support
12718,Billing and Payments
12719,Customer Service
12721,Returns and Exchanges
12722,Technical Support
12723,Technical Support
12724,Technical Support
12725,IT Support
12726,IT Support
12727,Product Support
12728,Returns and Exchanges
12729,Customer Service
12730,Customer Service
12732,Service Outages and Maintenance
12734,IT Support
12735,Technical Support
12737,Product Support
12738,Customer Service
12739,Product Support
12740,Product Support
12741,Product Support
12742,Technical Support
12743,IT Support
12747,Returns and Exchanges
12748,General Inquiry
12749,Customer Service
12750,IT Support
12751,Product Support
12752,Technical Support
12754,Billing and Payments
12755,Returns and Exchanges
12756,Billing and Payments
12757,Service Outages and Maintenance
12758,Technical Support
12759,Technical Support
12760,Customer Service
12761,Product Support
12762,Technical Support
12764,Technical Support
12765,Customer Service
12766,Technical Support
12767,Technical Support
12769,Customer Service
12770,Customer Service
12771,Technical Support
12772,Returns and Exchanges
12773,Technical Support
12775,Product Support
12776,Technical Support
12777,Customer Service
12778,IT Support
12779,Technical Support
12780,IT Support
12781,Product Support
12782,Customer Service
12783,Billing and Payments
12784,IT Support
12787,Customer Service
12788,Returns and Exchanges
12789,Product Support
12790,Customer Service
12791,Service Outages and Maintenance
12792,IT Support
12793,Billing and Payments
12794,Product Support
12795,IT Support
12797,Product Support
12799,Billing and Payments
12800,Sales and Pre-Sales
12801,IT Support
12803,IT Support
12805,IT Support
12806,Service Outages and Maintenance
12807,Customer Service
12808,Returns and Exchanges
12809,Returns and Exchanges
12810,Customer Service
12812,Product Support
12813,IT Support
12814,Sales and Pre-Sales
12817,Technical Support
12818,Customer Service
12819,Service Outages and Maintenance
12820,Service Outages and Maintenance
12821,Billing and Payments
12822,Product Support
12823,Product Support
12824,Product Support
12825,IT Support
12826,IT Support
12827,Technical Support
12828,Product Support
12829,Technical Support
12830,IT Support
12831,Product Support
12832,Billing and Payments
12833,Technical Support
12834,Technical Support
12835,Product Support
12836,Product Support
12837,Customer Service
12838,Technical Support
12839,Customer Service
12840,Human Resources
12842,Technical Support
12843,Technical Support
12845,Technical Support
12847,Product Support
12848,Billing and Payments
12849,Service Outages and Maintenance
12850,Service Outages and Maintenance
12851,Product Support
12852,Product Support
12854,Customer Service
12855,Technical Support
12856,Service Outages and Maintenance
12858,Returns and Exchanges
12859,Sales and Pre-Sales
12860,Technical Support
12862,Technical Support
12863,Customer Service
12864,Technical Support
12865,Product Support
12866,Service Outages and Maintenance
12867,IT Support
12869,Technical Support
12870,Technical Support
12871,Customer Service
12872,Customer Service
12873,IT Support
12874,IT Support
12875,Customer Service
12876,Product Support
12878,Technical Support
12879,Product Support
12881,IT Support
12883,Product Support
12884,Customer Service
12886,IT Support
12887,Technical Support
12888,Technical Support
12889,Returns and Exchanges
12890,Technical Support
12891,Technical Support
12892,Customer Service
12893,Customer Service
12894,IT Support
12895,Product Support
12897,Billing and Payments
12898,Billing and Payments
12899,Technical Support
12900,Customer Service
12901,Technical Support
12905,Product Support
12906,Returns and Exchanges
12909,Product Support
12910,Technical Support
12911,IT Support
12912,Customer Service
12913,IT Support
12914,Customer Service
12915,Product Support
12917,Technical Support
12918,Technical Support
12919,Billing and Payments
12920,Billing and Payments
12921,Customer Service
12922,Billing and Payments
12923,IT Support
12925,Billing and Payments
12926,Technical Support
12927,Billing and Payments
12928,Product Support
12929,Returns and Exchanges
12930,Customer Service
12931,Returns and Exchanges
12932,IT Support
12933,Technical Support
12934,Technical Support
12935,Technical Support
12940,Product Support
12941,Technical Support
12942,IT Support
12944,Technical Support
12945,Technical Support
12946,Technical Support
12948,Customer Service
12949,Technical Support
12950,Billing and Payments
12951,Billing and Payments
12952,Billing and Payments
12953,Product Support
12954,Product Support
12955,Product Support
12957,Product Support
12958,General Inquiry
12960,Returns and Exchanges
12961,Sales and Pre-Sales
12963,Technical Support
12964,Technical Support
12965,Customer Service
12966,Billing and Payments
12967,Technical Support
12968,Service Outages and Maintenance
12969,IT Support
12970,Service Outages and Maintenance
12971,Technical Support
12972,Product Support
12973,Technical Support
12974,IT Support
12975,Product Support
12977,Technical Support
12978,Human Resources
12980,Product Support
12982,Returns and Exchanges
12983,Customer Service
12984,Sales and Pre-Sales
12985,Customer Service
12987,Customer Service
12988,IT Support
12990,Customer Service
12991,Product Support
12993,Customer Service
12994,Product Support
12995,Billing and Payments
12996,IT Support
12997,Technical Support
12998,Product Support
12999,IT Support
13000,Technical Support
13003,Customer Service
13004,IT Support
13005,Technical Support
13006,Product Support
13007,Product Support
13011,Customer Service
13012,IT Support
13013,Technical Support
13014,Technical Support
13015,Returns and Exchanges
13016,Technical Support
13017,Technical Support
13018,Technical Support
13019,Service Outages and Maintenance
13021,Customer Service
13022,General Inquiry
13023,Technical Support
13024,Billing and Payments
13025,Technical Support
13026,Product Support
13028,General Inquiry
13029,Technical Support
13031,Product Support
13032,Customer Service
13033,Technical Support
13035,Product Support
13036,Billing and Payments
13037,Billing and Payments
13041,Technical Support
13042,Billing and Payments
13044,Human Resources
13045,IT Support
13046,Customer Service
13047,Technical Support
13048,Billing and Payments
13049,Product Support
13050,Billing and Payments
13053,Technical Support
13055,Product Support
13056,Customer Service
13057,Billing and Payments
13058,Customer Service
13059,Sales and Pre-Sales
13060,IT Support
13062,Technical Support
13063,Human Resources
13064,Technical Support
13065,Technical Support
13066,Product Support
13067,Technical Support
13068,IT Support
13069,Technical Support
13070,Technical Support
13071,Product Support
13073,Product Support
13074,Technical Support
13075,Technical Support
13076,IT Support
13077,Product Support
13078,General Inquiry
13080,Product Support
13081,Returns and Exchanges
13083,Billing and Payments
13084,Human Resources
13085,Billing and Payments
13086,Technical Support
13087,IT Support
13088,Product Support
13089,IT Support
13090,Customer Service
13091,Service Outages and Maintenance
13092,Sales and Pre-Sales
13093,IT Support
13094,Customer Service
13095,IT Support
13096,Billing and Payments
13098,Customer Service
13100,Technical Support
13101,Product Support
13103,Technical Support
13104,Product Support
13105,Technical Support
13106,Billing and Payments
13107,Customer Service
13108,IT Support
13110,Technical Support
13112,Technical Support
13113,IT Support
13114,Product Support
13116,Customer Service
13118,Technical Support
13122,Product Support
13124,IT Support
13125,Product Support
13126,Technical Support
13127,Customer Service
13128,Product Support
13129,Technical Support
13131,IT Support
13132,Technical Support
13133,Technical Support
13134,Technical Support
13135,Customer Service
13136,Service Outages and Maintenance
13137,Technical Support
13139,Technical Support
13140,IT Support
13141,Technical Support
13142,Technical Support
13143,Product Support
13144,Technical Support
13145,IT Support
13146,IT Support
13147,Technical Support
13148,Product Support
13149,Product Support
13150,IT Support
13151,Product Support
13153,IT Support
13154,IT Support
13155,Product Support
13156,Technical Support
13157,Product Support
13158,Product Support
13159,Product Support
13160,IT Support
13161,Product Support
13163,Technical Support
13164,Returns and Exchanges
13165,Service Outages and Maintenance
13167,Customer Service
13168,Product Support
13169,Technical Support
13170,IT Support
13171,Customer Service
13172,IT Support
13173,Customer Service
13174,Product Support
13176,Service Outages and Maintenance
13177,Technical Support
13178,Customer Service
13179,Product Support
13180,Customer Service
13181,Product Support
13182,Human Resources
13183,IT Support
13184,Product Support
13185,Technical Support
13186,Customer Service
13188,Technical Support
13189,Product Support
13190,Product Support
13191,Technical Support
13192,Product Support
13193,Returns and Exchanges
13194,Product Support
13195,Technical Support
13197,Technical Support
13198,Technical Support
13199,Service Outages and Maintenance
13200,Sales and Pre-Sales
13201,Customer Service
13202,Human Resources
13203,Billing and Payments
13204,IT Support
13205,Returns and Exchanges
13207,Technical Support
13209,Customer Service
13210,Billing and Payments
13211,Technical Support
13212,Product Support
13213,Technical Support
13214,Product Support
13216,Customer Service
13217,Customer Service
13219,Customer Service
13222,Service Outages and Maintenance
13223,Product Support
13224,Technical Support
13225,Technical Support
13227,Billing and Payments
13228,Returns and Exchanges
13229,Product Support
13230,Product Support
13231,IT Support
13232,IT Support
13234,Billing and Payments
13235,Technical Support
13236,Customer Service
13239,Product Support
13240,Technical Support
13241,Customer Service
13243,Billing and Payments
13244,Product Support
13245,Technical Support
13246,Technical Support
13248,Technical Support
13249,Billing and Payments
13250,Technical Support
13251,Customer Service
13252,Human Resources
13253,IT Support
13256,Customer Service
13257,IT Support
13259,Sales and Pre-Sales
13260,Billing and Payments
13261,Technical Support
13263,Product Support
13265,Customer Service
13266,Product Support
13267,Human Resources
13268,Service Outages and Maintenance
13269,General Inquiry
13271,Billing and Payments
13274,IT Support
13275,Technical Support
13276,Technical Support
13277,Technical Support
13278,Customer Service
13279,General Inquiry
13280,Technical Support
13281,Product Support
13282,Technical Support
13283,Returns and Exchanges
13284,Human Resources
13285,Sales and Pre-Sales
13286,Technical Support
13287,IT Support
13288,Technical Support
13290,Technical Support
13291,Returns and Exchanges
13292,IT Support
13293,Product Support
13294,Product Support
13296,Product Support
13297,Technical Support
13298,Human Resources
13299,Technical Support
13300,General Inquiry
13301,IT Support
13303,Technical Support
13304,Returns and Exchanges
13305,Returns and Exchanges
13306,Product Support
13309,Product Support
13312,IT Support
13313,Customer Service
13314,Technical Support
13315,Technical Support
13317,Technical Support
13318,Technical Support
13319,Billing and Payments
13320,Product Support
13321,Service Outages and Maintenance
13324,Technical Support
13325,Product Support
13326,Returns and Exchanges
13329,IT Support
13331,Customer Service
13332,Technical Support
13333,Billing and Payments
13334,Product Support
13335,IT Support
13336,Service Outages and Maintenance
13337,Technical Support
13338,Technical Support
13339,Product Support
13342,Service Outages and Maintenance
13343,Technical Support
13345,IT Support
13346,Product Support
13347,Technical Support
13348,IT Support
13349,Customer Service
13350,Product Support
13351,IT Support
13352,Product Support
13354,Product Support
13356,General Inquiry
13357,Technical Support
13358,Product Support
13359,Technical Support
13360,Technical Support
13361,Returns and Exchanges
13363,Product Support
13366,Technical Support
13368,Technical Support
13369,Service Outages and Maintenance
13370,Technical Support
13371,Customer Service
13372,Technical Support
13373,Technical Support
13374,Returns and Exchanges
13375,Product Support
13376,Technical Support
13377,Product Support
13378,IT Support
13379,Human Resources
13380,Technical Support
13382,Product Support
13383,Technical Support
13385,Technical Support
13386,Technical Support
13388,Product Support
13389,IT Support
13390,Customer Service
13391,Technical Support
13392,Technical Support
13393,IT Support
13396,Billing and Payments
13397,Technical Support
13398,Returns and Exchanges
13399,Billing and Payments
13400,Technical Support
13401,IT Support
13402,Service Outages and Maintenance
13405,IT Support
13406,Technical Support
13408,Customer Service
13409,IT Support
13410,Product Support
13412,Technical Support
13413,Product Support
13415,Service Outages and Maintenance
13416,Technical Support
13417,Technical Support
13419,Product Support
13420,Product Support
13421,Billing and Payments
13423,Billing and Payments
13424,Product Support
13425,Billing and Payments
13426,IT Support
13427,IT Support
13428,Product Support
13429,Service Outages and Maintenance
13431,Technical Support
13433,Customer Service
13434,Billing and Payments
13435,Human Resources
13436,Customer Service
13437,IT Support
13438,Product Support
13439,Product Support
13440,Technical Support
13441,IT Support
13442,Returns and Exchanges
13443,IT Support
13444,Technical Support
13445,Customer Service
13446,Product Support
13447,Service Outages and Maintenance
13448,Customer Service
13449,Customer Service
13450,Product Support
13452,Customer Service
13453,Technical Support
13454,IT Support
13455,Product Support
13456,Customer Service
13459,Returns and Exchanges
13460,Billing and Payments
13461,Technical Support
13462,Service Outages and Maintenance
13463,Customer Service
13465,Customer Service
13466,Product Support
13467,General Inquiry
13468,Service Outages and Maintenance
13469,Customer Service
13470,Customer Service
13471,IT Support
13472,Technical Support
13473,Technical Support
13474,Customer Service
13476,Customer Service
13477,Technical Support
13479,Customer Service
13480,Product Support
13481,Customer Service
13482,Service Outages and Maintenance
13483,Technical Support
13484,Technical Support
13485,Service Outages and Maintenance
13486,Product Support
13487,Technical Support
13488,IT Support
13489,Customer Service
13490,Technical Support
13491,Product Support
13492,Billing and Payments
13493,Technical Support
13494,Billing and Payments
13495,IT Support
13496,Billing and Payments
13497,Customer Service
13498,IT Support
13500,Technical Support
13501,Technical Support
13502,Customer Service
13503,Human Resources
13505,Product Support
13506,Sales and Pre-Sales
13507,Customer Service
13508,IT Support
13509,Technical Support
13511,Technical Support
13512,Product Support
13513,Customer Service
13514,IT Support
13516,Billing and Payments
13519,Product Support
13520,Technical Support
13522,Billing and Payments
13525,Technical Support
13526,Technical Support
13528,Billing and Payments
13529,Product Support
13531,Returns and Exchanges
13533,Customer Service
13534,Billing and Payments
13535,IT Support
13536,Technical Support
13537,Sales and Pre-Sales
13538,Customer Service
13539,Technical Support
13540,Technical Support
13541,Product Support
13542,Technical Support
13543,Product Support
13544,Sales and Pre-Sales
13545,Technical Support
13546,Technical Support
13547,Billing and Payments
13548,Technical Support
13549,Technical Support
13550,Technical Support
13551,Product Support
13553,Technical Support
13554,Service Outages and Maintenance
13556,Customer Service
13557,Product Support
13558,Service Outages and Maintenance
13560,Customer Service
13561,Product Support
13562,Billing and Payments
13563,Technical Support
13564,IT Support
13566,Product Support
13567,Technical Support
13569,Customer Service
13570,Sales and Pre-Sales
13571,Technical Support
13572,Billing and Payments
13573,Customer Service
13574,Technical Support
13575,Technical Support
13577,Billing and Payments
13578,Returns and Exchanges
13579,IT Support
13580,Customer Service
13581,Technical Support
13583,Customer Service
13584,Technical Support
13585,Customer Service
13586,Billing and Payments
13588,Technical Support
13590,Technical Support
13591,Product Support
13592,Customer Service
13594,IT Support
13595,Technical Support
13596,Human Resources
13597,Product Support
13598,Product Support
13599,Product Support
13600,Product Support
13602,Technical Support
13603,Billing and Payments
13604,Customer Service
13605,Billing and Payments
13607,Sales and Pre-Sales
13608,Product Support
13610,Technical Support
13612,Product Support
13613,Customer Service
13614,Technical Support
13615,Technical Support
13616,Returns and Exchanges
13617,Technical Support
13618,General Inquiry
13619,Product Support
13620,Returns and Exchanges
13621,General Inquiry
13622,Technical Support
13624,Billing and Payments
13625,Customer Service
13626,Technical Support
13627,IT Support
13628,IT Support
13629,Returns and Exchanges
13630,IT Support
13631,IT Support
13632,Product Support
13633,Technical Support
13634,Technical Support
13635,Product Support
13636,Billing and Payments
13637,Technical Support
13638,Customer Service
13640,Product Support
13641,Product Support
13642,Product Support
13643,Technical Support
13644,Technical Support
13645,Technical Support
13646,Customer Service
13647,IT Support
13648,Technical Support
13650,Technical Support
13651,Customer Service
13652,Customer Service
13653,Billing and Payments
13654,Product Support
13655,Technical Support
13656,Technical Support
13657,Technical Support
13658,Billing and Payments
13661,Customer Service
13662,Product Support
13664,Product Support
13665,Technical Support
13666,Technical Support
13667,Technical Support
13668,Billing and Payments
13669,Product Support
13670,IT Support
13671,Returns and Exchanges
13672,Service Outages and Maintenance
13673,Customer Service
13674,Technical Support
13675,Customer Service
13676,Sales and Pre-Sales
13678,Technical Support
13679,Product Support
13680,Technical Support
13681,Billing and Payments
13682,IT Support
13683,Billing and Payments
13684,Technical Support
13685,IT Support
13687,IT Support
13688,Customer Service
13689,Customer Service
13690,Product Support
13691,Technical Support
13692,IT Support
13696,Sales and Pre-Sales
13697,Technical Support
13698,Customer Service
13699,Billing and Payments
13700,Product Support
13701,Technical Support
13702,Product Support
13704,IT Support
13705,Customer Service
13706,Technical Support
13708,Customer Service
13709,Technical Support
13712,Returns and Exchanges
13714,Billing and Payments
13716,Product Support
13718,Customer Service
13719,Returns and Exchanges
13720,Customer Service
13721,IT Support
13722,Technical Support
13723,Technical Support
13724,Sales and Pre-Sales
13726,Sales and Pre-Sales
13727,IT Support
13728,Billing and Payments
13729,Billing and Payments
13730,Technical Support
13731,Technical Support
13733,Technical Support
13735,Product Support
13736,Human Resources
13737,IT Support
13738,Service Outages and Maintenance
13739,Service Outages and Maintenance
13740,Human Resources
13741,Technical Support
13742,Technical Support
13743,Technical Support
13744,Sales and Pre-Sales
13745,Technical Support
13746,Billing and Payments
13747,Customer Service
13749,Product Support
13750,IT Support
13751,Billing and Payments
13752,IT Support
13753,Technical Support
13755,Customer Service
13756,Customer Service
13757,Technical Support
13759,Technical Support
13760,Technical Support
13763,Customer Service
13764,Product Support
13765,Technical Support
13766,Product Support
13768,Product Support
13769,Sales and Pre-Sales
13770,Technical Support
13771,Sales and Pre-Sales
13772,Technical Support
13773,Technical Support
13777,Technical Support
13778,Technical Support
13779,Technical Support
13780,Technical Support
13782,Human Resources
13785,Billing and Payments
13786,Returns and Exchanges
13787,Technical Support
13789,Billing and Payments
13790,Technical Support
13791,Customer Service
13792,Product Support
13794,Billing and Payments
13795,Billing and Payments
13796,Product Support
13797,IT Support
13798,Product Support
13799,Billing and Payments
13800,Technical Support
13801,Customer Service
13802,Product Support
13803,Returns and Exchanges
13804,Product Support
13806,Returns and Exchanges
13807,Technical Support
13809,IT Support
13810,Customer Service
13813,Product Support
13814,Sales and Pre-Sales
13815,Technical Support
13816,IT Support
13817,Billing and Payments
13820,Customer Service
13822,Technical Support
13823,Billing and Payments
13824,Customer Service
13825,Returns and Exchanges
13826,Technical Support
13827,IT Support
13828,Technical Support
13831,Sales and Pre-Sales
13832,Customer Service
13834,Customer Service
13836,Sales and Pre-Sales
13837,Product Support
13840,Customer Service
13841,Product Support
13842,Technical Support
13843,Billing and Payments
13844,Technical Support
13845,IT Support
13846,Technical Support
13847,Product Support
13849,Customer Service
13850,Billing and Payments
13852,Technical Support
13853,Technical Support
13854,Billing and Payments
13855,Technical Support
13856,Technical Support
13857,Technical Support
13858,Customer Service
13859,Technical Support
13861,Returns and Exchanges
13862,Customer Service
13863,Product Support
13865,Technical Support
13867,IT Support
13868,Technical Support
13869,Customer Service
13873,Product Support
13874,Technical Support
13876,Technical Support
13877,IT Support
13878,Sales and Pre-Sales
13879,IT Support
13880,Billing and Payments
13881,Billing and Payments
13882,Technical Support
13883,Human Resources
13884,Billing and Payments
13885,IT Support
13886,Technical Support
13887,Technical Support
13888,Technical Support
13889,Technical Support
13890,Technical Support
13891,Product Support
13893,Returns and Exchanges
13894,Billing and Payments
13895,Returns and Exchanges
13896,Technical Support
13897,Returns and Exchanges
13898,Product Support
13899,Customer Service
13900,Technical Support
13902,Product Support
13903,Customer Service
13904,Returns and Exchanges
13907,Billing and Payments
13908,Billing and Payments
13909,Technical Support
13910,Customer Service
13911,Billing and Payments
13912,Billing and Payments
13913,Sales and Pre-Sales
13914,Billing and Payments
13915,Technical Support
13916,Technical Support
13917,Technical Support
13918,Customer Service
13919,Billing and Payments
13920,Customer Service
13921,Customer Service
13922,Customer Service
13923,Product Support
13924,Customer Service
13926,Technical Support
13928,Product Support
13929,Sales and Pre-Sales
13930,Billing and Payments
13931,Customer Service
13932,IT Support
13934,Technical Support
13935,Customer Service
13937,Technical Support
13939,Technical Support
13940,Technical Support
13941,Technical Support
13942,Product Support
13943,Technical Support
13944,Customer Service
13946,Technical Support
13947,Billing and Payments
13948,Sales and Pre-Sales
13950,Returns and Exchanges
13951,Billing and Payments
13952,IT Support
13953,Customer Service
13954,Sales and Pre-Sales
13956,Sales and Pre-Sales
13957,Billing and Payments
13959,Service Outages and Maintenance
13960,General Inquiry
13962,Billing and Payments
13963,Technical Support
13964,IT Support
13965,Billing and Payments
13966,Returns and Exchanges
13967,IT Support
13969,Service Outages and Maintenance
13970,Customer Service
13971,IT Support
13974,IT Support
13975,Returns and Exchanges
13976,Product Support
13977,Technical Support
13980,Customer Service
13981,Technical Support
13983,Sales and Pre-Sales
13984,IT Support
13985,Technical Support
13986,Product Support
13987,Technical Support
13988,Technical Support
13990,Product Support
13991,Technical Support
13992,IT Support
13993,Customer Service
13994,Customer Service
13995,Technical Support
13996,Customer Service
13998,Sales and Pre-Sales
13999,IT Support
14000,Technical Support
14001,Customer Service
14002,Technical Support
14003,Technical Support
14004,Product Support
14006,Customer Service
14007,Customer Service
14009,Product Support
14010,Customer Service
14011,IT Support
14012,Product Support
14014,Technical Support
14015,IT Support
14016,Product Support
14017,Technical Support
14018,IT Support
14019,Technical Support
14020,Product Support
14021,Product Support
14022,Technical Support
14023,Customer Service
14025,Product Support
14026,Technical Support
14027,Product Support
14030,Product Support
14031,IT Support
14032,Technical Support
14033,Technical Support
14034,Product Support
14035,Billing and Payments
14036,IT Support
14037,Technical Support
14038,Billing and Payments
14039,IT Support
14040,Billing and Payments
14041,Returns and Exchanges
14042,Product Support
14043,Technical Support
14044,Sales and Pre-Sales
14045,Technical Support
14046,Customer Service
14047,IT Support
14048,Customer Service
14049,Technical Support
14051,Product Support
14052,Service Outages and Maintenance
14053,IT Support
14054,Product Support
14056,Product Support
14057,Customer Service
14058,Customer Service
14059,Billing and Payments
14061,Technical Support
14062,Product Support
14063,Billing and Payments
14064,Billing and Payments
14065,Customer Service
14066,Customer Service
14067,Product Support
14068,Product Support
14069,Customer Service
14071,Technical Support
14072,Customer Service
14073,Customer Service
14074,Technical Support
14075,Customer Service
14076,Service Outages and Maintenance
14077,Product Support
14078,Product Support
14080,Customer Service
14081,Technical Support
14082,Returns and Exchanges
14083,IT Support
14084,Returns and Exchanges
14085,Customer Service
14087,Billing and Payments
14088,Technical Support
14090,Customer Service
14092,Customer Service
14093,Customer Service
14094,Technical Support
14095,Product Support
14096,Technical Support
14098,Returns and Exchanges
14099,Product Support
14100,Customer Service
14101,Product Support
14102,Billing and Payments
14103,Technical Support
14104,Product Support
14105,IT Support
14106,Technical Support
14108,Technical Support
14109,Technical Support
14110,General Inquiry
14111,Technical Support
14112,Customer Service
14113,Returns and Exchanges
14115,Product Support
14116,Customer Service
14118,Product Support
14119,Customer Service
14121,Product Support
14122,Technical Support
14123,IT Support
14124,Customer Service
14125,Technical Support
14126,IT Support
14127,Technical Support
14129,Customer Service
14130,IT Support
14131,Technical Support
14133,Technical Support
14134,Product Support
14135,Service Outages and Maintenance
14137,IT Support
14138,Billing and Payments
14139,Customer Service
14140,Product Support
14141,Technical Support
14142,Human Resources
14143,Product Support
14144,Billing and Payments
14145,Product Support
14147,Billing and Payments
14150,Technical Support
14151,Customer Service
14152,Customer Service
14153,IT Support
14154,Product Support
14155,IT Support
14156,Customer Service
14157,Technical Support
14158,Returns and Exchanges
14159,Product Support
14160,Technical Support
14161,IT Support
14162,Returns and Exchanges
14163,Technical Support
14165,Product Support
14166,Technical Support
14167,Customer Service
14168,IT Support
14170,IT Support
14171,Technical Support
14172,Technical Support
14173,Product Support
14174,Product Support
14175,Billing and Payments
14177,Customer Service
14178,Technical Support
14179,Customer Service
14181,Technical Support
14182,Customer Service
14184,Customer Service
14186,Technical Support
14188,Technical Support
14189,IT Support
14190,Billing and Payments
14191,Product Support
14192,Technical Support
14193,Returns and Exchanges
14194,Technical Support
14195,Technical Support
14196,IT Support
14197,Customer Service
14200,Technical Support
14201,Technical Support
14202,Billing and Payments
14204,Customer Service
14205,Product Support
14206,Product Support
14207,IT Support
14208,Product Support
14209,IT Support
14211,Billing and Payments
14212,Product Support
14213,Billing and Payments
14214,Customer Service
14216,Technical Support
14217,Customer Service
14218,Technical Support
14219,Customer Service
14220,Technical Support
14221,Customer Service
14222,Technical Support
14225,IT Support
14226,Product Support
14227,Customer Service
14228,Product Support
14229,Technical Support
14230,Product Support
14231,Customer Service
14232,IT Support
14233,Technical Support
14234,Customer Service
14235,Technical Support
14236,Human Resources
14237,Customer Service
14238,Technical Support
14239,Service Outages and Maintenance
14240,Product Support
14242,IT Support
14243,Sales and Pre-Sales
14244,Billing and Payments
14245,Product Support
14246,Technical Support
14247,Customer Service
14248,Product Support
14249,Technical Support
14250,IT Support
14251,IT Support
14252,Billing and Payments
14253,Returns and Exchanges
14254,Technical Support
14258,Product Support
14261,Product Support
14262,Product Support
14263,Technical Support
14264,Returns and Exchanges
14268,Returns and Exchanges
14269,Product Support
14270,Service Outages and Maintenance
14271,Product Support
14274,Technical Support
14276,Product Support
14277,Customer Service
14278,IT Support
14279,Product Support
14280,Customer Service
14281,Service Outages and Maintenance
14283,Customer Service
14284,Sales and Pre-Sales
14286,Product Support
14287,Technical Support
14288,Technical Support
14289,Technical Support
14291,Service Outages and Maintenance
14292,Customer Service
14293,IT Support
14297,Billing and Payments
14298,Technical Support
14299,Technical Support
14300,Customer Service
14301,Billing and Payments
14302,Technical Support
14303,Customer Service
14304,IT Support
14305,Billing and Payments
14307,Technical Support
14308,Human Resources
14309,Customer Service
14310,Technical Support
14311,Customer Service
14312,Customer Service
14313,Product Support
14315,Product Support
14317,Customer Service
14318,Product Support
14319,Technical Support
14320,Technical Support
14321,Technical Support
14322,Technical Support
14323,Customer Service
14325,IT Support
14327,IT Support
14329,Technical Support
14330,Service Outages and Maintenance
14331,Product Support
14333,IT Support
14334,Human Resources
14335,Technical Support
14337,General Inquiry
14338,Billing and Payments
14339,IT Support
14342,Technical Support
14345,Human Resources
14346,Technical Support
14347,Billing and Payments
14348,Product Support
14349,Returns and Exchanges
14350,General Inquiry
14351,Product Support
14352,Technical Support
14353,Customer Service
14355,Product Support
14356,Returns and Exchanges
14357,Technical Support
14359,Product Support
14360,Technical Support
14361,Technical Support
14362,Customer Service
14363,Returns and Exchanges
14364,Sales and Pre-Sales
14365,Technical Support
14366,IT Support
14367,Product Support
14368,Returns and Exchanges
14369,Technical Support
14370,Customer Service
14371,Product Support
14372,Technical Support
14373,Technical Support
14376,Customer Service
14377,Customer Service
14378,Service Outages and Maintenance
14379,Product Support
14380,Billing and Payments
14381,Technical Support
14382,Returns and Exchanges
14383,Product Support
14384,Service Outages and Maintenance
14385,Product Support
14386,Technical Support
14387,Technical Support
14388,Billing and Payments
14389,Product Support
14390,Returns and Exchanges
14392,Technical Support
14393,Product Support
14394,Billing and Payments
14395,Technical Support
14396,Customer Service
14397,Technical Support
14399,Product Support
14400,Technical Support
14401,Product Support
14402,IT Support
14405,Technical Support
14406,Technical Support
14407,Technical Support
14408,Technical Support
14409,Customer Service
14410,Product Support
14411,Returns and Exchanges
14412,Billing and Payments
14413,Product Support
14414,Product Support
14418,Billing and Payments
14419,Service Outages and Maintenance
14420,Technical Support
14421,Technical Support
14422,Technical Support
14423,Returns and Exchanges
14424,Customer Service
14425,Technical Support
14426,Returns and Exchanges
14427,IT Support
14428,Technical Support
14429,Technical Support
14430,Customer Service
14431,Sales and Pre-Sales
14432,Billing and Payments
14433,Human Resources
14434,Technical Support
14435,Product Support
14436,Technical Support
14437,Technical Support
14438,IT Support
14439,Product Support
14440,Customer Service
14442,Customer Service
14444,General Inquiry
14445,Billing and Payments
14446,IT Support
14447,Technical Support
14448,Technical Support
14449,Customer Service
14450,Technical Support
14451,Product Support
14452,IT Support
14453,Technical Support
14454,Billing and Payments
14457,IT Support
14458,IT Support
14459,Service Outages and Maintenance
14460,Product Support
14461,Service Outages and Maintenance
14463,Customer Service
14464,Technical Support
14465,Technical Support
14466,Customer Service
14467,Technical Support
14468,IT Support
14469,IT Support
14470,Billing and Payments
14472,Customer Service
14473,Product Support
14475,Technical Support
14476,Billing and Payments
14477,IT Support
14478,Billing and Payments
14479,Billing and Payments
14480,Technical Support
14481,Technical Support
14482,IT Support
14483,Product Support
14484,Technical Support
14485,Customer Service
14486,Product Support
14487,Technical Support
14488,Customer Service
14490,Billing and Payments
14491,Customer Service
14493,Technical Support
14494,Product Support
14495,Technical Support
14496,Technical Support
14497,Service Outages and Maintenance
14498,Product Support
14499,IT Support
14500,Sales and Pre-Sales
14501,Customer Service
14502,Service Outages and Maintenance
14503,IT Support
14505,Product Support
14506,Customer Service
14507,Technical Support
14508,IT Support
14509,Technical Support
14511,Service Outages and Maintenance
14513,Technical Support
14514,Product Support
14515,Service Outages and Maintenance
14516,Technical Support
14517,Service Outages and Maintenance
14518,Technical Support
14521,Returns and Exchanges
14522,Product Support
14523,Technical Support
14524,Technical Support
14525,Returns and Exchanges
14526,Technical Support
14527,Customer Service
14529,Billing and Payments
14530,Customer Service
14531,Technical Support
14532,Technical Support
14533,Technical Support
14535,Technical Support
14537,IT Support
14538,IT Support
14540,Product Support
14541,Technical Support
14542,Product Support
14543,Product Support
14544,Billing and Payments
14546,Billing and Payments
14547,Sales and Pre-Sales
14548,Billing and Payments
14549,Customer Service
14550,Customer Service
14551,Product Support
14552,Technical Support
14554,Technical Support
14555,Customer Service
14556,Sales and Pre-Sales
14557,Product Support
14558,Technical Support
14559,Technical Support
14560,General Inquiry
14561,Product Support
14563,Product Support
14564,Customer Service
14565,Customer Service
14566,Product Support
14567,Customer Service
14568,Sales and Pre-Sales
14569,Returns and Exchanges
14570,Customer Service
14571,Billing and Payments
14572,Technical Support
14573,Customer Service
14574,IT Support
14575,Customer Service
14576,Customer Service
14577,Technical Support
14578,IT Support
14580,Billing and Payments
14581,Billing and Payments
14582,Sales and Pre-Sales
14583,Product Support
14584,Product Support
14585,Billing and Payments
14586,Billing and Payments
14587,IT Support
14588,Customer Service
14589,IT Support
14590,Technical Support
14591,Customer Service
14592,Product Support
14593,IT Support
14594,Technical Support
14595,IT Support
14596,Customer Service
14597,Billing and Payments
14598,Returns and Exchanges
14599,Product Support
14600,Product Support
14601,Technical Support
14602,Product Support
14603,Product Support
14604,IT Support
14606,Customer Service
14607,Customer Service
14609,Customer Service
14610,IT Support
14611,Technical Support
14612,Product Support
14613,IT Support
14614,Technical Support
14615,General Inquiry
14616,Service Outages and Maintenance
14617,Returns and Exchanges
14618,Customer Service
14622,Technical Support
14623,Product Support
14624,IT Support
14626,IT Support
14627,Customer Service
14628,Technical Support
14629,IT Support
14630,Billing and Payments
14631,Customer Service
14632,IT Support
14634,Billing and Payments
14635,Technical Support
14636,Product Support
14637,Billing and Payments
14638,Customer Service
14640,Product Support
14642,Product Support
14643,Technical Support
14644,Customer Service
14645,Billing and Payments
14646,Returns and Exchanges
14649,Technical Support
14650,Technical Support
14651,Product Support
14652,Service Outages and Maintenance
14653,Product Support
14654,Service Outages and Maintenance
14655,Product Support
14656,Customer Service
14657,General Inquiry
14658,Product Support
14659,Billing and Payments
14660,Technical Support
14661,Product Support
14662,Customer Service
14663,Customer Service
14664,Technical Support
14665,Customer Service
14666,Technical Support
14667,Billing and Payments
14668,Billing and Payments
14669,Customer Service
14671,Billing and Payments
14672,Returns and Exchanges
14673,Technical Support
14674,Billing and Payments
14675,Technical Support
14676,Customer Service
14677,Billing and Payments
14679,Technical Support
14680,Technical Support
14681,Customer Service
14682,Product Support
14683,Customer Service
14685,Human Resources
14686,IT Support
14687,IT Support
14688,Product Support
14689,Customer Service
14690,Product Support
14691,Customer Service
14692,Technical Support
14693,Technical Support
14694,Technical Support
14696,Billing and Payments
14697,Technical Support
14698,Returns and Exchanges
14700,Technical Support
14701,IT Support
14702,Billing and Payments
14703,Technical Support
14704,IT Support
14708,Product Support
14709,Customer Service
14710,Service Outages and Maintenance
14711,Technical Support
14712,IT Support
14713,Customer Service
14715,Customer Service
14716,Technical Support
14717,IT Support
14718,Product Support
14720,Customer Service
14721,IT Support
14722,Product Support
14724,Billing and Payments
14725,Product Support
14727,Customer Service
14728,Product Support
14729,Returns and Exchanges
14731,Product Support
14733,Technical Support
14734,Billing and Payments
14735,Technical Support
14736,Product Support
14737,Customer Service
14738,Technical Support
14740,Technical Support
14741,Billing and Payments
14742,Technical Support
14744,Customer Service
14745,Sales and Pre-Sales
14747,Human Resources
14748,Customer Service
14750,Technical Support
14751,Billing and Payments
14753,Technical Support
14754,Technical Support
14755,Customer Service
14756,IT Support
14757,Product Support
14760,Product Support
14761,Technical Support
14763,Service Outages and Maintenance
14764,IT Support
14765,Technical Support
14766,Product Support
14767,Technical Support
14768,IT Support
14769,Product Support
14770,Customer Service
14773,Billing and Payments
14774,Technical Support
14775,Service Outages and Maintenance
14776,Billing and Payments
14777,Technical Support
14778,Billing and Payments
14779,Technical Support
14781,IT Support
14782,Technical Support
14783,Product Support
14785,Product Support
14786,Customer Service
14788,Billing and Payments
14789,Product Support
14790,Technical Support
14791,IT Support
14792,General Inquiry
14793,Product Support
14794,IT Support
14795,Product Support
14797,Sales and Pre-Sales
14800,Technical Support
14801,Customer Service
14802,Billing and Payments
14803,Customer Service
14804,Product Support
14805,Billing and Payments
14806,Technical Support
14807,Human Resources
14809,Customer Service
14810,IT Support
14811,Product Support
14814,Technical Support
14815,Technical Support
14816,Product Support
14817,Human Resources
14818,Customer Service
14819,Billing and Payments
14820,Human Resources
14821,Sales and Pre-Sales
14822,IT Support
14823,Product Support
14824,Customer Service
14825,Product Support
14826,Product Support
14827,Billing and Payments
14828,Service Outages and Maintenance
14830,Returns and Exchanges
14831,Technical Support
14833,Customer Service
14834,Technical Support
14835,Technical Support
14837,Technical Support
14838,Returns and Exchanges
14841,Sales and Pre-Sales
14842,General Inquiry
14843,Technical Support
14844,Product Support
14845,Billing and Payments
14846,Product Support
14847,Product Support
14848,Product Support
14849,IT Support
14850,Billing and Payments
14851,Technical Support
14852,Technical Support
14854,Technical Support
14855,Technical Support
14856,Technical Support
14858,IT Support
14859,Technical Support
14860,Billing and Payments
14861,Technical Support
14864,Customer Service
14865,Technical Support
14866,Product Support
14867,Product Support
14868,Technical Support
14869,Product Support
14870,Product Support
14872,Billing and Payments
14874,Sales and Pre-Sales
14876,Technical Support
14877,Returns and Exchanges
14878,Product Support
14879,Technical Support
14880,Customer Service
14883,Customer Service
14884,IT Support
14886,Customer Service
14888,Service Outages and Maintenance
14890,Technical Support
14891,Technical Support
14892,Product Support
14893,Technical Support
14894,Technical Support
14895,Billing and Payments
14896,Billing and Payments
14897,Customer Service
14900,Sales and Pre-Sales
14901,Technical Support
14902,Technical Support
14905,Technical Support
14907,Technical Support
14908,IT Support
14909,Product Support
14910,Product Support
14911,Product Support
14912,Service Outages and Maintenance
14913,IT Support
14914,Customer Service
14915,Technical Support
14916,Human Resources
14917,Sales and Pre-Sales
14918,Product Support
14919,Human Resources
14920,Product Support
14923,Human Resources
14924,Billing and Payments
14925,Technical Support
14927,Service Outages and Maintenance
14928,Billing and Payments
14929,Technical Support
14930,Technical Support
14931,Technical Support
14932,Billing and Payments
14933,Customer Service
14934,Technical Support
14935,Technical Support
14936,Billing and Payments
14937,Customer Service
14939,Technical Support
14940,Billing and Payments
14941,Product Support
14943,Technical Support
14944,Product Support
14945,Product Support
14946,IT Support
14947,Technical Support
14948,Technical Support
14949,Billing and Payments
14952,General Inquiry
14953,Technical Support
14954,IT Support
14955,Technical Support
14956,Returns and Exchanges
14957,Technical Support
14958,Technical Support
14959,Customer Service
14960,Product Support
14961,Technical Support
14962,Technical Support
14963,Service Outages and Maintenance
14964,Service Outages and Maintenance
14966,Product Support
14968,Product Support
14970,Sales and Pre-Sales
14972,Customer Service
14973,Technical Support
14974,IT Support
14975,Human Resources
14976,Technical Support
14978,Technical Support
14979,Technical Support
14980,Product Support
14981,Product Support
14982,Technical Support
14983,Returns and Exchanges
14984,Product Support
14985,Technical Support
14986,Returns and Exchanges
14987,Sales and Pre-Sales
14988,IT Support
14989,Customer Service
14990,Human Resources
14991,Product Support
14992,IT Support
14993,Technical Support
14994,Billing and Payments
14995,Customer Service
14996,Technical Support
14997,Sales and Pre-Sales
14998,Technical Support
14999,Technical Support
15000,Technical Support
15001,Customer Service
15002,Customer Service
15003,Customer Service
15004,Product Support
15006,Service Outages and Maintenance
15007,Technical Support
15008,Technical Support
15009,Technical Support
15010,Billing and Payments
15011,Billing and Payments
15012,Technical Support
15013,IT Support
15014,IT Support
15017,Service Outages and Maintenance
15018,IT Support
15019,Sales and Pre-Sales
15020,IT Support
15021,IT Support
15023,Product Support
15025,Product Support
15027,IT Support
15028,Customer Service
15030,Technical Support
15031,Product Support
15032,IT Support
15034,Technical Support
15035,Service Outages and Maintenance
15036,Technical Support
15037,Technical Support
15038,Technical Support
15039,Technical Support
15040,Product Support
15041,IT Support
15042,Customer Service
15044,Technical Support
15045,Product Support
15047,IT Support
15048,Technical Support
15049,Product Support
15050,Returns and Exchanges
15053,Sales and Pre-Sales
15054,Service Outages and Maintenance
15058,Billing and Payments
15059,Product Support
15061,Product Support
15062,Service Outages and Maintenance
15063,Technical Support
15064,IT Support
15065,Technical Support
15066,Billing and Payments
15068,Technical Support
15070,Product Support
15071,Product Support
15072,Sales and Pre-Sales
15073,Customer Service
15076,Technical Support
15077,Technical Support
15078,Billing and Payments
15079,Customer Service
15080,Product Support
15081,Product Support
15083,Sales and Pre-Sales
15084,Billing and Payments
15086,Technical Support
15087,Sales and Pre-Sales
15088,Billing and Payments
15089,Technical Support
15092,Product Support
15093,Customer Service
15094,Billing and Payments
15095,Technical Support
15096,Technical Support
15097,Product Support
15099,Technical Support
15100,Technical Support
15102,Technical Support
15104,Technical Support
15106,Service Outages and Maintenance
15107,Technical Support
15108,Product Support
15110,IT Support
15111,Returns and Exchanges
15112,Product Support
15113,Product Support
15114,IT Support
15116,Billing and Payments
15118,Product Support
15120,Technical Support
15122,Technical Support
15123,Technical Support
15124,Product Support
15125,Technical Support
15126,Product Support
15127,IT Support
15129,Customer Service
15130,Product Support
15131,Product Support
15132,Technical Support
15133,Product Support
15134,IT Support
15135,Billing and Payments
15136,Product Support
15137,Billing and Payments
15138,Product Support
15141,Technical Support
15142,Technical Support
15143,Product Support
15144,Technical Support
15145,Product Support
15146,Technical Support
15148,Technical Support
15149,Product Support
15150,Service Outages and Maintenance
15151,Technical Support
15152,Returns and Exchanges
15154,Product Support
15155,Service Outages and Maintenance
15156,Billing and Payments
15158,Product Support
15159,IT Support
15160,Product Support
15161,Technical Support
15162,Service Outages and Maintenance
15163,Product Support
15164,Technical Support
15165,IT Support
15166,Technical Support
15171,Technical Support
15172,Returns and Exchanges
15173,Returns and Exchanges
15174,Customer Service
15175,Billing and Payments
15177,Product Support
15179,Product Support
15181,Technical Support
15182,Technical Support
15183,IT Support
15185,Product Support
15186,Billing and Payments
15188,Technical Support
15189,Technical Support
15191,IT Support
15193,Customer Service
15197,Product Support
15198,Technical Support
15199,Billing and Payments
15200,Technical Support
15201,IT Support
15203,Technical Support
15204,IT Support
15206,Product Support
15208,Product Support
15209,Customer Service
15210,Product Support
15211,Billing and Payments
15212,Product Support
15213,Product Support
15214,IT Support
15215,Product Support
15216,Technical Support
15219,Product Support
15222,Customer Service
15223,Technical Support
15224,IT Support
15226,Returns and Exchanges
15227,Billing and Payments
15228,Billing and Payments
15230,Product Support
15232,Product Support
15233,Returns and Exchanges
15234,Product Support
15236,IT Support
15237,Customer Service
15238,Customer Service
15239,Product Support
15240,Customer Service
15243,Technical Support
15244,Technical Support
15246,Technical Support
15247,Customer Service
15248,Technical Support
15249,Product Support
15250,Product Support
15251,Technical Support
15253,Human Resources
15254,Product Support
15256,Billing and Payments
15258,Customer Service
15260,Technical Support
15261,Product Support
15263,Customer Service
15264,IT Support
15266,Product Support
15267,Product Support
15269,Billing and Payments
15270,Product Support
15271,Technical Support
15272,Customer Service
15273,Technical Support
15274,Product Support
15275,Customer Service
15276,Technical Support
15277,Product Support
15278,IT Support
15279,Customer Service
15280,Technical Support
15281,Billing and Payments
15282,IT Support
15283,Service Outages and Maintenance
15284,Product Support
15285,Technical Support
15286,Returns and Exchanges
15288,Technical Support
15289,Customer Service
15290,IT Support
15291,IT Support
15292,Product Support
15293,Technical Support
15294,Technical Support
15295,Product Support
15297,Technical Support
15298,Service Outages and Maintenance
15299,Billing and Payments
15300,Customer Service
15301,Customer Service
15303,Technical Support
15306,Technical Support
15308,Service Outages and Maintenance
15309,Customer Service
15310,Customer Service
15311,Technical Support
15313,Technical Support
15315,Customer Service
15316,IT Support
15317,Technical Support
15319,Billing and Payments
15320,Billing and Payments
15321,Billing and Payments
15324,Technical Support
15325,Technical Support
15326,Technical Support
15327,Technical Support
15328,Product Support
15329,Technical Support
15330,Sales and Pre-Sales
15332,IT Support
15333,Product Support
15336,Technical Support
15337,Product Support
15338,Technical Support
15339,IT Support
15341,Customer Service
15343,General Inquiry
15344,Returns and Exchanges
15345,Returns and Exchanges
15346,Customer Service
15347,Product Support
15348,IT Support
15349,Customer Service
15350,Customer Service
15352,Technical Support
15353,Product Support
15354,Billing and Payments
15355,Sales and Pre-Sales
15356,Technical Support
15358,Customer Service
15359,Product Support
15360,Customer Service
15362,Customer Service
15363,Technical Support
15364,Customer Service
15365,IT Support
15366,Technical Support
15367,Billing and Payments
15369,Technical Support
15371,IT Support
15372,Returns and Exchanges
15374,Technical Support
15375,Customer Service
15377,Technical Support
15378,Product Support
15379,Product Support
15380,Billing and Payments
15381,Customer Service
15382,Customer Service
15383,Technical Support
15384,Technical Support
15385,Billing and Payments
15387,Customer Service
15388,IT Support
15389,Technical Support
15390,Technical Support
15391,Sales and Pre-Sales
15393,Customer Service
15394,Sales and Pre-Sales
15396,IT Support
15397,Product Support
15398,Customer Service
15400,Technical Support
15401,IT Support
15402,Technical Support
15406,Human Resources
15407,Technical Support
15408,Technical Support
15409,Technical Support
15410,Product Support
15411,Technical Support
15412,Billing and Payments
15414,Product Support
15415,Product Support
15416,Technical Support
15418,Human Resources
15419,IT Support
15420,Technical Support
15421,Customer Service
15422,Technical Support
15423,General Inquiry
15424,Service Outages and Maintenance
15425,Customer Service
15426,Technical Support
15427,IT Support
15429,Technical Support
15430,Technical Support
15431,Service Outages and Maintenance
15432,Customer Service
15433,Customer Service
15434,Technical Support
15435,Product Support
15437,Technical Support
15439,Returns and Exchanges
15441,Product Support
15442,Customer Service
15443,Technical Support
15444,Technical Support
15445,Product Support
15447,Billing and Payments
15448,Product Support
15449,Customer Service
15450,Product Support
15451,Service Outages and Maintenance
15452,Service Outages and Maintenance
15453,Customer Service
15457,Technical Support
15458,Technical Support
15459,Customer Service
15460,Service Outages and Maintenance
15462,IT Support
15463,Technical Support
15464,Customer Service
15465,Technical Support
15466,Billing and Payments
15467,Technical Support
15468,Technical Support
15469,Technical Support
15470,Product Support
15471,Technical Support
15472,Billing and Payments
15473,Technical Support
15474,Customer Service
15476,Technical Support
15477,Technical Support
15478,Returns and Exchanges
15479,Returns and Exchanges
15480,IT Support
15481,Billing and Payments
15483,IT Support
15485,Customer Service
15486,Billing and Payments
15487,Technical Support
15488,Technical Support
15489,Customer Service
15490,IT Support
15491,Customer Service
15494,Product Support
15495,Customer Service
15496,Customer Service
15497,Billing and Payments
15499,Human Resources
15500,Technical Support
15501,Customer Service
15502,Product Support
15503,Product Support
15505,Technical Support
15507,IT Support
15508,Technical Support
15510,Technical Support
15511,Customer Service
15512,Service Outages and Maintenance
15513,Billing and Payments
15515,Technical Support
15516,Technical Support
15517,General Inquiry
15518,Returns and Exchanges
15520,Sales and Pre-Sales
15521,Customer Service
15522,Human Resources
15524,Product Support
15525,Customer Service
15526,Billing and Payments
15527,Product Support
15528,Service Outages and Maintenance
15529,Customer Service
15530,Product Support
15531,Product Support
15532,Billing and Payments
15533,Billing and Payments
15534,Service Outages and Maintenance
15535,Product Support
15536,Customer Service
15537,Technical Support
15538,Billing and Payments
15539,Technical Support
15540,Customer Service
15541,Technical Support
15542,Product Support
15544,Sales and Pre-Sales
15545,Customer Service
15546,Sales and Pre-Sales
15549,Product Support
15550,Billing and Payments
15551,Customer Service
15553,Technical Support
15554,IT Support
15555,Billing and Payments
15557,Billing and Payments
15558,Technical Support
15559,Sales and Pre-Sales
15562,Customer Service
15563,Product Support
15564,IT Support
15565,General Inquiry
15566,Returns and Exchanges
15567,Customer Service
15569,Returns and Exchanges
15570,Customer Service
15571,Sales and Pre-Sales
15572,Technical Support
15574,Sales and Pre-Sales
15575,Product Support
15576,Billing and Payments
15577,Technical Support
15579,Technical Support
15580,Product Support
15582,IT Support
15584,Billing and Payments
15586,Product Support
15587,Product Support
15588,Customer Service
15589,Technical Support
15590,Technical Support
15591,Customer Service
15592,Technical Support
15593,IT Support
15595,Product Support
15596,Technical Support
15597,Product Support
15598,Customer Service
15599,Billing and Payments
15600,Billing and Payments
15602,Returns and Exchanges
15603,IT Support
15604,Technical Support
15605,IT Support
15606,Product Support
15607,General Inquiry
15609,Customer Service
15611,General Inquiry
15612,Customer Service
15613,Product Support
15615,Service Outages and Maintenance
15616,Technical Support
15617,Technical Support
15618,Product Support
15619,Product Support
15620,Product Support
15621,Product Support
15623,Technical Support
15624,Technical Support
15625,Technical Support
15628,Product Support
15630,IT Support
15631,Product Support
15633,Technical Support
15636,Billing and Payments
15637,Billing and Payments
15638,Technical Support
15640,Technical Support
15641,Service Outages and Maintenance
15642,Billing and Payments
15643,Billing and Payments
15644,Product Support
15645,Technical Support
15646,Sales and Pre-Sales
15647,Technical Support
15648,Product Support
15649,Customer Service
15651,Technical Support
15652,Service Outages and Maintenance
15654,Technical Support
15655,Customer Service
15656,Technical Support
15657,Billing and Payments
15658,Technical Support
15659,Product Support
15660,Customer Service
15661,Technical Support
15662,Service Outages and Maintenance
15663,Sales and Pre-Sales
15666,IT Support
15667,Billing and Payments
15668,Customer Service
15669,Technical Support
15670,Technical Support
15671,Customer Service
15672,Returns and Exchanges
15673,Product Support
15674,Customer Service
15675,Billing and Payments
15676,Returns and Exchanges
15679,Product Support
15680,General Inquiry
15681,Customer Service
15682,Human Resources
15683,Technical Support
15684,General Inquiry
15685,Technical Support
15686,Customer Service
15687,IT Support
15688,IT Support
15689,Technical Support
15693,Returns and Exchanges
15694,Customer Service
15695,Returns and Exchanges
15696,Billing and Payments
15698,Service Outages and Maintenance
15699,Product Support
15700,Billing and Payments
15701,Returns and Exchanges
15702,Technical Support
15703,Product Support
15705,Customer Service
15706,Billing and Payments
15707,Billing and Payments
15709,Product Support
15711,Service Outages and Maintenance
15712,Customer Service
15713,Product Support
15715,Sales and Pre-Sales
15716,Technical Support
15717,Technical Support
15719,IT Support
15720,Technical Support
15721,IT Support
15722,Technical Support
15723,Technical Support
15725,Technical Support
15726,Product Support
15727,Product Support
15730,Technical Support
15732,Product Support
15733,Technical Support
15734,Technical Support
15735,Product Support
15736,Product Support
15737,Human Resources
15738,IT Support
15739,Technical Support
15740,Customer Service
15741,Billing and Payments
15742,IT Support
15743,IT Support
15744,Customer Service
15745,Customer Service
15746,Product Support
15747,Technical Support
15748,Technical Support
15749,Billing and Payments
15750,IT Support
15751,General Inquiry
15755,Technical Support
15756,Product Support
15757,Billing and Payments
15758,Billing and Payments
15759,Technical Support
15760,Technical Support
15761,Technical Support
15762,Product Support
15764,Technical Support
15765,Service Outages and Maintenance
15766,Product Support
15767,Customer Service
15768,Technical Support
15770,Returns and Exchanges
15771,Technical Support
15772,IT Support
15774,IT Support
15775,Technical Support
15776,Product Support
15777,Product Support
15778,IT Support
15779,Billing and Payments
15780,Technical Support
15781,Technical Support
15783,Technical Support
15784,Customer Service
15785,Technical Support
15786,Returns and Exchanges
15787,Technical Support
15788,Billing and Payments
15789,Technical Support
15791,Product Support
15792,Customer Service
15793,Product Support
15794,Product Support
15795,Product Support
15798,Product Support
15799,IT Support
15800,Technical Support
15801,Product Support
15802,General Inquiry
15803,Technical Support
15807,Technical Support
15811,Product Support
15812,Returns and Exchanges
15814,Returns and Exchanges
15815,IT Support
15816,Product Support
15817,Technical Support
15818,Technical Support
15819,Technical Support
15821,Returns and Exchanges
15822,Customer Service
15823,Billing and Payments
15824,Customer Service
15826,Technical Support
15827,Technical Support
15828,Customer Service
15829,Technical Support
15830,Customer Service
15831,Billing and Payments
15833,Sales and Pre-Sales
15834,Customer Service
15835,Product Support
15836,Technical Support
15838,Product Support
15839,Returns and Exchanges
15840,Billing and Payments
15841,Technical Support
15842,Product Support
15844,Returns and Exchanges
15845,Product Support
15846,Customer Service
15847,Customer Service
15848,Customer Service
15849,Technical Support
15850,Customer Service
15851,Product Support
15852,IT Support
15853,IT Support
15854,Service Outages and Maintenance
15855,IT Support
15856,Customer Service
15859,Service Outages and Maintenance
15860,Product Support
15861,IT Support
15862,Product Support
15864,Sales and Pre-Sales
15866,IT Support
15867,Technical Support
15868,Sales and Pre-Sales
15869,Technical Support
15870,Product Support
15871,Technical Support
15872,Technical Support
15873,Product Support
15874,Customer Service
15876,Technical Support
15878,Returns and Exchanges
15879,Technical Support
15881,Product Support
15882,Customer Service
15883,General Inquiry
15884,Product Support
15886,IT Support
15888,Returns and Exchanges
15889,Product Support
15890,Product Support
15893,Service Outages and Maintenance
15894,Technical Support
15896,Technical Support
15897,Customer Service
15898,Customer Service
15900,IT Support
15901,Billing and Payments
15902,Product Support
15904,Customer Service
15905,Billing and Payments
15907,IT Support
15910,Product Support
15911,Product Support
15912,Product Support
15913,Customer Service
15915,Billing and Payments
15916,Billing and Payments
15917,Technical Support
15918,Customer Service
15919,Technical Support
15920,IT Support
15921,Returns and Exchanges
15922,Technical Support
15923,Customer Service
15924,Technical Support
15926,IT Support
15927,Technical Support
15928,Product Support
15929,General Inquiry
15930,Billing and Payments
15932,Customer Service
15933,Customer Service
15934,Product Support
15935,IT Support
15936,Technical Support
15938,Technical Support
15939,Returns and Exchanges
15940,Technical Support
15941,IT Support
15942,IT Support
15943,Customer Service
15944,Billing and Payments
15945,Returns and Exchanges
15946,IT Support
15947,Technical Support
15948,Product Support
15949,Product Support
15950,Customer Service
15951,Product Support
15952,Returns and Exchanges
15954,Technical Support
15955,Service Outages and Maintenance
15956,Technical Support
15958,Technical Support
15959,Technical Support
15961,Sales and Pre-Sales
15962,Customer Service
15963,Technical Support
15964,General Inquiry
15965,Technical Support
15967,Customer Service
15969,Customer Service
15970,Product Support
15972,Sales and Pre-Sales
15973,Sales and Pre-Sales
15974,Sales and Pre-Sales
15975,Billing and Payments
15976,Billing and Payments
15978,IT Support
15979,Returns and Exchanges
15980,Customer Service
15981,General Inquiry
15982,Technical Support
15983,Product Support
15984,Product Support
15985,Technical Support
15986,Technical Support
15988,Human Resources
15989,IT Support
15990,Product Support
15991,Billing and Payments
15992,Product Support
15993,Customer Service
15994,Technical Support
15995,Human Resources
15996,Product Support
15998,Billing and Payments
15999,Billing and Payments
16001,Service Outages and Maintenance
16002,Customer Service
16003,Product Support
16004,Product Support
16007,Customer Service
16008,IT Support
16009,Technical Support
16010,Product Support
16011,Product Support
16013,Product Support
16014,Product Support
16015,Technical Support
16016,Returns and Exchanges
16017,IT Support
16018,Product Support
16019,Technical Support
16020,Service Outages and Maintenance
16021,Customer Service
16022,Technical Support
16023,IT Support
16024,Technical Support
16025,IT Support
16026,IT Support
16027,Product Support
16028,Product Support
16029,Customer Service
16030,Service Outages and Maintenance
16031,Technical Support
16032,Returns and Exchanges
16033,IT Support
16035,Technical Support
16037,Customer Service
16038,Customer Service
16039,Technical Support
16040,Technical Support
16041,Product Support
16042,Technical Support
16043,Product Support
16044,Service Outages and Maintenance
16046,Billing and Payments
16047,Technical Support
16048,Technical Support
16049,Product Support
16050,Technical Support
16051,Customer Service
16052,Customer Service
16054,General Inquiry
16055,Customer Service
16056,Technical Support
16058,Technical Support
16059,Billing and Payments
16060,Returns and Exchanges
16063,Product Support
16065,Returns and Exchanges
16066,IT Support
16067,Human Resources
16068,Customer Service
16069,Sales and Pre-Sales
16070,Billing and Payments
16071,Customer Service
16072,IT Support
16073,Returns and Exchanges
16074,Technical Support
16075,Customer Service
16076,Product Support
16077,Technical Support
16080,Technical Support
16081,Customer Service
16084,Billing and Payments
16085,IT Support
16086,Technical Support
16087,IT Support
16088,Product Support
16089,Customer Service
16091,Technical Support
16092,Product Support
16093,Technical Support
16094,Returns and Exchanges
16096,Technical Support
16097,Product Support
16099,IT Support
16101,Service Outages and Maintenance
16102,Returns and Exchanges
16103,Product Support
16105,Product Support
16108,Returns and Exchanges
16109,Product Support
16111,Human Resources
16112,Product Support
16113,Customer Service
16114,Returns and Exchanges
16115,Technical Support
16116,Product Support
16117,Billing and Payments
16118,Billing and Payments
16119,IT Support
16120,Product Support
16121,Product Support
16122,Product Support
16123,Technical Support
16124,Product Support
16125,Customer Service
16126,Billing and Payments
16128,Technical Support
16129,Technical Support
16131,Billing and Payments
16132,Product Support
16133,Service Outages and Maintenance
16134,Product Support
16135,Sales and Pre-Sales
16136,Service Outages and Maintenance
16137,Technical Support
16138,Technical Support
16139,Technical Support
16140,Technical Support
16143,Customer Service
16145,Technical Support
16146,Product Support
16147,IT Support
16149,Customer Service
16150,Product Support
16151,Product Support
16152,Billing and Payments
16153,Billing and Payments
16154,Product Support
16155,IT Support
16157,Billing and Payments
16158,Product Support
16161,Product Support
16162,Sales and Pre-Sales
16165,Technical Support
16166,Billing and Payments
16167,Technical Support
16168,Technical Support
16169,Returns and Exchanges
16170,IT Support
16171,Returns and Exchanges
16172,Customer Service
16175,Technical Support
16176,Technical Support
16178,Technical Support
16180,Customer Service
16182,Customer Service
16183,Technical Support
16184,Product Support
16185,Technical Support
16186,Technical Support
16187,Technical Support
16189,Billing and Payments
16190,Technical Support
16191,Billing and Payments
16192,Product Support
16197,Customer Service
16198,Customer Service
16199,Technical Support
16200,Technical Support
16201,IT Support
16202,Technical Support
16203,Technical Support
16204,Returns and Exchanges
16205,Product Support
16206,IT Support
16208,Returns and Exchanges
16210,Customer Service
16211,IT Support
16212,Service Outages and Maintenance
16213,Technical Support
16214,IT Support
16215,Customer Service
16218,Technical Support
16220,Customer Service
16221,Technical Support
16223,Technical Support
16224,Technical Support
16226,Technical Support
16227,Billing and Payments
16228,Product Support
16229,Customer Service
16230,IT Support
16231,Returns and Exchanges
16233,Technical Support
16236,Billing and Payments
16237,Returns and Exchanges
16238,Customer Service
16240,Billing and Payments
16241,IT Support
16242,Billing and Payments
16246,Technical Support
16247,Product Support
16248,Technical Support
16249,Human Resources
16251,Billing and Payments
16252,Technical Support
16253,Customer Service
16254,Technical Support
16256,Returns and Exchanges
16257,Product Support
16258,Returns and Exchanges
16259,IT Support
16261,Technical Support
16262,Billing and Payments
16263,Service Outages and Maintenance
16264,IT Support
16265,Technical Support
16266,Technical Support
16268,Technical Support
16269,Product Support
16271,Technical Support
16272,Customer Service
16273,Billing and Payments
16274,Product Support
16275,Product Support
16277,Billing and Payments
16278,Customer Service
16281,IT Support
16282,Technical Support
16283,Product Support
16284,Service Outages and Maintenance
16285,Returns and Exchanges
16286,Billing and Payments
16288,Customer Service
16289,Customer Service
16290,Technical Support
16291,Customer Service
16292,Customer Service
16294,Service Outages and Maintenance
16295,Product Support
16297,Customer Service
16298,Returns and Exchanges
16299,Customer Service
16300,Service Outages and Maintenance
16301,Customer Service
16302,General Inquiry
16303,Technical Support
16304,Human Resources
16305,Technical Support
16306,Billing and Payments
16307,Billing and Payments
16310,Billing and Payments
16311,Billing and Payments
16312,Product Support
16313,Technical Support
16314,Technical Support
16317,Product Support
16318,Customer Service
16319,Returns and Exchanges
16320,Technical Support
16321,Billing and Payments
16322,Technical Support
16325,Customer Service
16326,Customer Service
16327,Returns and Exchanges
16328,Customer Service
16329,Product Support
16330,Human Resources
16332,IT Support
16333,Human Resources
16334,Billing and Payments
16335,Product Support
16336,Technical Support
16337,IT Support
16338,Technical Support
16340,Customer Service
16341,Customer Service
16342,Technical Support
16343,IT Support
16344,Technical Support
16345,Technical Support
16346,Technical Support
16347,Technical Support
16348,Technical Support
16350,Product Support
16351,Technical Support
16354,IT Support
16355,Billing and Payments
16356,Technical Support
16357,Technical Support
16359,Product Support
16360,Service Outages and Maintenance
16361,Billing and Payments
16363,Technical Support
16364,Customer Service
16366,IT Support
16367,Technical Support
16370,IT Support
16371,Billing and Payments
16372,Customer Service
16373,IT Support
16374,Product Support
16375,IT Support
16376,Technical Support
16377,Customer Service
16378,Billing and Payments
16380,Human Resources
16381,Technical Support
16383,Technical Support
16384,Technical Support
16385,Product Support
16386,IT Support
16387,Technical Support
16388,Returns and Exchanges
16390,Technical Support
16391,IT Support
16393,Product Support
16394,Billing and Payments
16396,Technical Support
16398,Technical Support
16401,Service Outages and Maintenance
16402,Billing and Payments
16404,Technical Support
16406,Returns and Exchanges
16408,Returns and Exchanges
16409,Billing and Payments
16410,Technical Support
16411,Returns and Exchanges
16413,Product Support
16414,Billing and Payments
16415,General Inquiry
16416,Technical Support
16417,Product Support
16418,Technical Support
16419,Technical Support
16420,Customer Service
16422,Technical Support
16423,Product Support
16424,Customer Service
16427,Product Support
16428,Technical Support
16429,Sales and Pre-Sales
16430,IT Support
16431,Technical Support
16432,Returns and Exchanges
16433,Customer Service
16434,Technical Support
16435,Customer Service
16436,Customer Service
16437,Technical Support
16438,Billing and Payments
16439,Technical Support
16440,Customer Service
16441,Technical Support
16442,Technical Support
16443,Technical Support
16444,Technical Support
16445,Product Support
16446,Technical Support
16447,General Inquiry
16448,Product Support
16449,Sales and Pre-Sales
16451,Sales and Pre-Sales
16453,IT Support
16454,Customer Service
16455,Returns and Exchanges
16456,IT Support
16457,Technical Support
16458,Billing and Payments
16459,Product Support
16460,Product Support
16461,Customer Service
16462,Billing and Payments
16463,Technical Support
16464,Sales and Pre-Sales
16465,IT Support
16466,Product Support
16470,Product Support
16472,Product Support
16473,Human Resources
16474,Technical Support
16475,Billing and Payments
16476,Human Resources
16477,IT Support
16479,General Inquiry
16480,Customer Service
16481,Product Support
16483,Technical Support
16484,Product Support
16485,Billing and Payments
16486,Customer Service
16487,Billing and Payments
16488,Billing and Payments
16489,Customer Service
16491,Product Support
16492,Human Resources
16493,Returns and Exchanges
16494,IT Support
16495,Product Support
16496,Billing and Payments
16497,Technical Support
16498,Customer Service
16499,Technical Support
16500,Customer Service
16501,Technical Support
16502,Product Support
16503,Customer Service
16504,IT Support
16505,Customer Service
16506,Product Support
16507,Customer Service
16508,Product Support
16510,Technical Support
16511,Service Outages and Maintenance
16512,IT Support
16513,Customer Service
16514,Billing and Payments
16515,Billing and Payments
16516,Billing and Payments
16517,Product Support
16518,Customer Service
16519,Billing and Payments
16521,Technical Support
16523,Technical Support
16524,IT Support
16525,Customer Service
16527,Product Support
16528,IT Support
16529,Technical Support
16530,Customer Service
16532,Technical Support
16533,Product Support
16534,IT Support
16535,Billing and Payments
16537,Customer Service
16540,Technical Support
16541,Product Support
16542,Technical Support
16543,Billing and Payments
16544,Sales and Pre-Sales
16545,Human Resources
16546,Billing and Payments
16547,Customer Service
16548,Billing and Payments
16550,Billing and Payments
16552,IT Support
16554,IT Support
16555,Customer Service
16556,Technical Support
16557,Returns and Exchanges
16558,Product Support
16559,IT Support
16560,Product Support
16562,IT Support
16563,Customer Service
16564,Technical Support
16566,Technical Support
16567,IT Support
16568,Technical Support
16569,Billing and Payments
16570,Service Outages and Maintenance
16572,Technical Support
16573,Service Outages and Maintenance
16574,IT Support
16575,IT Support
16576,Technical Support
16579,Billing and Payments
16581,Product Support
16582,Product Support
16583,IT Support
16584,Technical Support
16585,Billing and Payments
16586,Technical Support
16587,Technical Support
16590,Customer Service
16591,Product Support
16592,Sales and Pre-Sales
16593,IT Support
16594,Customer Service
16595,Technical Support
16596,Customer Service
16597,Technical Support
16598,Service Outages and Maintenance
16599,IT Support
16600,Technical Support
16601,Technical Support
16602,Technical Support
16604,Customer Service
16605,Product Support
16606,IT Support
16607,General Inquiry
16609,Billing and Payments
16610,Product Support
16612,Technical Support
16613,Billing and Payments
16615,Customer Service
16616,Technical Support
16617,Human Resources
16618,Customer Service
16619,Technical Support
16620,Service Outages and Maintenance
16621,Technical Support
16622,Returns and Exchanges
16623,Billing and Payments
16625,Product Support
16627,Customer Service
16628,Returns and Exchanges
16629,IT Support
16630,Product Support
16631,Technical Support
16632,Customer Service
16633,Service Outages and Maintenance
16634,Product Support
16635,Returns and Exchanges
16636,Human Resources
16637,Product Support
16638,IT Support
16639,Customer Service
16640,Technical Support
16641,Product Support
16642,Product Support
16643,Billing and Payments
16645,Product Support
16646,Product Support
16647,Technical Support
16648,IT Support
16649,Technical Support
16650,Technical Support
16651,IT Support
16653,Technical Support
16656,Returns and Exchanges
16659,Technical Support
16660,Customer Service
16662,Technical Support
16663,Billing and Payments
16665,Customer Service
16666,Technical Support
16667,Customer Service
16669,General Inquiry
16671,Technical Support
16672,Customer Service
16673,Product Support
16674,Product Support
16675,Product Support
16676,IT Support
16677,Customer Service
16679,Billing and Payments
16680,Customer Service
16681,Product Support
16682,Product Support
16683,Customer Service
16684,Technical Support
16685,Technical Support
16686,Billing and Payments
16687,Customer Service
16688,IT Support
16689,Customer Service
16690,Customer Service
16691,Technical Support
16693,Customer Service
16694,Technical Support
16695,Billing and Payments
16696,Technical Support
16697,IT Support
16698,Technical Support
16699,Billing and Payments
16700,IT Support
16702,Billing and Payments
16703,Product Support
16704,Technical Support
16705,Sales and Pre-Sales
16708,Technical Support
16709,Service Outages and Maintenance
16710,Customer Service
16711,Technical Support
16713,Human Resources
16714,Technical Support
16716,Returns and Exchanges
16717,Technical Support
16719,Billing and Payments
16720,Billing and Payments
16722,Customer Service
16723,Billing and Payments
16724,Technical Support
16725,IT Support
16726,Product Support
16727,Product Support
16728,Billing and Payments
16731,Technical Support
16732,Technical Support
16733,Technical Support
16734,IT Support
16735,Customer Service
16738,Technical Support
16739,IT Support
16741,Customer Service
16742,Customer Service
16745,Technical Support
16747,Customer Service
16748,IT Support
16749,Returns and Exchanges
16750,Customer Service
16752,IT Support
16753,Technical Support
16754,Product Support
16756,Customer Service
16757,IT Support
16758,Technical Support
16759,Billing and Payments
16761,Customer Service
16763,Service Outages and Maintenance
16764,Product Support
16765,Customer Service
16767,Technical Support
16768,Product Support
16769,Customer Service
16770,Technical Support
16772,Technical Support
16773,Product Support
16774,Billing and Payments
16775,Product Support
16776,Technical Support
16777,Technical Support
16779,Technical Support
16781,Customer Service
16783,Billing and Payments
16784,Technical Support
16786,Customer Service
16787,Product Support
16788,Technical Support
16789,Product Support
16791,Technical Support
16792,Technical Support
16793,Customer Service
16794,Technical Support
16795,Technical Support
16796,Product Support
16798,Returns and Exchanges
16800,Billing and Payments
16801,Technical Support
16803,Product Support
16804,IT Support
16805,IT Support
16806,Technical Support
16808,Technical Support
16810,Customer Service
16812,Technical Support
16813,Service Outages and Maintenance
16814,Human Resources
16815,IT Support
16816,Technical Support
16817,Customer Service
16818,Service Outages and Maintenance
16820,Product Support
16822,IT Support
16823,Billing and Payments
16824,Product Support
16825,Technical Support
16828,Customer Service
16830,Customer Service
16831,Customer Service
16833,Returns and Exchanges
16834,IT Support
16835,Technical Support
16836,Customer Service
16837,Technical Support
16838,Technical Support
16839,Technical Support
16840,Product Support
16844,Returns and Exchanges
16845,Technical Support
16846,Technical Support
16847,Technical Support
16848,Billing and Payments
16849,Customer Service
16850,Technical Support
16851,IT Support
16852,Billing and Payments
16854,Product Support
16855,Customer Service
16856,Customer Service
16857,Technical Support
16858,Returns and Exchanges
16859,IT Support
16860,Billing and Payments
16862,Technical Support
16863,Returns and Exchanges
16865,Service Outages and Maintenance
16866,Sales and Pre-Sales
16867,Product Support
16868,Technical Support
16869,Customer Service
16870,Product Support
16871,Technical Support
16872,Sales and Pre-Sales
16875,Customer Service
16876,Technical Support
16877,Customer Service
16878,IT Support
16880,IT Support
16882,Customer Service
16883,Customer Service
16884,Billing and Payments
16885,IT Support
16888,Customer Service
16889,Technical Support
16891,Customer Service
16892,Technical Support
16893,Technical Support
16894,IT Support
16895,Billing and Payments
16896,Customer Service
16897,General Inquiry
16898,Technical Support
16901,Technical Support
16902,Billing and Payments
16903,Billing and Payments
16904,Product Support
16905,Technical Support
16906,Product Support
16907,Returns and Exchanges
16908,IT Support
16909,Product Support
16910,Technical Support
16912,Customer Service
16914,Technical Support
16916,Service Outages and Maintenance
16917,Product Support
16918,Customer Service
16919,Sales and Pre-Sales
16920,Technical Support
16922,Customer Service
16923,IT Support
16924,Customer Service
16925,Technical Support
16926,Technical Support
16928,Product Support
16930,Service Outages and Maintenance
16931,Product Support
16933,Technical Support
16934,Billing and Payments
16935,Customer Service
16937,Product Support
16938,Sales and Pre-Sales
16939,Customer Service
16941,Product Support
16942,Service Outages and Maintenance
16943,IT Support
16944,Customer Service
16945,Human Resources
16947,Technical Support
16948,Technical Support
16949,Product Support
16950,Customer Service
16951,Product Support
16952,Customer Service
16953,Human Resources
16954,Service Outages and Maintenance
16955,Returns and Exchanges
16956,Product Support
16957,Product Support
16959,Service Outages and Maintenance
16960,Product Support
16961,Technical Support
16962,Customer Service
16963,Technical Support
16964,IT Support
16966,Service Outages and Maintenance
16967,Returns and Exchanges
16968,Customer Service
16969,IT Support
16970,Billing and Payments
16971,Customer Service
16972,Technical Support
16973,IT Support
16974,Billing and Payments
16975,Product Support
16976,Billing and Payments
16977,Technical Support
16979,IT Support
16980,Technical Support
16981,Product Support
16982,Technical Support
16983,Technical Support
16986,Technical Support
16987,Service Outages and Maintenance
16988,Customer Service
16989,Product Support
16990,Billing and Payments
16991,Sales and Pre-Sales
16992,Product Support
16993,Product Support
16994,IT Support
16995,Customer Service
16996,IT Support
16997,Technical Support
16998,Returns and Exchanges
16999,Product Support
17000,Product Support
17001,Product Support
17003,Technical Support
17004,IT Support
17005,Returns and Exchanges
17006,Technical Support
17008,Customer Service
17009,Product Support
17012,Customer Service
17013,Human Resources
17015,IT Support
17016,Technical Support
17017,IT Support
17018,Returns and Exchanges
17020,Product Support
17021,Returns and Exchanges
17022,Sales and Pre-Sales
17023,Billing and Payments
17024,Product Support
17025,Technical Support
17026,Customer Service
17027,Customer Service
17028,Product Support
17029,Billing and Payments
17030,Billing and Payments
17031,Technical Support
17032,Service Outages and Maintenance
17033,Technical Support
17034,Service Outages and Maintenance
17035,Product Support
17036,Customer Service
17037,Human Resources
17038,Technical Support
17040,Technical Support
17041,Technical Support
17043,Technical Support
17044,Customer Service
17045,Product Support
17046,Technical Support
17047,IT Support
17048,Technical Support
17049,Product Support
17050,Customer Service
17051,Technical Support
17052,Customer Service
17053,Product Support
17054,Customer Service
17055,Billing and Payments
17056,Customer Service
17058,Product Support
17059,Customer Service
17061,Product Support
17062,IT Support
17063,Returns and Exchanges
17064,IT Support
17065,Billing and Payments
17066,Billing and Payments
17067,Customer Service
17068,Billing and Payments
17070,Product Support
17072,Technical Support
17073,Product Support
17074,Customer Service
17076,Sales and Pre-Sales
17077,Customer Service
17078,Customer Service
17079,Returns and Exchanges
17080,Customer Service
17081,Product Support
17082,Technical Support
17084,Customer Service
17085,IT Support
17086,General Inquiry
17087,Returns and Exchanges
17088,Returns and Exchanges
17089,Returns and Exchanges
17090,Technical Support
17091,Customer Service
17092,Billing and Payments
17095,Customer Service
17096,Product Support
17097,Product Support
17098,Customer Service
17100,Product Support
17101,Technical Support
17103,Billing and Payments
17104,Product Support
17105,Product Support
17106,Product Support
17107,Customer Service
17108,Product Support
17109,Billing and Payments
17110,Technical Support
17111,Product Support
17112,Product Support
17113,IT Support
17114,Technical Support
17115,Human Resources
17116,Returns and Exchanges
17117,Billing and Payments
17119,Technical Support
17120,General Inquiry
17123,Technical Support
17124,Technical Support
17125,IT Support
17126,Customer Service
17127,Billing and Payments
17128,Billing and Payments
17130,IT Support
17131,Technical Support
17132,Billing and Payments
17133,Sales and Pre-Sales
17134,Human Resources
17135,Product Support
17136,IT Support
17138,Returns and Exchanges
17139,Human Resources
17143,Customer Service
17144,IT Support
17145,Customer Service
17146,Customer Service
17148,Technical Support
17149,Product Support
17150,Customer Service
17151,Technical Support
17152,Returns and Exchanges
17153,Customer Service
17154,Technical Support
17155,Technical Support
17158,Customer Service
17159,IT Support
17160,Product Support
17161,Product Support
17162,Billing and Payments
17164,Billing and Payments
17167,Sales and Pre-Sales
17168,Technical Support
17169,Product Support
17170,Technical Support
17171,Customer Service
17172,Customer Service
17173,IT Support
17174,Technical Support
17175,Customer Service
17176,Product Support
17178,Technical Support
17179,Technical Support
17180,Customer Service
17181,Customer Service
17182,Product Support
17183,Returns and Exchanges
17184,Customer Service
17185,Technical Support
17186,Service Outages and Maintenance
17187,Technical Support
17188,Product Support
17189,Technical Support
17190,Sales and Pre-Sales
17192,Product Support
17193,Service Outages and Maintenance
17194,IT Support
17195,Technical Support
17196,Customer Service
17197,Product Support
17198,Product Support
17199,Technical Support
17200,Product Support
17201,Human Resources
17202,General Inquiry
17203,Customer Service
17205,Sales and Pre-Sales
17206,Technical Support
17207,Technical Support
17208,IT Support
17211,Technical Support
17213,Technical Support
17215,Human Resources
17216,Customer Service
17217,Billing and Payments
17219,Product Support
17220,Product Support
17221,Customer Service
17222,Technical Support
17223,Returns and Exchanges
17225,Technical Support
17226,Sales and Pre-Sales
17227,Technical Support
17228,Technical Support
17229,Product Support
17230,Technical Support
17231,IT Support
17232,Technical Support
17233,Sales and Pre-Sales
17234,Sales and Pre-Sales
17235,Product Support
17236,Product Support
17239,Technical Support
17240,Technical Support
17241,Product Support
17242,Customer Service
17243,Technical Support
17245,Service Outages and Maintenance
17246,IT Support
17247,Product Support
17248,Technical Support
17249,Technical Support
17250,Billing and Payments
17251,IT Support
17252,Sales and Pre-Sales
17253,IT Support
17254,Billing and Payments
17255,Technical Support
17256,Service Outages and Maintenance
17257,Billing and Payments
17259,Technical Support
17260,Product Support
17261,Customer Service
17262,Billing and Payments
17263,Product Support
17264,Sales and Pre-Sales
17267,Billing and Payments
17268,Customer Service
17269,Customer Service
17270,Technical Support
17271,IT Support
17272,IT Support
17273,Customer Service
17274,Product Support
17275,IT Support
17276,Product Support
17277,Billing and Payments
17278,Product Support
17279,Technical Support
17280,Returns and Exchanges
17282,Technical Support
17283,Customer Service
17284,Technical Support
17285,Customer Service
17286,IT Support
17289,Customer Service
17290,Customer Service
17291,Technical Support
17292,Product Support
17294,Returns and Exchanges
17295,Technical Support
17296,IT Support
17297,Customer Service
17298,Billing and Payments
17300,Customer Service
17301,Product Support
17302,Customer Service
17304,Billing and Payments
17305,Product Support
17306,Technical Support
17307,IT Support
17308,Sales and Pre-Sales
17309,Product Support
17312,Product Support
17313,IT Support
17314,Technical Support
17317,Product Support
17318,Billing and Payments
17319,Product Support
17320,Customer Service
17321,Technical Support
17322,Technical Support
17323,Product Support
17324,IT Support
17325,Product Support
17326,Product Support
17327,Returns and Exchanges
17329,Technical Support
17330,Technical Support
17331,IT Support
17334,Technical Support
17335,Technical Support
17337,Billing and Payments
17338,IT Support
17339,Billing and Payments
17340,Customer Service
17342,Billing and Payments
17343,IT Support
17344,Product Support
17345,Product Support
17346,Technical Support
17347,Technical Support
17348,Customer Service
17349,Customer Service
17350,IT Support
17351,Technical Support
17352,Technical Support
17353,Technical Support
17355,Product Support
17356,Technical Support
17357,Billing and Payments
17358,Technical Support
17360,Customer Service
17361,Technical Support
17362,Billing and Payments
17363,Customer Service
17365,General Inquiry
17366,Technical Support
17367,IT Support
17368,Customer Service
17369,Customer Service
17370,Technical Support
17371,Technical Support
17372,Technical Support
17373,Technical Support
17374,IT Support
17375,Service Outages and Maintenance
17376,Customer Service
17377,Billing and Payments
17378,Service Outages and Maintenance
17379,Product Support
17380,Technical Support
17381,Service Outages and Maintenance
17382,Sales and Pre-Sales
17383,Technical Support
17384,Returns and Exchanges
17385,Customer Service
17386,Product Support
17387,Technical Support
17388,Billing and Payments
17389,Technical Support
17390,Customer Service
17391,Product Support
17392,Product Support
17393,Product Support
17394,Technical Support
17395,Technical Support
17396,Billing and Payments
17397,Customer Service
17398,Technical Support
17399,IT Support
17400,Product Support
17401,Customer Service
17402,Customer Service
17403,Technical Support
17404,Service Outages and Maintenance
17405,Customer Service
17406,IT Support
17407,Technical Support
17408,Technical Support
17409,IT Support
17410,IT Support
17411,Customer Service
17412,Technical Support
17414,Customer Service
17415,Sales and Pre-Sales
17416,Customer Service
17418,IT Support
17419,Customer Service
17420,Product Support
17422,Billing and Payments
17423,Product Support
17424,Technical Support
17425,Product Support
17426,Product Support
17428,Billing and Payments
17429,Product Support
17431,Technical Support
17433,General Inquiry
17434,Technical Support
17435,Product Support
17436,IT Support
17437,IT Support
17438,Billing and Payments
17439,Technical Support
17440,Technical Support
17442,Billing and Payments
17443,Service Outages and Maintenance
17444,Billing and Payments
17446,General Inquiry
17447,Billing and Payments
17448,Product Support
17449,Customer Service
17450,Returns and Exchanges
17451,Customer Service
17452,Customer Service
17453,IT Support
17454,IT Support
17455,IT Support
17456,Returns and Exchanges
17457,Technical Support
17458,Customer Service
17460,IT Support
17461,IT Support
17462,Service Outages and Maintenance
17464,Billing and Payments
17471,Technical Support
17472,Billing and Payments
17473,Product Support
17475,Technical Support
17476,Product Support
17477,Product Support
17479,Technical Support
17483,Technical Support
17484,Technical Support
17485,Technical Support
17486,Service Outages and Maintenance
17487,Product Support
17489,IT Support
17490,Technical Support
17491,Technical Support
17492,Technical Support
17493,Billing and Payments
17494,Customer Service
17496,Product Support
17497,Product Support
17498,Technical Support
17499,Billing and Payments
17500,General Inquiry
17501,Service Outages and Maintenance
17502,Technical Support
17504,Technical Support
17505,Technical Support
17507,Billing and Payments
17508,Technical Support
17509,IT Support
17510,Product Support
17511,Product Support
17512,Customer Service
17513,Customer Service
17514,Returns and Exchanges
17515,Technical Support
17516,Technical Support
17517,IT Support
17518,Customer Service
17520,Product Support
17521,Technical Support
17522,Service Outages and Maintenance
17523,IT Support
17524,IT Support
17525,IT Support
17526,IT Support
17528,Customer Service
17529,Returns and Exchanges
17530,Returns and Exchanges
17531,Returns and Exchanges
17532,Technical Support
17534,Technical Support
17535,Sales and Pre-Sales
17536,IT Support
17537,Human Resources
17538,Technical Support
17539,Customer Service
17540,IT Support
17541,Billing and Payments
17542,Human Resources
17543,Technical Support
17544,Technical Support
17545,Human Resources
17546,Technical Support
17547,Sales and Pre-Sales
17548,IT Support
17549,Customer Service
17550,Product Support
17552,IT Support
17553,Service Outages and Maintenance
17554,Human Resources
17555,Technical Support
17556,Technical Support
17557,Returns and Exchanges
17558,Product Support
17559,Billing and Payments
17561,Product Support
17562,Product Support
17563,Product Support
17564,Technical Support
17565,IT Support
17566,Customer Service
17567,Customer Service
17569,IT Support
17571,Billing and Payments
17572,Billing and Payments
17573,Product Support
17574,Customer Service
17575,IT Support
17577,IT Support
17579,Customer Service
17580,Technical Support
17581,Service Outages and Maintenance
17582,Customer Service
17583,Service Outages and Maintenance
17584,Customer Service
17585,Sales and Pre-Sales
17586,Technical Support
17587,Technical Support
17588,Technical Support
17589,Technical Support
17590,IT Support
17591,IT Support
17592,Customer Service
17594,Billing and Payments
17596,Product Support
17598,Customer Service
17599,Billing and Payments
17600,Customer Service
17601,Billing and Payments
17602,IT Support
17603,Technical Support
17604,Billing and Payments
17606,Returns and Exchanges
17607,Customer Service
17609,Technical Support
17610,Customer Service
17611,Sales and Pre-Sales
17612,Technical Support
17613,Service Outages and Maintenance
17614,Product Support
17617,IT Support
17618,IT Support
17620,IT Support
17621,Customer Service
17622,Customer Service
17623,Technical Support
17625,Technical Support
17626,IT Support
17627,IT Support
17628,Product Support
17629,General Inquiry
17631,Technical Support
17632,Customer Service
17633,Technical Support
17634,Returns and Exchanges
17635,Product Support
17636,IT Support
17637,Technical Support
17638,Technical Support
17639,Product Support
17640,Technical Support
17641,General Inquiry
17642,Returns and Exchanges
17643,Product Support
17644,Product Support
17645,Technical Support
17647,Service Outages and Maintenance
17648,Product Support
17649,Customer Service
17650,Technical Support
17651,IT Support
17652,Technical Support
17653,Technical Support
17654,Billing and Payments
17655,Technical Support
17656,Billing and Payments
17657,Product Support
17660,IT Support
17663,Customer Service
17664,Technical Support
17667,Product Support
17668,Technical Support
17669,Customer Service
17670,Product Support
17671,Technical Support
17673,Product Support
17675,IT Support
17676,IT Support
17677,General Inquiry
17678,Customer Service
17680,Product Support
17681,Billing and Payments
17682,Technical Support
17684,Customer Service
17685,Service Outages and Maintenance
17686,IT Support
17687,Product Support
17688,Customer Service
17689,Technical Support
17690,IT Support
17691,Product Support
17692,Returns and Exchanges
17693,Sales and Pre-Sales
17694,Returns and Exchanges
17695,Product Support
17696,Billing and Payments
17697,Customer Service
17699,IT Support
17702,Customer Service
17703,Technical Support
17704,Customer Service
17705,Service Outages and Maintenance
17706,Service Outages and Maintenance
17707,Billing and Payments
17708,Technical Support
17709,Technical Support
17710,Customer Service
17711,Technical Support
17712,Billing and Payments
17713,Customer Service
17714,Product Support
17715,Customer Service
17716,Customer Service
17717,Product Support
17718,Product Support
17719,Product Support
17720,Product Support
17721,IT Support
17723,Customer Service
17724,IT Support
17726,Billing and Payments
17727,Customer Service
17728,Technical Support
17729,IT Support
17730,Customer Service
17732,Customer Service
17734,Technical Support
17735,Technical Support
17736,Customer Service
17738,Customer Service
17739,Product Support
17740,Product Support
17741,IT Support
17742,Technical Support
17743,Technical Support
17745,Product Support
17746,Technical Support
17747,Technical Support
17748,Technical Support
17749,Sales and Pre-Sales
17750,Billing and Payments
17753,Service Outages and Maintenance
17754,IT Support
17757,IT Support
17759,Product Support
17760,Technical Support
17761,Technical Support
17763,Technical Support
17764,Technical Support
17765,Product Support
17766,Human Resources
17768,Product Support
17769,General Inquiry
17770,Product Support
17771,Product Support
17772,Customer Service
17775,Product Support
17776,Technical Support
17777,Product Support
17778,Technical Support
17779,Technical Support
17780,Technical Support
17781,Technical Support
17782,Product Support
17783,Customer Service
17784,Technical Support
17785,Service Outages and Maintenance
17786,Technical Support
17789,Technical Support
17791,Product Support
17792,Product Support
17793,Billing and Payments
17794,Customer Service
17795,Technical Support
17797,Customer Service
17798,Technical Support
17799,Product Support
17800,IT Support
17801,Billing and Payments
17802,Billing and Payments
17804,Technical Support
17805,Technical Support
17806,Technical Support
17807,Product Support
17808,Technical Support
17809,Technical Support
17810,Returns and Exchanges
17813,Technical Support
17815,Product Support
17816,Technical Support
17817,Technical Support
17818,Technical Support
17819,IT Support
17820,Customer Service
17821,Returns and Exchanges
17822,Technical Support
17823,Product Support
17824,Customer Service
17825,Technical Support
17826,Product Support
17828,Product Support
17831,Customer Service
17832,Technical Support
17833,Technical Support
17834,Billing and Payments
17835,IT Support
17836,Technical Support
17837,Billing and Payments
17838,IT Support
17839,IT Support
17840,IT Support
17842,Customer Service
17843,Technical Support
17844,Technical Support
17845,Product Support
17846,Technical Support
17849,Technical Support
17850,Returns and Exchanges
17851,Customer Service
17853,Technical Support
17854,Product Support
17855,Customer Service
17857,Customer Service
17861,Product Support
17864,Product Support
17867,Product Support
17868,Technical Support
17870,IT Support
17872,Technical Support
17873,Customer Service
17874,Technical Support
17875,IT Support
17877,Technical Support
17878,Technical Support
17879,Human Resources
17881,Customer Service
17882,Product Support
17883,Technical Support
17884,Technical Support
17885,Technical Support
17886,Billing and Payments
17887,IT Support
17888,Customer Service
17889,Technical Support
17891,Technical Support
17892,Technical Support
17893,Customer Service
17894,Billing and Payments
17895,Technical Support
17896,Billing and Payments
17897,Technical Support
17898,Customer Service
17899,Billing and Payments
17901,IT Support
17902,Product Support
17903,Technical Support
17904,Customer Service
17905,Product Support
17906,Product Support
17907,Customer Service
17909,Technical Support
17910,Billing and Payments
17911,Returns and Exchanges
17912,Technical Support
17913,Product Support
17916,Billing and Payments
17917,Customer Service
17920,General Inquiry
17921,Technical Support
17922,Product Support
17924,Technical Support
17925,Technical Support
17927,Returns and Exchanges
17928,Service Outages and Maintenance
17929,IT Support
17930,Technical Support
17932,Technical Support
17933,IT Support
17934,Customer Service
17935,Product Support
17936,Product Support
17937,Sales and Pre-Sales
17938,Returns and Exchanges
17939,Product Support
17940,IT Support
17941,Technical Support
17942,Service Outages and Maintenance
17943,Product Support
17944,Service Outages and Maintenance
17945,Product Support
17946,Technical Support
17947,Billing and Payments
17948,Customer Service
17950,Product Support
17952,Customer Service
17953,Customer Service
17954,Billing and Payments
17955,Product Support
17956,IT Support
17957,Technical Support
17958,IT Support
17959,IT Support
17960,Billing and Payments
17961,Technical Support
17962,Returns and Exchanges
17963,Billing and Payments
17965,Technical Support
17966,Technical Support
17967,IT Support
17968,Product Support
17969,Product Support
17970,Technical Support
17971,Product Support
17972,Technical Support
17973,Human Resources
17977,IT Support
17978,Technical Support
17980,Technical Support
17982,Product Support
17983,IT Support
17984,IT Support
17985,Customer Service
17986,Customer Service
17987,General Inquiry
17989,Product Support
17992,Service Outages and Maintenance
17993,IT Support
17995,IT Support
17996,Technical Support
17997,Product Support
17999,Sales and Pre-Sales
18000,Technical Support
18001,Technical Support
18002,Customer Service
18003,Product Support
18004,Technical Support
18005,Customer Service
18006,Customer Service
18007,Technical Support
18009,Technical Support
18010,Billing and Payments
18011,Technical Support
18012,Technical Support
18013,Customer Service
18014,Product Support
18016,Technical Support
18017,Product Support
18020,Sales and Pre-Sales
18022,Technical Support
18023,Customer Service
18024,Product Support
18025,Billing and Payments
18028,Sales and Pre-Sales
18029,Technical Support
18030,Sales and Pre-Sales
18031,Service Outages and Maintenance
18032,Customer Service
18035,IT Support
18036,Returns and Exchanges
18037,Technical Support
18038,Product Support
18041,Billing and Payments
18042,Technical Support
18043,Technical Support
18044,Technical Support
18045,Service Outages and Maintenance
18046,Technical Support
18049,Product Support
18050,IT Support
18051,IT Support
18052,Customer Service
18053,IT Support
18054,IT Support
18055,Sales and Pre-Sales
18056,Service Outages and Maintenance
18058,Product Support
18060,Billing and Payments
18061,IT Support
18062,Billing and Payments
18063,Billing and Payments
18064,Service Outages and Maintenance
18065,Technical Support
18066,IT Support
18067,Product Support
18071,Technical Support
18072,Technical Support
18073,Product Support
18074,Sales and Pre-Sales
18076,IT Support
18077,IT Support
18078,IT Support
18080,Customer Service
18082,Product Support
18083,Billing and Payments
18084,Billing and Payments
18085,IT Support
18088,Billing and Payments
18089,Technical Support
18092,Technical Support
18095,Technical Support
18096,Product Support
18097,Technical Support
18098,Billing and Payments
18099,Customer Service
18100,Technical Support
18101,Human Resources
18102,Technical Support
18103,Sales and Pre-Sales
18104,Billing and Payments
18105,Technical Support
18108,Technical Support
18109,IT Support
18110,Returns and Exchanges
18111,Technical Support
18112,Customer Service
18113,Customer Service
18115,Customer Service
18116,Technical Support
18118,Technical Support
18119,Product Support
18120,Product Support
18121,Product Support
18123,IT Support
18125,Technical Support
18126,IT Support
18127,Sales and Pre-Sales
18128,Technical Support
18130,Billing and Payments
18131,Service Outages and Maintenance
18132,Customer Service
18133,Billing and Payments
18134,Billing and Payments
18135,Technical Support
18138,Returns and Exchanges
18139,Product Support
18140,Technical Support
18141,Technical Support
18142,IT Support
18143,Product Support
18144,Technical Support
18145,Technical Support
18146,Product Support
18147,Billing and Payments
18148,Technical Support
18149,Product Support
18150,Technical Support
18152,Product Support
18153,Technical Support
18155,Technical Support
18156,Billing and Payments
18157,Technical Support
18159,Technical Support
18161,Technical Support
18162,IT Support
18163,Billing and Payments
18164,Customer Service
18166,Product Support
18167,Customer Service
18168,Customer Service
18169,IT Support
18170,Customer Service
18171,Customer Service
18172,Billing and Payments
18173,Returns and Exchanges
18174,Product Support
18175,Customer Service
18177,IT Support
18178,Technical Support
18179,Service Outages and Maintenance
18180,Technical Support
18181,Customer Service
18182,Technical Support
18183,Product Support
18185,Technical Support
18187,Technical Support
18189,Sales and Pre-Sales
18192,IT Support
18193,Technical Support
18194,Customer Service
18196,Technical Support
18197,Technical Support
18198,Technical Support
18200,Customer Service
18201,Technical Support
18202,Product Support
18203,Customer Service
18204,Service Outages and Maintenance
18208,Billing and Payments
18209,Customer Service
18211,Technical Support
18212,Customer Service
18213,IT Support
18214,Returns and Exchanges
18215,Product Support
18216,Billing and Payments
18217,General Inquiry
18218,IT Support
18220,Returns and Exchanges
18222,Technical Support
18224,Product Support
18225,Product Support
18226,Technical Support
18228,IT Support
18229,Customer Service
18230,Customer Service
18232,Technical Support
18233,Product Support
18234,Technical Support
18236,Technical Support
18237,Billing and Payments
18238,Technical Support
18239,Product Support
18240,Technical Support
18241,Product Support
18242,Product Support
18243,Product Support
18244,Technical Support
18245,Product Support
18247,Returns and Exchanges
18248,Sales and Pre-Sales
18249,Customer Service
18250,IT Support
18251,IT Support
18254,Customer Service
18255,Billing and Payments
18259,Product Support
18260,Technical Support
18262,Product Support
18263,Returns and Exchanges
18264,Technical Support
18265,Technical Support
18266,Technical Support
18267,Technical Support
18268,Product Support
18269,Product Support
18270,Technical Support
18271,Customer Service
18272,IT Support
18273,Customer Service
18274,Customer Service
18275,Customer Service
18276,Billing and Payments
18278,Service Outages and Maintenance
18279,Billing and Payments
18280,Customer Service
18283,Technical Support
18284,IT Support
18285,Customer Service
18287,IT Support
18288,Product Support
18289,Product Support
18290,Customer Service
18291,Returns and Exchanges
18292,Product Support
18293,Customer Service
18294,Service Outages and Maintenance
18295,Technical Support
18296,Billing and Payments
18297,Technical Support
18298,Technical Support
18299,Billing and Payments
18300,Returns and Exchanges
18302,IT Support
18303,Product Support
18304,Billing and Payments
18305,Technical Support
18309,Customer Service
18310,Product Support
18311,Technical Support
18312,Technical Support
18314,Customer Service
18316,Returns and Exchanges
18317,Technical Support
18318,Billing and Payments
18319,Technical Support
18321,Customer Service
18322,Billing and Payments
18324,Sales and Pre-Sales
18325,Product Support
18326,Billing and Payments
18327,Customer Service
18328,Product Support
18329,Customer Service
18333,Billing and Payments
18334,Customer Service
18335,Service Outages and Maintenance
18337,Sales and Pre-Sales
18338,Technical Support
18340,Technical Support
18341,Customer Service
18342,Product Support
18343,Product Support
18344,Technical Support
18345,Customer Service
18346,Customer Service
18348,Returns and Exchanges
18349,Customer Service
18350,Product Support
18352,Product Support
18353,Returns and Exchanges
18356,Product Support
18357,Returns and Exchanges
18358,Human Resources
18359,Billing and Payments
18360,IT Support
18361,Technical Support
18362,Product Support
18363,Technical Support
18364,Returns and Exchanges
18365,Technical Support
18369,Customer Service
18370,IT Support
18371,Product Support
18372,Billing and Payments
18374,Product Support
18375,Customer Service
18376,Product Support
18377,Product Support
18378,Customer Service
18379,Technical Support
18380,Product Support
18381,Technical Support
18382,Billing and Payments
18383,Technical Support
18385,Billing and Payments
18387,Service Outages and Maintenance
18388,IT Support
18389,Product Support
18391,Technical Support
18392,Product Support
18393,Human Resources
18394,Product Support
18395,Service Outages and Maintenance
18396,Product Support
18397,Technical Support
18398,Billing and Payments
18399,Product Support
18400,Customer Service
18401,General Inquiry
18402,Product Support
18403,Customer Service
18405,Technical Support
18406,Billing and Payments
18407,Technical Support
18408,IT Support
18410,Technical Support
18411,Customer Service
18412,Product Support
18413,Product Support
18414,Technical Support
18415,Product Support
18416,Customer Service
18417,Customer Service
18418,Billing and Payments
18420,IT Support
18421,Product Support
18422,Technical Support
18423,Billing and Payments
18424,Customer Service
18425,Billing and Payments
18426,Customer Service
18427,Technical Support
18429,Product Support
18430,Product Support
18431,Technical Support
18432,Service Outages and Maintenance
18433,Returns and Exchanges
18434,Billing and Payments
18435,Customer Service
18436,Product Support
18437,Billing and Payments
18438,Billing and Payments
18439,Product Support
18440,Product Support
18441,Product Support
18442,Technical Support
18443,Product Support
18444,IT Support
18446,IT Support
18447,Product Support
18448,Technical Support
18449,Technical Support
18451,Technical Support
18452,Customer Service
18453,IT Support
18454,Customer Service
18455,Technical Support
18456,Returns and Exchanges
18457,Product Support
18458,IT Support
18459,IT Support
18461,Billing and Payments
18462,Technical Support
18463,General Inquiry
18464,Product Support
18465,Customer Service
18466,Product Support
18467,IT Support
18469,IT Support
18471,Customer Service
18473,Technical Support
18474,IT Support
18476,Product Support
18478,Billing and Payments
18479,Product Support
18480,Technical Support
18481,IT Support
18483,Product Support
18484,Product Support
18485,Sales and Pre-Sales
18486,Product Support
18488,Product Support
18489,Product Support
18492,IT Support
18493,Customer Service
18494,Technical Support
18495,Product Support
18496,Service Outages and Maintenance
18497,Product Support
18498,Technical Support
18501,Technical Support
18502,Returns and Exchanges
18503,Technical Support
18505,Technical Support
18506,Human Resources
18508,Technical Support
18509,Technical Support
18510,Product Support
18512,Product Support
18513,Technical Support
18514,Billing and Payments
18515,Technical Support
18516,Product Support
18518,Product Support
18519,Technical Support
18520,Technical Support
18521,IT Support
18522,Product Support
18523,Billing and Payments
18524,Technical Support
18526,Customer Service
18527,Technical Support
18528,Customer Service
18529,IT Support
18531,Technical Support
18532,IT Support
18533,Customer Service
18534,Billing and Payments
18535,Product Support
18536,Customer Service
18537,Customer Service
18538,Technical Support
18539,Customer Service
18540,Technical Support
18541,Customer Service
18543,Returns and Exchanges
18544,Technical Support
18545,Sales and Pre-Sales
18546,Technical Support
18547,Billing and Payments
18550,Returns and Exchanges
18551,Product Support
18553,Technical Support
18555,Product Support
18556,Technical Support
18557,Customer Service
18558,Technical Support
18559,Product Support
18560,Technical Support
18561,Customer Service
18562,Sales and Pre-Sales
18563,Product Support
18564,Product Support
18565,Product Support
18566,Returns and Exchanges
18568,IT Support
18569,Technical Support
18570,Product Support
18572,Product Support
18574,Billing and Payments
18575,IT Support
18576,Technical Support
18577,Billing and Payments
18578,Technical Support
18580,Customer Service
18581,General Inquiry
18582,Service Outages and Maintenance
18583,Technical Support
18584,Customer Service
18585,Product Support
18586,Billing and Payments
18587,Product Support
18588,Billing and Payments
18589,Technical Support
18590,General Inquiry
18591,Technical Support
18593,Billing and Payments
18595,Sales and Pre-Sales
18596,Technical Support
18597,Billing and Payments
18599,Product Support
18600,Product Support
18601,Customer Service
18602,Technical Support
18603,Billing and Payments
18604,Technical Support
18605,Technical Support
18607,Product Support
18608,Product Support
18610,Billing and Payments
18613,Customer Service
18614,Customer Service
18615,Billing and Payments
18616,Customer Service
18617,Product Support
18618,Technical Support
18619,Product Support
18620,Customer Service
18621,IT Support
18622,Technical Support
18623,Customer Service
18624,Customer Service
18625,Billing and Payments
18626,Customer Service
18627,Customer Service
18628,Technical Support
18630,Returns and Exchanges
18631,Product Support
18635,Customer Service
18637,Product Support
18638,Customer Service
18639,Product Support
18640,IT Support
18641,Service Outages and Maintenance
18642,IT Support
18643,Technical Support
18646,Billing and Payments
18648,Technical Support
18650,General Inquiry
18651,Sales and Pre-Sales
18653,Billing and Payments
18655,Customer Service
18656,Billing and Payments
18657,Product Support
18658,Sales and Pre-Sales
18659,Billing and Payments
18660,Service Outages and Maintenance
18662,Technical Support
18664,Product Support
18665,Technical Support
18666,Customer Service
18667,Billing and Payments
18668,Customer Service
18669,Technical Support
18670,Product Support
18671,Product Support
18672,General Inquiry
18673,Product Support
18674,Technical Support
18675,IT Support
18676,Technical Support
18677,Billing and Payments
18678,Returns and Exchanges
18679,IT Support
18682,Product Support
18683,Technical Support
18684,Billing and Payments
18685,Product Support
18686,Product Support
18688,Technical Support
18689,Technical Support
18690,Technical Support
18691,Technical Support
18692,Returns and Exchanges
18693,Customer Service
18694,Customer Service
18695,Customer Service
18696,Product Support
18698,Customer Service
18699,IT Support
18700,Product Support
18701,Product Support
18702,Product Support
18704,Sales and Pre-Sales
18706,IT Support
18707,Technical Support
18708,Billing and Payments
18709,Product Support
18710,Technical Support
18711,Human Resources
18713,Technical Support
18714,Product Support
18715,Technical Support
18716,Technical Support
18717,Billing and Payments
18718,Product Support
18719,Product Support
18720,Technical Support
18721,Product Support
18722,Technical Support
18723,IT Support
18724,Billing and Payments
18725,Product Support
18726,Customer Service
18727,IT Support
18728,Technical Support
18730,Product Support
18731,Customer Service
18732,Customer Service
18733,Technical Support
18734,Sales and Pre-Sales
18736,Product Support
18737,Product Support
18738,Technical Support
18739,Service Outages and Maintenance
18740,Product Support
18742,Technical Support
18744,Customer Service
18745,Technical Support
18747,Customer Service
18748,Technical Support
18750,Technical Support
18751,Technical Support
18752,Service Outages and Maintenance
18753,Technical Support
18754,IT Support
18755,Sales and Pre-Sales
18756,Sales and Pre-Sales
18757,Service Outages and Maintenance
18758,Product Support
18761,Technical Support
18762,Product Support
18763,Product Support
18764,Technical Support
18766,Product Support
18767,Customer Service
18768,Technical Support
18769,Technical Support
18770,Technical Support
18771,Technical Support
18772,Human Resources
18773,Technical Support
18774,Billing and Payments
18775,IT Support
18780,Customer Service
18783,IT Support
18785,Technical Support
18787,Billing and Payments
18788,Technical Support
18789,Technical Support
18790,Billing and Payments
18791,Technical Support
18792,Technical Support
18794,Returns and Exchanges
18795,Technical Support
18796,Customer Service
18797,Technical Support
18799,Product Support
18800,IT Support
18801,IT Support
18802,Technical Support
18803,IT Support
18804,Technical Support
18805,Service Outages and Maintenance
18806,Technical Support
18807,Billing and Payments
18809,Billing and Payments
18810,Service Outages and Maintenance
18811,Technical Support
18812,IT Support
18813,Customer Service
18814,Billing and Payments
18815,Technical Support
18816,Technical Support
18817,IT Support
18818,Billing and Payments
18819,Customer Service
18820,Product Support
18822,Customer Service
18823,Customer Service
18825,Customer Service
18826,Technical Support
18827,Technical Support
18828,Billing and Payments
18829,Returns and Exchanges
18830,Human Resources
18831,Billing and Payments
18832,Sales and Pre-Sales
18835,General Inquiry
18837,Technical Support
18840,Customer Service
18841,IT Support
18842,Product Support
18843,Sales and Pre-Sales
18844,IT Support
18845,IT Support
18846,Technical Support
18847,Customer Service
18848,IT Support
18849,IT Support
18850,Returns and Exchanges
18851,Technical Support
18852,Customer Service
18853,Customer Service
18854,IT Support
18855,Billing and Payments
18856,Returns and Exchanges
18857,Customer Service
18859,Technical Support
18860,Technical Support
18861,Product Support
18862,Service Outages and Maintenance
18863,IT Support
18864,Billing and Payments
18865,IT Support
18866,Product Support
18867,Technical Support
18868,Technical Support
18869,Technical Support
18870,Technical Support
18871,Technical Support
18872,IT Support
18873,Product Support
18875,IT Support
18876,Billing and Payments
18877,Technical Support
18878,Returns and Exchanges
18879,Technical Support
18880,Product Support
18881,Customer Service
18882,Technical Support
18883,Technical Support
18884,Technical Support
18885,Customer Service
18886,Returns and Exchanges
18888,Customer Service
18889,Customer Service
18891,Customer Service
18893,Returns and Exchanges
18894,Billing and Payments
18895,IT Support
18899,Customer Service
18901,Technical Support
18903,Returns and Exchanges
18904,Technical Support
18905,Technical Support
18906,Customer Service
18907,IT Support
18908,Technical Support
18909,Customer Service
18910,Billing and Payments
18911,Product Support
18912,Sales and Pre-Sales
18914,Billing and Payments
18915,Product Support
18917,Technical Support
18919,Technical Support
18921,Customer Service
18922,Billing and Payments
18923,Product Support
18924,Technical Support
18925,Technical Support
18927,Technical Support
18928,Customer Service
18929,Customer Service
18930,IT Support
18931,Customer Service
18933,IT Support
18934,IT Support
18935,Billing and Payments
18936,Product Support
18938,Technical Support
18939,Technical Support
18940,Technical Support
18941,Billing and Payments
18943,Technical Support
18946,Product Support
18947,Product Support
18948,Sales and Pre-Sales
18949,IT Support
18950,Technical Support
18951,IT Support
18952,Product Support
18953,Sales and Pre-Sales
18954,Returns and Exchanges
18955,Billing and Payments
18956,Technical Support
18957,Billing and Payments
18958,Product Support
18959,Technical Support
18960,Product Support
18962,General Inquiry
18963,Billing and Payments
18964,Customer Service
18966,Technical Support
18967,Product Support
18968,IT Support
18969,IT Support
18970,Returns and Exchanges
18971,Service Outages and Maintenance
18972,Product Support
18974,IT Support
18975,IT Support
18977,Technical Support
18978,IT Support
18979,Technical Support
18980,Sales and Pre-Sales
18981,Customer Service
18982,Technical Support
18984,Technical Support
18985,Sales and Pre-Sales
18986,Customer Service
18987,IT Support
18988,Product Support
18989,Technical Support
18990,Returns and Exchanges
18991,Technical Support
18993,Technical Support
18995,Customer Service
18997,IT Support
18998,Customer Service
18999,Product Support
19000,Product Support
19001,Billing and Payments
19002,Technical Support
19003,Customer Service
19004,Customer Service
19006,Product Support
19007,Technical Support
19008,Technical Support
19010,Product Support
19011,Returns and Exchanges
19012,Service Outages and Maintenance
19013,Product Support
19014,Customer Service
19015,Technical Support
19016,Technical Support
19017,Technical Support
19018,Technical Support
19019,Technical Support
19020,Technical Support
19022,Technical Support
19023,IT Support
19024,Billing and Payments
19025,Billing and Payments
19026,IT Support
19027,Product Support
19028,General Inquiry
19029,Product Support
19030,Product Support
19031,Product Support
19032,Customer Service
19035,Technical Support
19036,Billing and Payments
19037,Customer Service
19040,IT Support
19041,Technical Support
19042,Billing and Payments
19043,Returns and Exchanges
19045,Product Support
19046,Product Support
19049,Customer Service
19050,IT Support
19051,General Inquiry
19053,Technical Support
19054,Customer Service
19056,Service Outages and Maintenance
19057,Technical Support
19058,IT Support
19059,Technical Support
19060,Technical Support
19061,IT Support
19062,Technical Support
19063,Technical Support
19064,Technical Support
19065,Returns and Exchanges
19066,Product Support
19067,Customer Service
19068,Technical Support
19069,Technical Support
19070,Product Support
19071,Billing and Payments
19073,IT Support
19077,Billing and Payments
19078,Billing and Payments
19080,Technical Support
19081,Human Resources
19082,Product Support
19083,Technical Support
19085,Sales and Pre-Sales
19086,Technical Support
19087,Product Support
19088,Product Support
19089,Technical Support
19090,Billing and Payments
19091,Technical Support
19092,Returns and Exchanges
19093,Human Resources
19094,Sales and Pre-Sales
19095,Customer Service
19096,Product Support
19097,IT Support
19099,Product Support
19100,Customer Service
19101,Product Support
19102,Billing and Payments
19104,Technical Support
19106,Technical Support
19107,Technical Support
19108,Product Support
19109,IT Support
19110,IT Support
19113,Customer Service
19114,Technical Support
19115,Product Support
19116,Billing and Payments
19118,Product Support
19124,Technical Support
19126,Customer Service
19127,Billing and Payments
19128,Billing and Payments
19129,Product Support
19130,Product Support
19131,Product Support
19133,Billing and Payments
19134,IT Support
19135,Customer Service
19136,Returns and Exchanges
19137,Human Resources
19138,Technical Support
19141,Sales and Pre-Sales
19142,Technical Support
19144,Sales and Pre-Sales
19145,Billing and Payments
19146,Sales and Pre-Sales
19147,Billing and Payments
19149,IT Support
19150,Product Support
19151,IT Support
19152,Customer Service
19153,Product Support
19154,Human Resources
19155,Technical Support
19157,Customer Service
19158,Billing and Payments
19159,Product Support
19160,Sales and Pre-Sales
19161,Product Support
19162,Customer Service
19163,Customer Service
19164,Sales and Pre-Sales
19166,Customer Service
19169,Billing and Payments
19170,Customer Service
19171,Technical Support
19173,Returns and Exchanges
19174,Technical Support
19175,Technical Support
19176,Service Outages and Maintenance
19177,Technical Support
19179,Service Outages and Maintenance
19181,Product Support
19182,Billing and Payments
19183,Returns and Exchanges
19184,Technical Support
19187,IT Support
19188,Technical Support
19190,Technical Support
19191,Product Support
19192,Customer Service
19193,Product Support
19194,Technical Support
19195,Technical Support
19196,Returns and Exchanges
19198,Customer Service
19199,Product Support
19200,Billing and Payments
19201,Sales and Pre-Sales
19204,Product Support
19205,Product Support
19206,IT Support
19207,Technical Support
19208,Product Support
19209,Billing and Payments
19210,Billing and Payments
19211,Technical Support
19212,Product Support
19213,Technical Support
19214,Service Outages and Maintenance
19215,Product Support
19216,Service Outages and Maintenance
19218,IT Support
19219,Technical Support
19220,Customer Service
19221,Returns and Exchanges
19222,Technical Support
19223,Technical Support
19224,Technical Support
19225,Technical Support
19226,Technical Support
19227,IT Support
19228,Returns and Exchanges
19229,Customer Service
19230,Product Support
19232,Customer Service
19233,Product Support
19235,Product Support
19236,Technical Support
19237,IT Support
19238,Customer Service
19239,Technical Support
19240,Technical Support
19241,Product Support
19243,Customer Service
19245,Technical Support
19246,Technical Support
19247,Technical Support
19248,Technical Support
19249,Technical Support
19250,Billing and Payments
19251,Product Support
19253,Customer Service
19254,General Inquiry
19255,Product Support
19256,Sales and Pre-Sales
19258,Customer Service
19259,IT Support
19260,Technical Support
19261,Billing and Payments
19262,Customer Service
19263,Human Resources
19264,Returns and Exchanges
19265,Technical Support
19266,Technical Support
19267,Product Support
19268,Product Support
19269,Billing and Payments
19270,Human Resources
19272,Technical Support
19273,Product Support
19274,Sales and Pre-Sales
19275,Customer Service
19276,Technical Support
19277,Product Support
19278,IT Support
19279,Technical Support
19282,Human Resources
19283,Product Support
19285,Product Support
19286,Billing and Payments
19287,Technical Support
19289,Customer Service
19290,Product Support
19291,Billing and Payments
19292,Technical Support
19293,Billing and Payments
19294,General Inquiry
19295,Technical Support
19296,IT Support
19297,Customer Service
19298,IT Support
19299,Billing and Payments
19300,Billing and Payments
19301,Customer Service
19302,Product Support
19303,Returns and Exchanges
19304,Returns and Exchanges
19308,Technical Support
19309,Technical Support
19310,Billing and Payments
19311,Technical Support
19312,Product Support
19313,Product Support
19314,IT Support
19316,Customer Service
19317,Customer Service
19318,Billing and Payments
19319,Product Support
19320,Product Support
19321,Returns and Exchanges
19322,IT Support
19323,Technical Support
19324,Technical Support
19326,Returns and Exchanges
19327,Billing and Payments
19328,Technical Support
19330,IT Support
19333,Technical Support
19334,Technical Support
19335,IT Support
19336,Customer Service
19337,Human Resources
19338,Billing and Payments
19339,Service Outages and Maintenance
19341,Technical Support
19343,Technical Support
19344,Product Support
19345,Technical Support
19347,Billing and Payments
19349,Sales and Pre-Sales
19350,Technical Support
19351,Billing and Payments
19352,Customer Service
19353,Product Support
19354,Customer Service
19355,Technical Support
19356,Technical Support
19357,Technical Support
19358,Customer Service
19359,Technical Support
19361,Technical Support
19362,Technical Support
19363,IT Support
19364,Technical Support
19365,Technical Support
19366,Returns and Exchanges
19369,Product Support
19370,Customer Service
19371,Billing and Payments
19373,Technical Support
19374,Sales and Pre-Sales
19375,General Inquiry
19377,Product Support
19378,IT Support
19380,Billing and Payments
19381,Product Support
19383,Technical Support
19384,IT Support
19387,IT Support
19393,Technical Support
19394,Billing and Payments
19395,Technical Support
19396,Human Resources
19397,Billing and Payments
19399,Customer Service
19400,Product Support
19401,Product Support
19403,Technical Support
19404,Technical Support
19405,Returns and Exchanges
19406,Product Support
19407,IT Support
19409,Billing and Payments
19410,Product Support
19411,Returns and Exchanges
19412,Customer Service
19413,Technical Support
19414,Billing and Payments
19415,Human Resources
19416,Product Support
19418,Customer Service
19420,Product Support
19421,Customer Service
19422,Customer Service
19424,Billing and Payments
19425,Product Support
19426,Technical Support
19430,Customer Service
19431,IT Support
19432,Technical Support
19433,Customer Service
19434,Customer Service
19435,Billing and Payments
19436,Technical Support
19437,IT Support
19438,Product Support
19439,Product Support
19440,Billing and Payments
19441,IT Support
19442,Technical Support
19444,Human Resources
19445,Customer Service
19446,Billing and Payments
19447,Product Support
19449,Billing and Payments
19450,Technical Support
19451,Returns and Exchanges
19452,Customer Service
19453,Returns and Exchanges
19454,IT Support
19456,Technical Support
19457,Technical Support
19458,Product Support
19462,Technical Support
19463,Technical Support
19464,Product Support
19466,IT Support
19467,Customer Service
19468,Technical Support
19470,Technical Support
19471,Customer Service
19472,Returns and Exchanges
19473,Customer Service
19475,Billing and Payments
19478,Product Support
19479,Technical Support
19481,Product Support
19483,Customer Service
19484,Product Support
19485,Product Support
19487,Human Resources
19488,Customer Service
19490,Technical Support
19491,Product Support
19492,Customer Service
19495,Human Resources
19496,Customer Service
19497,Technical Support
19498,Technical Support
19499,Returns and Exchanges
19502,Sales and Pre-Sales
19504,Customer Service
19505,Technical Support
19506,IT Support
19507,Customer Service
19508,Product Support
19509,Technical Support
19510,Human Resources
19511,Returns and Exchanges
19512,Technical Support
19513,IT Support
19515,Customer Service
19516,Technical Support
19517,Returns and Exchanges
19518,Technical Support
19519,Product Support
19521,Billing and Payments
19522,Service Outages and Maintenance
19523,Billing and Payments
19525,Customer Service
19526,Customer Service
19527,IT Support
19528,Product Support
19529,Billing and Payments
19530,Customer Service
19531,Customer Service
19532,Billing and Payments
19534,Returns and Exchanges
19535,Billing and Payments
19536,IT Support
19537,Technical Support
19538,Billing and Payments
19539,Returns and Exchanges
19540,Product Support
19544,Product Support
19545,Customer Service
19546,IT Support
19547,Technical Support
19548,IT Support
19549,Returns and Exchanges
19550,Customer Service
19551,Technical Support
19552,Customer Service
19553,Human Resources
19554,Product Support
19555,Product Support
19557,Customer Service
19558,Technical Support
19560,Technical Support
19561,Technical Support
19562,Technical Support
19563,IT Support
19564,Technical Support
19566,Product Support
19567,Technical Support
19568,Product Support
19569,Customer Service
19570,Customer Service
19571,Technical Support
19573,General Inquiry
19574,Billing and Payments
19575,Product Support
19576,Customer Service
19577,Customer Service
19579,Billing and Payments
19580,Customer Service
19581,Service Outages and Maintenance
19582,Technical Support
19583,Returns and Exchanges
19586,Technical Support
19589,Product Support
19590,Billing and Payments
19591,Billing and Payments
19592,Product Support
19593,Technical Support
19594,Customer Service
19595,IT Support
19596,Returns and Exchanges
19598,Service Outages and Maintenance
19599,Technical Support
19600,Billing and Payments
19601,Billing and Payments
19602,Product Support
19604,Technical Support
19605,Product Support
19606,Technical Support
19607,Returns and Exchanges
19608,Technical Support
19610,Billing and Payments
19612,IT Support
19614,Billing and Payments
19615,Technical Support
19616,Billing and Payments
19618,IT Support
19619,Returns and Exchanges
19621,Technical Support
19622,Billing and Payments
19623,Product Support
19624,Technical Support
19625,IT Support
19626,Technical Support
19627,IT Support
19628,Technical Support
19629,Customer Service
19630,Product Support
19632,Billing and Payments
19633,Customer Service
19634,Product Support
19636,IT Support
19637,Human Resources
19638,IT Support
19639,Product Support
19642,Technical Support
19646,IT Support
19647,Service Outages and Maintenance
19649,Product Support
19650,Sales and Pre-Sales
19651,Technical Support
19652,Product Support
19653,Service Outages and Maintenance
19655,General Inquiry
19656,IT Support
19657,Technical Support
19658,Sales and Pre-Sales
19659,Sales and Pre-Sales
19661,Customer Service
19662,Product Support
19664,Customer Service
19665,Technical Support
19666,Sales and Pre-Sales
19667,Customer Service
19668,Customer Service
19669,IT Support
19670,Returns and Exchanges
19671,Product Support
19674,Technical Support
19675,Product Support
19677,Technical Support
19678,Product Support
19679,Billing and Payments
19680,Product Support
19682,Product Support
19683,Returns and Exchanges
19684,Technical Support
19685,Returns and Exchanges
19686,Customer Service
19688,Product Support
19689,IT Support
19690,Technical Support
19692,Billing and Payments
19694,Technical Support
19695,Technical Support
19698,Human Resources
19699,Product Support
19700,Customer Service
19701,Customer Service
19702,General Inquiry
19703,Technical Support
19704,Product Support
19705,Billing and Payments
19706,Product Support
19708,Customer Service
19709,General Inquiry
19711,Product Support
19712,Human Resources
19713,Product Support
19714,Customer Service
19715,Customer Service
19716,IT Support
19717,Product Support
19718,Technical Support
19720,Technical Support
19722,Technical Support
19723,Technical Support
19724,Customer Service
19726,IT Support
19727,Billing and Payments
19729,Customer Service
19731,Customer Service
19732,Product Support
19734,Service Outages and Maintenance
19735,Technical Support
19737,Technical Support
19738,IT Support
19739,Product Support
19740,Product Support
19741,Product Support
19742,Technical Support
19743,Customer Service
19744,IT Support
19747,Technical Support
19748,Technical Support
19749,Returns and Exchanges
19750,Sales and Pre-Sales
19751,Technical Support
19753,Customer Service
19754,Product Support
19755,Technical Support
19756,Customer Service
19757,Product Support
19758,Technical Support
19759,IT Support
19760,Customer Service
19761,Sales and Pre-Sales
19762,Product Support
19764,Product Support
19765,IT Support
19766,Billing and Payments
19767,Technical Support
19768,IT Support
19769,Technical Support
19770,Sales and Pre-Sales
19771,Sales and Pre-Sales
19773,Technical Support
19774,Product Support
19776,Sales and Pre-Sales
19778,Service Outages and Maintenance
19779,Technical Support
19780,IT Support
19781,IT Support
19782,Technical Support
19783,Customer Service
19784,Human Resources
19786,IT Support
19787,Customer Service
19788,Technical Support
19790,Billing and Payments
19792,Service Outages and Maintenance
19793,Product Support
19795,Billing and Payments
19796,Customer Service
19797,Technical Support
19798,Product Support
19800,Sales and Pre-Sales
19802,Technical Support
19805,Technical Support
19806,Technical Support
19807,Product Support
19808,Sales and Pre-Sales
19809,IT Support
19810,Product Support
19811,Customer Service
19813,Technical Support
19814,Technical Support
19815,IT Support
19816,Service Outages and Maintenance
19817,IT Support
19818,IT Support
19819,Customer Service
19820,Technical Support
19821,Human Resources
19822,Product Support
19823,Product Support
19824,Service Outages and Maintenance
19825,IT Support
19826,Billing and Payments
19827,Customer Service
19828,Customer Service
19829,IT Support
19830,Technical Support
19831,Technical Support
19832,Technical Support
19833,Technical Support
19834,Product Support
19836,Returns and Exchanges
19837,Product Support
19838,Product Support
19839,Customer Service
19840,Product Support
19844,Technical Support
19845,Technical Support
19846,Customer Service
19847,Technical Support
19848,Product Support
19851,Human Resources
19852,Product Support
19853,Product Support
19854,General Inquiry
19855,Product Support
19856,Billing and Payments
19857,Technical Support
19859,Product Support
19860,Sales and Pre-Sales
19861,Billing and Payments
19862,Technical Support
19863,IT Support
19865,Technical Support
19866,Customer Service
19867,Product Support
19868,General Inquiry
19869,Service Outages and Maintenance
19870,Technical Support
19871,Service Outages and Maintenance
19872,Returns and Exchanges
19874,Billing and Payments
19875,Customer Service
19877,Technical Support
19878,IT Support
19879,Billing and Payments
19880,Customer Service
19881,Product Support
19882,Product Support
19884,Technical Support
19885,Customer Service
19887,Billing and Payments
19888,Technical Support
19889,Technical Support
19890,Customer Service
19891,Customer Service
19893,IT Support
19895,Product Support
19897,Product Support
19898,Returns and Exchanges
19899,Returns and Exchanges
19900,Technical Support
19901,Service Outages and Maintenance
19902,Service Outages and Maintenance
19904,Technical Support
19906,Product Support
19907,Billing and Payments
19908,Technical Support
19909,Service Outages and Maintenance
19910,Technical Support
19911,Billing and Payments
19912,Service Outages and Maintenance
19914,Technical Support
19915,Product Support
19916,Service Outages and Maintenance
19917,Product Support
19918,Customer Service
19919,Technical Support
19920,Product Support
19923,IT Support
19924,Technical Support
19927,IT Support
19928,Billing and Payments
19929,Technical Support
19930,Service Outages and Maintenance
19931,Service Outages and Maintenance
19933,Human Resources
19934,Customer Service
19935,Technical Support
19936,Service Outages and Maintenance
19940,Returns and Exchanges
19941,Customer Service
19943,Technical Support
19944,Returns and Exchanges
19945,Service Outages and Maintenance
19946,Billing and Payments
19949,Customer Service
19950,IT Support
19951,Customer Service
19952,Product Support
19953,Product Support
19954,Human Resources
19956,Customer Service
19957,Technical Support
19958,Technical Support
19960,Technical Support
19961,Technical Support
19962,Technical Support
19964,Customer Service
19965,Technical Support
19966,IT Support
19967,Technical Support
19968,Human Resources
19969,Technical Support
19970,Billing and Payments
19971,Customer Service
19972,Technical Support
19974,IT Support
19975,Returns and Exchanges
19977,Technical Support
19979,Customer Service
19980,Technical Support
19981,Customer Service
19982,Technical Support
19983,Service Outages and Maintenance
19984,Product Support
19985,Human Resources
19986,Product Support
19987,Billing and Payments
19989,Customer Service
19991,Product Support
19992,IT Support
19993,Technical Support
19994,Customer Service
19995,Technical Support
19996,Billing and Payments
19997,Product Support
19998,IT Support
19999,Sales and Pre-Sales
20000,IT Support
20001,Product Support
20002,IT Support
20003,Technical Support
20004,Customer Service
20005,Customer Service
20006,Product Support
20008,Technical Support
20010,Product Support
20012,Customer Service
20013,Product Support
20016,Technical Support
20017,Customer Service
20018,Product Support
20019,IT Support
20021,Returns and Exchanges
20022,Customer Service
20023,Service Outages and Maintenance
20024,IT Support
20025,General Inquiry
20027,Customer Service
20028,Technical Support
20029,Customer Service
20030,Returns and Exchanges
20031,Customer Service
20033,Customer Service
20034,Technical Support
20035,Technical Support
20036,Product Support
20037,Product Support
20038,Product Support
20039,Billing and Payments
20040,Billing and Payments
20041,Customer Service
20042,IT Support
20043,Technical Support
20045,Customer Service
20046,Product Support
20047,Billing and Payments
20050,Customer Service
20052,Technical Support
20053,Technical Support
20054,Technical Support
20055,Technical Support
20056,Product Support
20057,Product Support
20058,Product Support
20059,Human Resources
20061,IT Support
20062,Customer Service
20064,IT Support
20065,Product Support
20067,Customer Service
20068,Technical Support
20069,Product Support
20070,Returns and Exchanges
20071,Technical Support
20072,IT Support
20073,Technical Support
20076,Returns and Exchanges
20077,Customer Service
20078,Billing and Payments
20079,Product Support
20080,Product Support
20081,Technical Support
20082,Customer Service
20083,Customer Service
20084,Technical Support
20085,Billing and Payments
20086,Customer Service
20087,Product Support
20088,Technical Support
20089,Customer Service
20091,IT Support
20092,Technical Support
20093,Customer Service
20095,Technical Support
20096,Customer Service
20097,IT Support
20098,Technical Support
20100,Billing and Payments
20101,Technical Support
20103,Technical Support
20104,Technical Support
20105,Technical Support
20107,Customer Service
20109,Customer Service
20110,IT Support
20112,Technical Support
20113,Billing and Payments
20114,Product Support
20116,Technical Support
20117,Technical Support
20119,Technical Support
20120,Billing and Payments
20121,Technical Support
20122,Technical Support
20124,Sales and Pre-Sales
20125,Billing and Payments
20127,Billing and Payments
20128,Customer Service
20129,Technical Support
20130,Technical Support
20133,Product Support
20134,Billing and Payments
20135,Product Support
20136,Product Support
20138,Technical Support
20139,Product Support
20140,Human Resources
20141,Technical Support
20144,Technical Support
20145,Technical Support
20146,Technical Support
20148,Customer Service
20150,Product Support
20151,Technical Support
20152,Product Support
20153,Customer Service
20155,Technical Support
20156,Billing and Payments
20157,Technical Support
20158,Technical Support
20159,Billing and Payments
20160,Product Support
20161,Service Outages and Maintenance
20163,IT Support
20164,Billing and Payments
20166,Product Support
20167,Billing and Payments
20168,IT Support
20169,Technical Support
20171,Customer Service
20172,Customer Service
20173,Customer Service
20174,Product Support
20176,Customer Service
20177,Product Support
20178,IT Support
20179,Customer Service
20181,Sales and Pre-Sales
20182,Product Support
20183,Technical Support
20184,Customer Service
20185,Billing and Payments
20189,Billing and Payments
20191,Service Outages and Maintenance
20192,Returns and Exchanges
20193,Customer Service
20194,Technical Support
20195,Product Support
20196,Returns and Exchanges
20197,Technical Support
20198,Service Outages and Maintenance
20199,Product Support
20200,Product Support
20202,Product Support
20203,Billing and Payments
20206,Billing and Payments
20207,Billing and Payments
20208,Service Outages and Maintenance
20209,Technical Support
20210,Product Support
20211,Customer Service
20212,Returns and Exchanges
20213,Technical Support
20214,Product Support
20215,Product Support
20217,Product Support
20218,IT Support
20220,IT Support
20221,General Inquiry
20222,Technical Support
20223,Returns and Exchanges
20224,Product Support
20225,Product Support
20226,Technical Support
20227,Returns and Exchanges
20228,Technical Support
20229,Customer Service
20230,IT Support
20231,Customer Service
20232,Customer Service
20233,Human Resources
20234,Customer Service
20235,Technical Support
20236,Product Support
20237,IT Support
20238,Billing and Payments
20239,Product Support
20241,Technical Support
20242,Returns and Exchanges
20243,Service Outages and Maintenance
20244,Product Support
20245,Technical Support
20246,Customer Service
20247,Technical Support
20248,Product Support
20249,Product Support
20250,Product Support
20251,Billing and Payments
20253,Product Support
20255,Billing and Payments
20256,Technical Support
20257,IT Support
20258,Customer Service
20259,IT Support
20260,Technical Support
20261,Product Support
20262,Sales and Pre-Sales
20263,Product Support
20264,Billing and Payments
20265,IT Support
20266,Billing and Payments
20267,Technical Support
20270,Returns and Exchanges
20271,Returns and Exchanges
20272,Customer Service
20273,Technical Support
20274,Human Resources
20275,Technical Support
20276,Customer Service
20277,IT Support
20278,Customer Service
20279,Product Support
20280,Product Support
20281,Product Support
20282,Product Support
20283,Technical Support
20284,Technical Support
20285,Returns and Exchanges
20286,Returns and Exchanges
20287,Customer Service
20289,Technical Support
20290,Technical Support
20291,Sales and Pre-Sales
20292,Technical Support
20293,Technical Support
20294,Customer Service
20295,Technical Support
20297,Technical Support
20298,Billing and Payments
20299,Customer Service
20300,Technical Support
20301,Technical Support
20303,Customer Service
20305,Technical Support
20306,Technical Support
20307,Billing and Payments
20308,Billing and Payments
20309,Billing and Payments
20310,Service Outages and Maintenance
20311,IT Support
20313,Technical Support
20314,Product Support
20315,Product Support
20316,IT Support
20317,Customer Service
20318,Technical Support
20319,Technical Support
20322,Billing and Payments
20323,IT Support
20325,Billing and Payments
20326,Technical Support
20327,Customer Service
20328,Billing and Payments
20331,IT Support
20334,IT Support
20335,Customer Service
20336,Customer Service
20337,General Inquiry
20338,Product Support
20339,Technical Support
20340,Product Support
20341,IT Support
20343,Technical Support
20344,Product Support
20345,Customer Service
20346,Customer Service
20347,Technical Support
20350,Technical Support
20352,General Inquiry
20353,Customer Service
20355,Product Support
20356,Product Support
20358,Product Support
20359,Billing and Payments
20360,IT Support
20361,IT Support
20362,Technical Support
20363,Technical Support
20364,IT Support
20365,Technical Support
20366,Technical Support
20367,Customer Service
20369,Billing and Payments
20371,Returns and Exchanges
20372,Technical Support
20373,IT Support
20374,IT Support
20375,Customer Service
20376,Technical Support
20377,Technical Support
20378,Technical Support
20379,Technical Support
20380,Billing and Payments
20382,Billing and Payments
20383,Technical Support
20384,Billing and Payments
20385,Billing and Payments
20388,Product Support
20390,Technical Support
20391,Product Support
20394,Technical Support
20395,Billing and Payments
20396,Technical Support
20397,Billing and Payments
20398,Product Support
20399,Product Support
20400,Product Support
20402,Product Support
20403,Technical Support
20404,Returns and Exchanges
20405,Technical Support
20406,Billing and Payments
20407,Service Outages and Maintenance
20408,Customer Service
20409,Customer Service
20410,Technical Support
20411,Technical Support
20412,Customer Service
20414,Technical Support
20415,IT Support
20416,Customer Service
20417,Billing and Payments
20418,Technical Support
20419,Product Support
20420,Product Support
20421,Technical Support
20422,Product Support
20423,Product Support
20424,Technical Support
20425,IT Support
20427,Technical Support
20428,Product Support
20429,Service Outages and Maintenance
20430,Billing and Payments
20431,Sales and Pre-Sales
20432,Technical Support
20434,Technical Support
20435,Product Support
20436,Technical Support
20437,Customer Service
20438,Technical Support
20440,Technical Support
20441,Returns and Exchanges
20442,Customer Service
20443,Technical Support
20444,Product Support
20447,Sales and Pre-Sales
20448,Sales and Pre-Sales
20449,Technical Support
20450,Customer Service
20451,Customer Service
20452,Technical Support
20453,Billing and Payments
20455,Customer Service
20456,IT Support
20457,Technical Support
20458,Billing and Payments
20459,Technical Support
20460,Customer Service
20462,Product Support
20464,Technical Support
20465,IT Support
20466,Customer Service
20467,Technical Support
20468,Product Support
20469,Product Support
20470,Technical Support
20471,Billing and Payments
20472,Billing and Payments
20474,General Inquiry
20475,Technical Support
20476,Product Support
20477,Technical Support
20479,Sales and Pre-Sales
20481,Returns and Exchanges
20482,Technical Support
20484,Customer Service
20485,Product Support
20488,Human Resources
20490,Technical Support
20491,Technical Support
20492,Technical Support
20493,IT Support
20494,General Inquiry
20495,Technical Support
20496,Customer Service
20497,IT Support
20498,Product Support
20499,Product Support
20500,Technical Support
20501,Technical Support
20502,Technical Support
20503,Customer Service
20505,Customer Service
20506,Technical Support
20509,Customer Service
20510,IT Support
20511,Product Support
20512,Service Outages and Maintenance
20514,Technical Support
20515,Service Outages and Maintenance
20516,Technical Support
20517,Service Outages and Maintenance
20518,Billing and Payments
20519,IT Support
20521,Technical Support
20522,IT Support
20523,Technical Support
20524,Technical Support
20525,Technical Support
20526,Returns and Exchanges
20527,Billing and Payments
20528,Product Support
20530,Customer Service
20531,Product Support
20532,Technical Support
20533,Product Support
20534,Product Support
20535,IT Support
20536,Product Support
20537,Technical Support
20540,IT Support
20542,Billing and Payments
20543,Technical Support
20544,Customer Service
20545,Billing and Payments
20546,Billing and Payments
20547,Product Support
20548,Customer Service
20549,Product Support
20550,Returns and Exchanges
20551,Technical Support
20553,Technical Support
20554,IT Support
20555,Technical Support
20557,Product Support
20560,Technical Support
20561,Technical Support
20562,Product Support
20564,Returns and Exchanges
20565,Technical Support
20566,IT Support
20568,Customer Service
20570,Product Support
20571,IT Support
20572,Customer Service
20574,IT Support
20575,IT Support
20576,Service Outages and Maintenance
20577,Product Support
20578,Human Resources
20579,Technical Support
20580,Product Support
20581,IT Support
20582,Customer Service
20584,General Inquiry
20585,Technical Support
20586,Billing and Payments
20587,Product Support
20588,Returns and Exchanges
20589,IT Support
20590,Technical Support
20591,Customer Service
20592,Product Support
20593,Product Support
20594,Technical Support
20595,Product Support
20596,IT Support
20597,Product Support
20598,Technical Support
20599,Customer Service
20600,Billing and Payments
20601,Technical Support
20602,Billing and Payments
20603,Product Support
20604,Technical Support
20605,Customer Service
20607,Technical Support
20608,IT Support
20610,Technical Support
20611,Customer Service
20612,Technical Support
20613,Product Support
20614,IT Support
20615,Customer Service
20616,Product Support
20617,IT Support
20619,IT Support
20620,Service Outages and Maintenance
20622,General Inquiry
20623,Technical Support
20624,Technical Support
20625,Customer Service
20626,Product Support
20628,Technical Support
20629,Technical Support
20630,Product Support
20631,Product Support
20633,Customer Service
20634,IT Support
20635,Technical Support
20637,IT Support
20638,Technical Support
20639,Returns and Exchanges
20640,Product Support
20641,Service Outages and Maintenance
20642,Product Support
20644,Technical Support
20646,IT Support
20647,Billing and Payments
20648,Technical Support
20649,Billing and Payments
20650,Human Resources
20651,Technical Support
20652,IT Support
20653,Billing and Payments
20654,Billing and Payments
20655,Technical Support
20658,Customer Service
20660,Technical Support
20661,Customer Service
20662,Product Support
20664,Technical Support
20665,Billing and Payments
20666,IT Support
20667,Product Support
20669,Service Outages and Maintenance
20670,Product Support
20673,Technical Support
20674,Product Support
20675,Customer Service
20676,IT Support
20677,Technical Support
20678,Product Support
20679,General Inquiry
20681,Customer Service
20682,Technical Support
20683,Customer Service
20685,IT Support
20686,Billing and Payments
20687,Customer Service
20688,Product Support
20691,Service Outages and Maintenance
20692,IT Support
20693,Customer Service
20694,Technical Support
20696,Technical Support
20697,Technical Support
20698,IT Support
20699,Service Outages and Maintenance
20700,Product Support
20701,Customer Service
20702,Customer Service
20705,Product Support
20707,IT Support
20708,Service Outages and Maintenance
20709,Customer Service
20710,Billing and Payments
20711,IT Support
20712,Product Support
20714,Customer Service
20716,Technical Support
20717,Technical Support
20718,IT Support
20719,Technical Support
20720,Product Support
20722,IT Support
20724,IT Support
20726,Sales and Pre-Sales
20727,IT Support
20728,Technical Support
20729,Technical Support
20730,IT Support
20731,Product Support
20732,IT Support
20733,Product Support
20734,IT Support
20735,Product Support
20736,Billing and Payments
20737,Customer Service
20738,Technical Support
20739,IT Support
20740,Customer Service
20741,Customer Service
20742,IT Support
20743,Sales and Pre-Sales
20744,Technical Support
20745,Technical Support
20746,Billing and Payments
20747,Technical Support
20748,Customer Service
20749,Product Support
20750,Product Support
20752,IT Support
20753,Sales and Pre-Sales
20755,Product Support
20756,Technical Support
20757,Technical Support
20758,Returns and Exchanges
20759,Product Support
20761,IT Support
20763,Customer Service
20765,Technical Support
20766,Customer Service
20768,Customer Service
20769,Human Resources
20770,Technical Support
20771,Customer Service
20772,Customer Service
20773,IT Support
20774,Product Support
20775,Returns and Exchanges
20776,Customer Service
20777,Technical Support
20779,Product Support
20780,Product Support
20783,Billing and Payments
20784,Technical Support
20785,Technical Support
20786,Technical Support
20787,Technical Support
20788,Customer Service
20789,IT Support
20791,Technical Support
20793,Product Support
20794,Customer Service
20795,IT Support
20796,Technical Support
20798,Customer Service
20799,Technical Support
20800,Technical Support
20802,Technical Support
20804,Technical Support
20806,Billing and Payments
20807,Technical Support
20808,Technical Support
20809,Technical Support
20812,Technical Support
20813,Human Resources
20814,Product Support
20815,Technical Support
20816,Sales and Pre-Sales
20817,Customer Service
20818,Human Resources
20820,Technical Support
20821,Technical Support
20823,Billing and Payments
20825,Billing and Payments
20826,Technical Support
20827,Product Support
20828,Customer Service
20829,Technical Support
20830,Technical Support
20831,Technical Support
20832,General Inquiry
20833,Technical Support
20834,Technical Support
20835,Service Outages and Maintenance
20836,Billing and Payments
20837,General Inquiry
20838,Technical Support
20839,Product Support
20841,Customer Service
20843,Product Support
20844,IT Support
20845,Technical Support
20846,Billing and Payments
20847,Technical Support
20849,Technical Support
20850,Product Support
20852,Customer Service
20853,Customer Service
20854,Billing and Payments
20855,Customer Service
20856,Product Support
20858,Billing and Payments
20859,Technical Support
20860,Technical Support
20864,Customer Service
20865,Product Support
20866,Technical Support
20867,Service Outages and Maintenance
20868,General Inquiry
20870,Service Outages and Maintenance
20871,IT Support
20874,Technical Support
20875,Product Support
20876,Product Support
20877,Customer Service
20878,Billing and Payments
20879,Billing and Payments
20880,Technical Support
20881,Technical Support
20882,Returns and Exchanges
20883,Technical Support
20884,Billing and Payments
20885,Billing and Payments
20886,Customer Service
20888,Technical Support
20890,Technical Support
20892,Billing and Payments
20893,Technical Support
20894,Product Support
20896,Service Outages and Maintenance
20897,General Inquiry
20898,IT Support
20900,Technical Support
20901,General Inquiry
20903,Product Support
20904,Technical Support
20905,Product Support
20906,Technical Support
20907,Service Outages and Maintenance
20908,Billing and Payments
20909,Technical Support
20910,IT Support
20911,Technical Support
20912,Technical Support
20913,IT Support
20915,Product Support
20916,Product Support
20917,Sales and Pre-Sales
20918,Product Support
20919,Customer Service
20920,Technical Support
20921,Technical Support
20922,Customer Service
20923,Returns and Exchanges
20924,Product Support
20925,Sales and Pre-Sales
20926,Customer Service
20927,IT Support
20928,Technical Support
20929,Technical Support
20930,Customer Service
20931,IT Support
20933,Returns and Exchanges
20934,Customer Service
20935,IT Support
20936,Product Support
20937,Product Support
20938,IT Support
20939,Customer Service
20940,Customer Service
20941,IT Support
20942,Customer Service
20943,Technical Support
20944,Billing and Payments
20945,Product Support
20946,IT Support
20947,Product Support
20948,Customer Service
20949,Product Support
20950,Technical Support
20951,Technical Support
20952,Technical Support
20953,Customer Service
20954,Product Support
20955,Technical Support
20956,IT Support
20957,Technical Support
20960,Technical Support
20961,Product Support
20962,Customer Service
20963,Billing and Payments
20964,Billing and Payments
20966,IT Support
20967,IT Support
20968,Billing and Payments
20969,IT Support
20970,General Inquiry
20971,Human Resources
20973,Technical Support
20974,Technical Support
20975,Technical Support
20976,Technical Support
20977,Returns and Exchanges
20979,Sales and Pre-Sales
20980,Service Outages and Maintenance
20981,Product Support
20982,Product Support
20984,Service Outages and Maintenance
20987,Human Resources
20988,Service Outages and Maintenance
20989,Technical Support
20991,IT Support
20992,Service Outages and Maintenance
20993,Customer Service
20994,Technical Support
20996,Technical Support
20997,Customer Service
20998,IT Support
20999,Technical Support
21001,Technical Support
21002,Customer Service
21003,Customer Service
21004,Billing and Payments
21006,Technical Support
21008,Product Support
21009,Sales and Pre-Sales
21010,Customer Service
21011,IT Support
21012,Product Support
21013,Technical Support
21017,Technical Support
21019,Technical Support
21020,Product Support
21022,Customer Service
21023,Customer Service
21025,Technical Support
21026,Technical Support
21027,Product Support
21028,Product Support
21029,Technical Support
21030,Billing and Payments
21031,Billing and Payments
21032,Technical Support
21034,Service Outages and Maintenance
21035,Technical Support
21036,Technical Support
21038,Technical Support
21039,Billing and Payments
21040,Product Support
21041,IT Support
21042,IT Support
21043,Sales and Pre-Sales
21044,Customer Service
21045,Customer Service
21046,Returns and Exchanges
21048,Human Resources
21049,Service Outages and Maintenance
21050,Technical Support
21051,IT Support
21052,Customer Service
21053,Technical Support
21054,IT Support
21055,Technical Support
21056,IT Support
21057,Product Support
21058,Customer Service
21059,Service Outages and Maintenance
21060,Technical Support
21061,Billing and Payments
21064,IT Support
21065,Product Support
21066,Customer Service
21067,Billing and Payments
21068,Billing and Payments
21069,IT Support
21072,Customer Service
21073,Product Support
21074,Customer Service
21075,Customer Service
21076,Technical Support
21077,Sales and Pre-Sales
21078,Service Outages and Maintenance
21079,Product Support
21080,Technical Support
21081,IT Support
21082,Product Support
21083,Product Support
21085,IT Support
21086,Technical Support
21087,Technical Support
21088,Technical Support
21090,Returns and Exchanges
21091,Product Support
21092,Product Support
21093,IT Support
21096,General Inquiry
21097,Service Outages and Maintenance
21098,Technical Support
21100,Technical Support
21101,IT Support
21102,General Inquiry
21104,Customer Service
21106,Technical Support
21107,Billing and Payments
21108,Customer Service
21110,Product Support
21112,Technical Support
21113,Technical Support
21114,Product Support
21115,IT Support
21116,Technical Support
21117,IT Support
21118,Returns and Exchanges
21119,Customer Service
21120,Technical Support
21121,Returns and Exchanges
21122,IT Support
21123,Technical Support
21124,Product Support
21125,Product Support
21127,Technical Support
21128,Customer Service
21131,Product Support
21132,IT Support
21133,Customer Service
21134,Service Outages and Maintenance
21135,Technical Support
21136,Technical Support
21137,Technical Support
21138,Product Support
21139,Customer Service
21140,Product Support
21141,Technical Support
21142,Product Support
21143,Technical Support
21144,Human Resources
21145,Returns and Exchanges
21146,Returns and Exchanges
21148,Customer Service
21149,Product Support
21150,Product Support
21151,Product Support
21152,IT Support
21153,Technical Support
21154,Human Resources
21155,Product Support
21156,Product Support
21157,IT Support
21159,Customer Service
21160,Billing and Payments
21163,IT Support
21165,Product Support
21166,Technical Support
21167,IT Support
21168,Product Support
21170,Product Support
21171,Billing and Payments
21172,Customer Service
21173,Technical Support
21174,IT Support
21175,IT Support
21176,Technical Support
21177,Returns and Exchanges
21178,Billing and Payments
21179,IT Support
21180,Billing and Payments
21182,Customer Service
21183,IT Support
21186,Technical Support
21187,Customer Service
21188,Technical Support
21189,Billing and Payments
21190,IT Support
21191,Customer Service
21192,Service Outages and Maintenance
21193,Billing and Payments
21194,Billing and Payments
21195,Billing and Payments
21196,Human Resources
21199,Technical Support
21200,Product Support
21201,Billing and Payments
21202,Product Support
21203,Product Support
21204,Billing and Payments
21205,Technical Support
21206,Customer Service
21208,Technical Support
21209,Customer Service
21211,IT Support
21212,Technical Support
21214,Technical Support
21215,Human Resources
21216,Product Support
21217,Customer Service
21218,Technical Support
21219,Billing and Payments
21220,Customer Service
21221,Billing and Payments
21222,Billing and Payments
21223,Technical Support
21225,Technical Support
21227,Technical Support
21228,Product Support
21230,Customer Service
21231,Sales and Pre-Sales
21232,Technical Support
21234,Product Support
21235,Product Support
21236,Product Support
21237,Technical Support
21238,Technical Support
21239,Billing and Payments
21241,Product Support
21242,Customer Service
21243,Technical Support
21244,Technical Support
21245,Technical Support
21246,Product Support
21247,Technical Support
21248,Customer Service
21249,IT Support
21250,General Inquiry
21251,Technical Support
21253,Billing and Payments
21255,Customer Service
21256,Human Resources
21257,Billing and Payments
21258,Customer Service
21259,Technical Support
21260,IT Support
21261,Returns and Exchanges
21263,Customer Service
21264,Billing and Payments
21265,Technical Support
21266,Technical Support
21268,Product Support
21269,Customer Service
21270,Technical Support
21271,IT Support
21272,Technical Support
21275,Technical Support
21276,Technical Support
21277,Technical Support
21278,Technical Support
21279,Customer Service
21280,IT Support
21282,Technical Support
21283,Product Support
21285,IT Support
21286,Customer Service
21288,Billing and Payments
21289,Customer Service
21290,Technical Support
21291,Product Support
21292,Billing and Payments
21293,Technical Support
21294,Technical Support
21297,Returns and Exchanges
21298,Billing and Payments
21299,Technical Support
21300,Product Support
21301,Billing and Payments
21305,Technical Support
21306,Product Support
21307,Technical Support
21308,Technical Support
21309,Billing and Payments
21311,Technical Support
21312,Product Support
21313,Technical Support
21314,Customer Service
21315,Customer Service
21317,Product Support
21318,Technical Support
21319,IT Support
21320,Product Support
21321,Billing and Payments
21322,Technical Support
21323,Technical Support
21324,IT Support
21326,Billing and Payments
21329,Technical Support
21331,IT Support
21332,IT Support
21334,Product Support
21336,Technical Support
21337,Technical Support
21338,Product Support
21339,General Inquiry
21340,Product Support
21341,Technical Support
21342,Technical Support
21343,Technical Support
21344,IT Support
21345,Product Support
21347,Technical Support
21348,Technical Support
21349,Product Support
21351,IT Support
21352,Technical Support
21353,Technical Support
21354,IT Support
21356,Product Support
21357,Billing and Payments
21358,Technical Support
21359,Billing and Payments
21360,IT Support
21362,Customer Service
21363,Technical Support
21364,Technical Support
21365,Sales and Pre-Sales
21366,IT Support
21367,Technical Support
21368,Sales and Pre-Sales
21369,Product Support
21370,Billing and Payments
21371,Technical Support
21372,IT Support
21373,Customer Service
21374,Product Support
21375,Returns and Exchanges
21376,Technical Support
21377,Technical Support
21378,Service Outages and Maintenance
21379,Technical Support
21380,IT Support
21381,Product Support
21382,Technical Support
21383,IT Support
21384,Product Support
21385,General Inquiry
21386,Technical Support
21387,Product Support
21389,Sales and Pre-Sales
21390,Service Outages and Maintenance
21391,IT Support
21392,Product Support
21394,Product Support
21395,Customer Service
21396,Billing and Payments
21397,IT Support
21398,Customer Service
21399,Technical Support
21401,General Inquiry
21403,Technical Support
21405,Sales and Pre-Sales
21406,Customer Service
21407,Product Support
21408,Customer Service
21410,IT Support
21411,Product Support
21412,Product Support
21414,Technical Support
21415,Technical Support
21416,Human Resources
21417,Returns and Exchanges
21421,Product Support
21422,IT Support
21424,Customer Service
21425,Billing and Payments
21426,Technical Support
21427,Customer Service
21428,Product Support
21429,Billing and Payments
21430,Technical Support
21431,IT Support
21432,Customer Service
21433,Billing and Payments
21434,Returns and Exchanges
21435,Service Outages and Maintenance
21436,Technical Support
21440,Returns and Exchanges
21441,Technical Support
21442,Technical Support
21444,Returns and Exchanges
21445,Product Support
21447,Billing and Payments
21448,IT Support
21450,Billing and Payments
21451,Billing and Payments
21452,Customer Service
21453,Customer Service
21454,Billing and Payments
21455,Technical Support
21456,Customer Service
21457,Customer Service
21458,Billing and Payments
21459,Technical Support
21460,IT Support
21461,Product Support
21462,Product Support
21464,Customer Service
21465,Human Resources
21467,Technical Support
21468,Technical Support
21470,Customer Service
21471,Service Outages and Maintenance
21472,Technical Support
21473,Technical Support
21475,Technical Support
21476,IT Support
21478,Technical Support
21479,Customer Service
21480,Technical Support
21481,Technical Support
21482,Product Support
21483,Product Support
21485,Returns and Exchanges
21486,Technical Support
21487,Customer Service
21491,Customer Service
21492,Service Outages and Maintenance
21493,Customer Service
21494,IT Support
21495,Technical Support
21496,Technical Support
21498,Technical Support
21499,Billing and Payments
21500,Billing and Payments
21501,Billing and Payments
21502,Customer Service
21503,Customer Service
21504,Technical Support
21505,Product Support
21506,Product Support
21507,Technical Support
21508,IT Support
21509,Technical Support
21510,Product Support
21511,Customer Service
21512,Service Outages and Maintenance
21513,Product Support
21514,Technical Support
21515,IT Support
21516,Product Support
21517,Human Resources
21519,IT Support
21520,Customer Service
21521,Service Outages and Maintenance
21524,Billing and Payments
21525,Product Support
21526,General Inquiry
21527,Technical Support
21528,Customer Service
21529,Returns and Exchanges
21532,Product Support
21533,Product Support
21534,Product Support
21535,Technical Support
21536,Customer Service
21537,Product Support
21538,IT Support
21539,IT Support
21540,Returns and Exchanges
21541,Billing and Payments
21542,Product Support
21543,Returns and Exchanges
21544,Technical Support
21546,Billing and Payments
21547,Technical Support
21548,General Inquiry
21549,Technical Support
21551,Product Support
21552,Technical Support
21553,Billing and Payments
21554,Billing and Payments
21555,Product Support
21556,Technical Support
21557,IT Support
21558,Technical Support
21559,Returns and Exchanges
21560,Returns and Exchanges
21562,IT Support
21563,Billing and Payments
21564,Technical Support
21566,Customer Service
21567,Product Support
21568,Service Outages and Maintenance
21569,Technical Support
21570,Technical Support
21571,Technical Support
21572,Billing and Payments
21574,Billing and Payments
21575,Technical Support
21576,Technical Support
21577,Sales and Pre-Sales
21578,Returns and Exchanges
21579,Returns and Exchanges
21580,Technical Support
21581,Customer Service
21582,IT Support
21583,Service Outages and Maintenance
21584,Technical Support
21585,IT Support
21590,Product Support
21591,Technical Support
21592,IT Support
21593,Technical Support
21594,Product Support
21595,Billing and Payments
21596,Billing and Payments
21597,Sales and Pre-Sales
21599,IT Support
21600,IT Support
21601,Technical Support
21602,Technical Support
21603,Technical Support
21604,Technical Support
21605,Returns and Exchanges
21606,Product Support
21607,Customer Service
21608,Technical Support
21609,IT Support
21610,Customer Service
21611,Technical Support
21612,IT Support
21613,Technical Support
21615,Customer Service
21616,Technical Support
21617,Product Support
21618,Technical Support
21619,Technical Support
21621,IT Support
21622,Customer Service
21623,Billing and Payments
21624,Technical Support
21625,Technical Support
21626,Product Support
21627,Technical Support
21628,Technical Support
21629,Technical Support
21630,Sales and Pre-Sales
21631,Technical Support
21632,Billing and Payments
21636,Customer Service
21637,Billing and Payments
21638,IT Support
21639,Returns and Exchanges
21640,IT Support
21644,Technical Support
21645,Product Support
21646,Technical Support
21647,Technical Support
21648,Product Support
21649,Customer Service
21650,Technical Support
21653,Product Support
21654,Service Outages and Maintenance
21655,Returns and Exchanges
21657,Customer Service
21658,Technical Support
21659,Product Support
21660,Billing and Payments
21661,Product Support
21662,Technical Support
21663,Returns and Exchanges
21664,Customer Service
21665,Returns and Exchanges
21668,Technical Support
21669,Technical Support
21670,Billing and Payments
21671,Sales and Pre-Sales
21672,Customer Service
21674,Sales and Pre-Sales
21675,Technical Support
21677,Product Support
21679,IT Support
21680,Technical Support
21681,Technical Support
21682,IT Support
21683,IT Support
21685,Customer Service
21686,Billing and Payments
21687,Customer Service
21688,Product Support
21689,Human Resources
21690,Product Support
21692,Technical Support
21693,IT Support
21694,Billing and Payments
21695,Technical Support
21696,IT Support
21697,Technical Support
21699,Product Support
21701,Customer Service
21702,Technical Support
21704,Technical Support
21705,Customer Service
21706,Customer Service
21708,Product Support
21709,Service Outages and Maintenance
21711,Billing and Payments
21712,Technical Support
21713,Technical Support
21714,Billing and Payments
21715,Technical Support
21716,Billing and Payments
21717,Billing and Payments
21718,Technical Support
21719,Customer Service
21721,Product Support
21722,Product Support
21724,Billing and Payments
21725,Technical Support
21726,Product Support
21727,Product Support
21728,IT Support
21729,Product Support
21730,Technical Support
21731,Service Outages and Maintenance
21732,Customer Service
21733,Product Support
21734,Technical Support
21735,Sales and Pre-Sales
21736,Billing and Payments
21737,IT Support
21738,Product Support
21739,Billing and Payments
21740,General Inquiry
21741,IT Support
21743,Service Outages and Maintenance
21744,Technical Support
21745,Product Support
21747,Technical Support
21751,Product Support
21752,IT Support
21754,Technical Support
21756,General Inquiry
21757,Technical Support
21758,IT Support
21759,Service Outages and Maintenance
21760,Technical Support
21761,Product Support
21763,Technical Support
21764,Human Resources
21766,Technical Support
21767,Technical Support
21769,Service Outages and Maintenance
21770,Technical Support
21771,Returns and Exchanges
21772,Product Support
21773,Billing and Payments
21774,Technical Support
21775,Customer Service
21776,IT Support
21777,Technical Support
21778,Technical Support
21779,IT Support
21780,Product Support
21781,Technical Support
21782,Technical Support
21783,IT Support
21785,IT Support
21786,Customer Service
21787,Technical Support
21788,Customer Service
21790,Product Support
21791,IT Support
21792,Returns and Exchanges
21794,Product Support
21795,Technical Support
21796,Product Support
21797,Customer Service
21799,Product Support
21800,Service Outages and Maintenance
21801,Product Support
21802,Technical Support
21803,Customer Service
21805,Product Support
21806,Billing and Payments
21807,Billing and Payments
21808,Technical Support
21809,Returns and Exchanges
21810,Billing and Payments
21813,Billing and Payments
21814,IT Support
21815,Service Outages and Maintenance
21816,IT Support
21817,Technical Support
21819,Customer Service
21822,Human Resources
21823,Technical Support
21824,Returns and Exchanges
21825,Product Support
21827,IT Support
21829,IT Support
21831,Product Support
21832,Billing and Payments
21833,Technical Support
21834,Technical Support
21836,Technical Support
21837,IT Support
21839,Billing and Payments
21840,IT Support
21841,Product Support
21842,Technical Support
21843,Technical Support
21844,Technical Support
21845,Service Outages and Maintenance
21846,Technical Support
21847,Customer Service
21848,Customer Service
21849,IT Support
21850,Product Support
21851,Product Support
21852,Customer Service
21853,Technical Support
21855,Product Support
21856,Technical Support
21858,Product Support
21859,Technical Support
21860,Technical Support
21861,Returns and Exchanges
21862,Technical Support
21863,Product Support
21866,Customer Service
21867,Product Support
21868,Technical Support
21870,Customer Service
21871,Technical Support
21872,IT Support
21873,General Inquiry
21874,Billing and Payments
21875,Technical Support
21876,Customer Service
21877,Product Support
21878,Technical Support
21880,Customer Service
21881,Billing and Payments
21882,Sales and Pre-Sales
21883,Technical Support
21884,Service Outages and Maintenance
21885,Product Support
21886,Billing and Payments
21887,Technical Support
21888,Product Support
21889,Product Support
21890,Product Support
21891,Customer Service
21892,Service Outages and Maintenance
21893,General Inquiry
21894,Technical Support
21895,Customer Service
21898,IT Support
21899,Billing and Payments
21900,Billing and Payments
21902,Returns and Exchanges
21903,Customer Service
21904,Sales and Pre-Sales
21906,Sales and Pre-Sales
21908,Technical Support
21909,Product Support
21910,Billing and Payments
21912,Customer Service
21913,IT Support
21914,Technical Support
21915,IT Support
21916,Product Support
21917,Product Support
21918,IT Support
21919,Returns and Exchanges
21920,Technical Support
21921,Technical Support
21922,Customer Service
21923,Technical Support
21925,IT Support
21926,IT Support
21927,Technical Support
21929,IT Support
21930,Customer Service
21931,Technical Support
21932,IT Support
21933,Technical Support
21935,Billing and Payments
21936,Billing and Payments
21937,Customer Service
21941,Technical Support
21942,Sales and Pre-Sales
21943,Billing and Payments
21944,Technical Support
21945,Returns and Exchanges
21947,Customer Service
21948,IT Support
21949,Customer Service
21950,Customer Service
21951,Human Resources
21953,Product Support
21954,IT Support
21955,IT Support
21956,Technical Support
21957,IT Support
21958,Product Support
21959,Technical Support
21961,Product Support
21962,Product Support
21964,Product Support
21965,IT Support
21966,Service Outages and Maintenance
21967,Billing and Payments
21968,Product Support
21969,Billing and Payments
21970,Product Support
21971,Product Support
21972,Billing and Payments
21973,Technical Support
21975,Product Support
21976,IT Support
21979,Customer Service
21980,IT Support
21981,Technical Support
21982,Billing and Payments
21984,Technical Support
21985,Product Support
21986,Product Support
21987,General Inquiry
21988,Technical Support
21989,Billing and Payments
21990,Service Outages and Maintenance
21991,Billing and Payments
21992,Product Support
21994,IT Support
21995,IT Support
21996,Customer Service
21997,Customer Service
21998,Billing and Payments
22000,IT Support
22001,IT Support
22002,IT Support
22003,Customer Service
22004,Returns and Exchanges
22005,Product Support
22007,Customer Service
22008,Product Support
22009,Human Resources
22010,Billing and Payments
22011,Customer Service
22012,Billing and Payments
22013,Product Support
22014,IT Support
22016,IT Support
22017,Technical Support
22018,Product Support
22019,Product Support
22020,Technical Support
22021,Technical Support
22022,Billing and Payments
22024,Customer Service
22025,Technical Support
22027,Technical Support
22028,Sales and Pre-Sales
22029,Product Support
22030,IT Support
22031,Technical Support
22032,Product Support
22033,Technical Support
22035,Technical Support
22036,Technical Support
22037,Product Support
22039,Product Support
22040,Sales and Pre-Sales
22041,Technical Support
22042,Service Outages and Maintenance
22043,IT Support
22044,Technical Support
22045,Customer Service
22047,Technical Support
22048,Technical Support
22049,Technical Support
22050,Customer Service
22051,Product Support
22052,General Inquiry
22053,Customer Service
22054,Technical Support
22055,Billing and Payments
22057,Billing and Payments
22060,Billing and Payments
22062,Product Support
22063,Human Resources
22064,Technical Support
22065,Customer Service
22066,Product Support
22067,Returns and Exchanges
22068,Technical Support
22069,Returns and Exchanges
22070,Technical Support
22071,Billing and Payments
22072,Technical Support
22073,Technical Support
22075,Customer Service
22076,Service Outages and Maintenance
22077,Human Resources
22079,Billing and Payments
22083,Product Support
22084,Technical Support
22085,Service Outages and Maintenance
22086,Returns and Exchanges
22087,Human Resources
22088,Product Support
22089,Product Support
22090,Technical Support
22091,Technical Support
22092,Returns and Exchanges
22094,Product Support
22095,Customer Service
22096,Technical Support
22097,Technical Support
22098,Returns and Exchanges
22099,Product Support
22100,Returns and Exchanges
22101,Customer Service
22102,Technical Support
22103,Product Support
22104,Sales and Pre-Sales
22105,IT Support
22106,Customer Service
22107,Customer Service
22109,Billing and Payments
22110,Product Support
22111,Returns and Exchanges
22112,Billing and Payments
22113,Technical Support
22115,Product Support
22116,Technical Support
22117,Billing and Payments
22118,Product Support
22119,Customer Service
22120,Technical Support
22121,Product Support
22122,Product Support
22124,Technical Support
22126,Billing and Payments
22127,IT Support
22128,Technical Support
22129,Technical Support
22130,Technical Support
22131,IT Support
22133,Product Support
22134,Technical Support
22135,Product Support
22137,IT Support
22139,Technical Support
22140,Product Support
22141,IT Support
22142,Returns and Exchanges
22143,Technical Support
22144,Technical Support
22145,Technical Support
22148,Technical Support
22149,Product Support
22150,Product Support
22151,Customer Service
22155,Technical Support
22156,Sales and Pre-Sales
22157,Customer Service
22158,Customer Service
22159,IT Support
22160,Technical Support
22161,Billing and Payments
22162,IT Support
22163,Billing and Payments
22164,Product Support
22165,Customer Service
22169,Product Support
22170,Technical Support
22171,Technical Support
22173,Customer Service
22174,Product Support
22175,Service Outages and Maintenance
22176,Customer Service
22177,Billing and Payments
22178,Returns and Exchanges
22179,IT Support
22180,Billing and Payments
22182,Technical Support
22183,Technical Support
22185,Product Support
22186,Product Support
22187,IT Support
22188,Returns and Exchanges
22189,Customer Service
22190,Human Resources
22192,Customer Service
22193,Returns and Exchanges
22194,Product Support
22195,Product Support
22196,Sales and Pre-Sales
22197,IT Support
22198,Product Support
22199,Technical Support
22200,IT Support
22202,IT Support
22205,Service Outages and Maintenance
22207,Billing and Payments
22208,Service Outages and Maintenance
22209,Sales and Pre-Sales
22211,Human Resources
22212,Product Support
22213,Technical Support
22214,Technical Support
22215,Technical Support
22216,Customer Service
22217,Returns and Exchanges
22218,IT Support
22219,Product Support
22221,Product Support
22222,Customer Service
22224,Product Support
22228,IT Support
22229,Billing and Payments
22231,Returns and Exchanges
22232,IT Support
22233,Billing and Payments
22236,Technical Support
22237,Returns and Exchanges
22238,Product Support
22240,Technical Support
22241,Technical Support
22242,Technical Support
22244,Customer Service
22245,Returns and Exchanges
22246,Technical Support
22248,Product Support
22250,Technical Support
22251,Billing and Payments
22252,Billing and Payments
22253,IT Support
22254,IT Support
22255,IT Support
22256,Product Support
22257,Product Support
22258,Product Support
22259,Human Resources
22261,Technical Support
22262,Technical Support
22263,Returns and Exchanges
22265,Product Support
22266,Technical Support
22267,Product Support
22268,Service Outages and Maintenance
22270,Product Support
22271,Customer Service
22272,Technical Support
22273,Customer Service
22274,IT Support
22275,Customer Service
22276,Technical Support
22277,Technical Support
22278,Returns and Exchanges
22280,Technical Support
22281,Returns and Exchanges
22283,Customer Service
22284,IT Support
22285,Technical Support
22286,Technical Support
22287,IT Support
22290,Billing and Payments
22296,Product Support
22297,Product Support
22298,Product Support
22300,Product Support
22301,Returns and Exchanges
22302,Returns and Exchanges
22304,Technical Support
22305,Technical Support
22308,Customer Service
22310,Technical Support
22311,Technical Support
22312,Technical Support
22313,Customer Service
22314,Product Support
22315,Billing and Payments
22316,Returns and Exchanges
22317,Billing and Payments
22318,Technical Support
22319,Customer Service
22320,Customer Service
22321,Product Support
22323,IT Support
22324,Technical Support
22325,Returns and Exchanges
22326,Service Outages and Maintenance
22327,Product Support
22330,Sales and Pre-Sales
22331,Customer Service
22332,Billing and Payments
22333,Returns and Exchanges
22334,Product Support
22335,Sales and Pre-Sales
22336,Technical Support
22338,Customer Service
22339,IT Support
22341,IT Support
22343,Customer Service
22344,IT Support
22345,Returns and Exchanges
22346,IT Support
22347,Technical Support
22348,Technical Support
22350,Technical Support
22351,Product Support
22352,IT Support
22353,Customer Service
22354,Customer Service
22356,IT Support
22358,Billing and Payments
22359,Customer Service
22360,Sales and Pre-Sales
22363,Billing and Payments
22364,Technical Support
22365,Billing and Payments
22366,Billing and Payments
22367,Technical Support
22369,Sales and Pre-Sales
22370,Technical Support
22371,IT Support
22373,Customer Service
22374,Technical Support
22376,Billing and Payments
22377,Product Support
22378,Technical Support
22379,IT Support
22381,Technical Support
22382,Human Resources
22383,Billing and Payments
22384,Customer Service
22385,Billing and Payments
22386,General Inquiry
22387,Technical Support
22388,Customer Service
22389,Sales and Pre-Sales
22390,Product Support
22391,Technical Support
22392,Technical Support
22393,Returns and Exchanges
22394,Technical Support
22395,Technical Support
22396,Technical Support
22397,IT Support
22398,Technical Support
22399,Customer Service
22401,Product Support
22402,Returns and Exchanges
22403,Product Support
22404,Technical Support
22405,Technical Support
22406,Technical Support
22407,Returns and Exchanges
22408,Technical Support
22409,Customer Service
22410,Technical Support
22411,Technical Support
22412,Technical Support
22413,Technical Support
22414,Product Support
22415,Technical Support
22416,IT Support
22417,Customer Service
22418,Billing and Payments
22419,Sales and Pre-Sales
22420,IT Support
22421,Customer Service
22422,Product Support
22423,Product Support
22424,IT Support
22425,Technical Support
22426,IT Support
22427,Technical Support
22428,Returns and Exchanges
22429,Customer Service
22431,Returns and Exchanges
22432,Returns and Exchanges
22433,Customer Service
22434,IT Support
22435,Customer Service
22436,Product Support
22437,Customer Service
22438,Service Outages and Maintenance
22441,Technical Support
22442,Billing and Payments
22443,Technical Support
22444,Product Support
22445,Customer Service
22448,Product Support
22449,Human Resources
22450,Sales and Pre-Sales
22453,Technical Support
22454,Product Support
22455,IT Support
22456,Service Outages and Maintenance
22457,IT Support
22458,Technical Support
22460,Technical Support
22461,IT Support
22463,Product Support
22466,Customer Service
22467,Product Support
22469,Technical Support
22470,Technical Support
22471,IT Support
22472,Returns and Exchanges
22474,Billing and Payments
22475,Technical Support
22476,General Inquiry
22477,Product Support
22478,Technical Support
22479,Technical Support
22480,Technical Support
22481,Technical Support
22482,Customer Service
22483,Product Support
22485,Product Support
22486,Billing and Payments
22487,IT Support
22488,IT Support
22489,Product Support
22491,Customer Service
22492,Service Outages and Maintenance
22493,Technical Support
22495,Returns and Exchanges
22497,Billing and Payments
22500,Billing and Payments
22501,Technical Support
22502,Technical Support
22503,Product Support
22505,Customer Service
22507,Customer Service
22509,Billing and Payments
22510,Product Support
22511,Service Outages and Maintenance
22512,Billing and Payments
22513,IT Support
22514,IT Support
22516,Billing and Payments
22518,General Inquiry
22519,Product Support
22520,Technical Support
22521,Technical Support
22522,Billing and Payments
22523,Customer Service
22524,Technical Support
22525,Technical Support
22526,Technical Support
22527,Technical Support
22528,Customer Service
22529,Customer Service
22530,Product Support
22531,Customer Service
22532,Technical Support
22534,Product Support
22535,Technical Support
22537,Product Support
22539,Technical Support
22540,Product Support
22541,Technical Support
22542,Technical Support
22543,Service Outages and Maintenance
22544,Customer Service
22545,IT Support
22546,Product Support
22547,Customer Service
22548,Billing and Payments
22550,Product Support
22551,Product Support
22552,Returns and Exchanges
22553,Technical Support
22554,Technical Support
22556,Technical Support
22558,Product Support
22559,Service Outages and Maintenance
22560,Customer Service
22561,Technical Support
22562,IT Support
22564,Technical Support
22565,Product Support
22566,Technical Support
22567,Technical Support
22568,Product Support
22569,Technical Support
22570,Product Support
22573,Customer Service
22574,Product Support
22575,Billing and Payments
22577,Sales and Pre-Sales
22578,Product Support
22579,Technical Support
22580,Product Support
22582,Returns and Exchanges
22583,Customer Service
22586,Customer Service
22587,Technical Support
22588,Customer Service
22589,Returns and Exchanges
22592,Billing and Payments
22593,Customer Service
22594,Product Support
22596,Customer Service
22597,Billing and Payments
22598,Billing and Payments
22599,Product Support
22601,Technical Support
22602,IT Support
22604,Technical Support
22606,IT Support
22609,Customer Service
22610,Service Outages and Maintenance
22611,Billing and Payments
22612,Technical Support
22613,Technical Support
22615,Billing and Payments
22616,Technical Support
22617,Technical Support
22618,Billing and Payments
22619,Technical Support
22620,Customer Service
22621,Product Support
22622,Billing and Payments
22624,Technical Support
22625,Customer Service
22626,Returns and Exchanges
22628,Customer Service
22629,General Inquiry
22632,Technical Support
22633,Technical Support
22634,Technical Support
22636,Service Outages and Maintenance
22637,IT Support
22638,Technical Support
22640,Customer Service
22642,Customer Service
22643,Billing and Payments
22644,IT Support
22645,Technical Support
22646,Customer Service
22647,IT Support
22648,Technical Support
22649,Customer Service
22650,Product Support
22651,Technical Support
22652,Technical Support
22654,Billing and Payments
22655,Billing and Payments
22656,Billing and Payments
22658,IT Support
22659,Product Support
22661,Technical Support
22662,Returns and Exchanges
22664,Technical Support
22666,Customer Service
22667,Product Support
22668,IT Support
22669,Product Support
22671,Product Support
22672,Technical Support
22673,IT Support
22674,Technical Support
22675,Product Support
22676,Customer Service
22677,Service Outages and Maintenance
22678,Customer Service
22679,Product Support
22680,Billing and Payments
22682,IT Support
22683,Billing and Payments
22684,Product Support
22685,Human Resources
22686,Product Support
22687,Service Outages and Maintenance
22688,Technical Support
22689,Human Resources
22690,Billing and Payments
22692,Product Support
22693,Product Support
22694,IT Support
22695,IT Support
22696,Technical Support
22697,Billing and Payments
22699,Product Support
22700,Human Resources
22701,Technical Support
22702,Human Resources
22705,Product Support
22706,IT Support
22707,Product Support
22708,Returns and Exchanges
22709,Returns and Exchanges
22710,IT Support
22711,Technical Support
22712,Product Support
22713,Technical Support
22714,Product Support
22715,Service Outages and Maintenance
22716,General Inquiry
22717,IT Support
22718,Technical Support
22719,Technical Support
22721,Product Support
22722,Billing and Payments
22723,Technical Support
22724,Billing and Payments
22725,Product Support
22726,Customer Service
22727,IT Support
22729,Product Support
22730,Customer Service
22731,IT Support
22732,Technical Support
22733,Technical Support
22734,Product Support
22735,IT Support
22736,Customer Service
22737,Technical Support
22738,IT Support
22739,Technical Support
22740,Product Support
22741,Billing and Payments
22742,Technical Support
22743,Technical Support
22745,Returns and Exchanges
22746,Product Support
22748,Technical Support
22749,Customer Service
22750,Technical Support
22751,Technical Support
22752,Returns and Exchanges
22754,Customer Service
22755,Technical Support
22756,Service Outages and Maintenance
22757,Sales and Pre-Sales
22758,Technical Support
22759,Technical Support
22760,Customer Service
22761,Service Outages and Maintenance
22762,Technical Support
22763,Customer Service
22764,Customer Service
22766,Customer Service
22767,Customer Service
22768,Technical Support
22769,Product Support
22770,Sales and Pre-Sales
22771,Technical Support
22772,Product Support
22773,Customer Service
22776,Technical Support
22779,Billing and Payments
22781,Customer Service
22782,Service Outages and Maintenance
22784,Technical Support
22785,Technical Support
22786,Product Support
22787,IT Support
22788,Product Support
22789,Technical Support
22790,Product Support
22792,Product Support
22793,Product Support
22794,Customer Service
22796,IT Support
22797,Sales and Pre-Sales
22798,IT Support
22800,Technical Support
22801,Technical Support
22802,Billing and Payments
22803,Technical Support
22804,IT Support
22805,Customer Service
22806,Technical Support
22809,IT Support
22810,Product Support
22811,IT Support
22812,Product Support
22816,IT Support
22817,Product Support
22819,Technical Support
22820,Customer Service
22822,Service Outages and Maintenance
22823,Billing and Payments
22824,Technical Support
22825,Billing and Payments
22827,Technical Support
22828,Service Outages and Maintenance
22829,Customer Service
22831,Technical Support
22832,IT Support
22833,Billing and Payments
22834,Technical Support
22835,Customer Service
22836,Sales and Pre-Sales
22837,IT Support
22839,Technical Support
22840,Technical Support
22841,Technical Support
22842,Billing and Payments
22843,Technical Support
22844,Technical Support
22845,Customer Service
22846,IT Support
22849,Sales and Pre-Sales
22850,Customer Service
22852,Service Outages and Maintenance
22853,Service Outages and Maintenance
22854,Product Support
22855,General Inquiry
22856,Product Support
22857,Product Support
22858,Technical Support
22859,IT Support
22861,Customer Service
22862,Technical Support
22863,Billing and Payments
22864,IT Support
22865,Customer Service
22868,Product Support
22869,Product Support
22870,IT Support
22872,Product Support
22873,Product Support
22874,Product Support
22876,Technical Support
22877,Product Support
22878,Customer Service
22880,Technical Support
22881,Billing and Payments
22883,Product Support
22884,Product Support
22885,IT Support
22886,Sales and Pre-Sales
22887,Product Support
22888,Product Support
22889,Product Support
22892,Technical Support
22893,Customer Service
22894,Returns and Exchanges
22895,Technical Support
22896,Returns and Exchanges
22897,Product Support
22898,Customer Service
22900,Billing and Payments
22901,Customer Service
22902,Customer Service
22903,Customer Service
22905,Product Support
22906,Product Support
22907,Product Support
22909,Technical Support
22911,Billing and Payments
22912,Product Support
22913,Human Resources
22914,Human Resources
22915,Product Support
22916,Product Support
22917,IT Support
22918,Returns and Exchanges
22919,IT Support
22920,Technical Support
22921,Customer Service
22922,Billing and Payments
22923,Customer Service
22924,IT Support
22925,Customer Service
22926,Technical Support
22927,Customer Service
22928,IT Support
22929,Product Support
22930,IT Support
22931,Billing and Payments
22933,Product Support
22934,Technical Support
22935,Billing and Payments
22936,Technical Support
22937,Customer Service
22938,Human Resources
22939,IT Support
22941,Customer Service
22942,Product Support
22943,Billing and Payments
22944,Sales and Pre-Sales
22945,Product Support
22946,Billing and Payments
22948,IT Support
22949,Technical Support
22950,Billing and Payments
22951,Product Support
22952,Product Support
22954,Billing and Payments
22955,Customer Service
22957,Technical Support
22959,IT Support
22960,IT Support
22961,Technical Support
22962,General Inquiry
22964,Technical Support
22965,Technical Support
22966,Service Outages and Maintenance
22967,Technical Support
22968,Customer Service
22969,Technical Support
22971,Technical Support
22972,Billing and Payments
22973,General Inquiry
22975,Billing and Payments
22976,Billing and Payments
22978,Customer Service
22979,Billing and Payments
22980,Product Support
22981,Product Support
22982,Technical Support
22983,Technical Support
22985,Product Support
22986,Returns and Exchanges
22988,Sales and Pre-Sales
22989,Human Resources
22990,Product Support
22991,Product Support
22992,IT Support
22993,Returns and Exchanges
22994,Technical Support
22995,Service Outages and Maintenance
22996,Product Support
22998,Customer Service
22999,Technical Support
23000,Technical Support
23001,Technical Support
23002,Technical Support
23003,General Inquiry
23005,IT Support
23006,Product Support
23007,Technical Support
23008,Technical Support
23009,Technical Support
23010,IT Support
23011,Customer Service
23012,Technical Support
23013,Customer Service
23014,General Inquiry
23015,Product Support
23017,Technical Support
23018,Billing and Payments
23019,Customer Service
23020,Billing and Payments
23022,Technical Support
23023,Returns and Exchanges
23024,Returns and Exchanges
23025,Customer Service
23026,Billing and Payments
23027,Product Support
23028,Technical Support
23029,Returns and Exchanges
23030,General Inquiry
23031,Technical Support
23033,Technical Support
23034,Technical Support
23035,Customer Service
23036,Product Support
23038,Technical Support
23039,Customer Service
23040,Product Support
23041,Product Support
23042,Human Resources
23043,Customer Service
23044,Technical Support
23046,Technical Support
23047,IT Support
23048,Technical Support
23049,Product Support
23050,Technical Support
23051,IT Support
23052,Technical Support
23053,Product Support
23054,Product Support
23056,Customer Service
23057,Product Support
23058,Technical Support
23059,Product Support
23060,Sales and Pre-Sales
23061,Product Support
23063,Billing and Payments
23064,IT Support
23065,Technical Support
23066,IT Support
23067,Billing and Payments
23068,IT Support
23069,Product Support
23071,Technical Support
23072,Billing and Payments
23073,Customer Service
23074,Technical Support
23075,Product Support
23076,Product Support
23077,Returns and Exchanges
23078,Technical Support
23079,Product Support
23080,Product Support
23082,Product Support
23083,Technical Support
23084,Billing and Payments
23085,Returns and Exchanges
23086,Product Support
23088,Sales and Pre-Sales
23089,Returns and Exchanges
23090,Product Support
23092,Product Support
23093,Customer Service
23094,Product Support
23095,Sales and Pre-Sales
23096,Technical Support
23097,Technical Support
23098,Product Support
23099,Technical Support
23101,Technical Support
23102,IT Support
23103,Technical Support
23104,Billing and Payments
23105,IT Support
23108,Product Support
23109,Billing and Payments
23111,Returns and Exchanges
23112,Technical Support
23113,Technical Support
23114,Technical Support
23116,Billing and Payments
23117,Product Support
23118,Customer Service
23119,Technical Support
23121,Billing and Payments
23122,Product Support
23124,Customer Service
23126,Returns and Exchanges
23128,Product Support
23129,General Inquiry
23132,Customer Service
23133,Customer Service
23134,Technical Support
23135,Customer Service
23136,General Inquiry
23137,IT Support
23138,Billing and Payments
23139,IT Support
23140,Customer Service
23141,Technical Support
23142,Billing and Payments
23143,Sales and Pre-Sales
23145,Returns and Exchanges
23146,Product Support
23149,Technical Support
23150,Sales and Pre-Sales
23151,Customer Service
23155,Returns and Exchanges
23156,Billing and Payments
23157,IT Support
23158,General Inquiry
23160,Product Support
23161,Customer Service
23162,Technical Support
23163,Product Support
23164,Technical Support
23165,Technical Support
23166,Technical Support
23167,Sales and Pre-Sales
23169,Customer Service
23170,Product Support
23172,Customer Service
23174,Technical Support
23175,Customer Service
23178,Technical Support
23179,Technical Support
23180,Returns and Exchanges
23181,Technical Support
23183,Product Support
23184,Customer Service
23185,Technical Support
23186,Technical Support
23187,IT Support
23189,Billing and Payments
23190,Billing and Payments
23191,IT Support
23192,Returns and Exchanges
23193,IT Support
23194,Product Support
23195,Product Support
23196,Human Resources
23197,Technical Support
23198,Billing and Payments
23200,IT Support
23201,Returns and Exchanges
23204,Product Support
23205,Product Support
23206,Technical Support
23208,Product Support
23210,Billing and Payments
23211,Billing and Payments
23212,Product Support
23213,Technical Support
23214,Product Support
23215,Returns and Exchanges
23216,Billing and Payments
23218,Technical Support
23219,Technical Support
23220,Service Outages and Maintenance
23222,Sales and Pre-Sales
23223,Product Support
23224,Technical Support
23225,Returns and Exchanges
23226,IT Support
23227,Technical Support
23228,Technical Support
23230,IT Support
23231,Product Support
23232,Billing and Payments
23233,Service Outages and Maintenance
23235,Technical Support
23237,IT Support
23238,Customer Service
23239,Technical Support
23240,Customer Service
23241,Technical Support
23243,Product Support
23244,Technical Support
23245,Billing and Payments
23246,IT Support
23247,IT Support
23248,Technical Support
23252,Customer Service
23254,IT Support
23255,IT Support
23256,Customer Service
23257,Technical Support
23258,Sales and Pre-Sales
23259,Returns and Exchanges
23260,Returns and Exchanges
23261,Technical Support
23262,Product Support
23264,Technical Support
23265,IT Support
23266,Human Resources
23267,Technical Support
23268,Returns and Exchanges
23269,Technical Support
23270,Technical Support
23271,Billing and Payments
23272,Service Outages and Maintenance
23273,Sales and Pre-Sales
23274,Customer Service
23275,IT Support
23276,Billing and Payments
23277,Product Support
23278,Technical Support
23279,Technical Support
23280,Technical Support
23281,Product Support
23282,Technical Support
23283,Returns and Exchanges
23284,Technical Support
23285,Customer Service
23287,Customer Service
23289,IT Support
23290,Technical Support
23291,Technical Support
23292,Technical Support
23293,Technical Support
23295,Technical Support
23299,Returns and Exchanges
23300,Product Support
23301,Sales and Pre-Sales
23302,Billing and Payments
23303,Technical Support
23305,IT Support
23306,Technical Support
23307,Customer Service
23308,Technical Support
23309,Product Support
23311,IT Support
23312,Customer Service
23313,Billing and Payments
23314,Customer Service
23316,Returns and Exchanges
23317,Customer Service
23319,General Inquiry
23320,Technical Support
23321,Customer Service
23324,Product Support
23325,IT Support
23326,Technical Support
23327,Product Support
23328,IT Support
23330,Customer Service
23331,Technical Support
23332,Customer Service
23334,Billing and Payments
23335,Human Resources
23336,Billing and Payments
23337,Product Support
23338,IT Support
23339,Product Support
23340,IT Support
23341,Technical Support
23342,Technical Support
23343,Technical Support
23344,Technical Support
23345,Technical Support
23347,Product Support
23348,IT Support
23350,Technical Support
23352,Billing and Payments
23353,Technical Support
23354,Billing and Payments
23355,Technical Support
23356,Billing and Payments
23357,Service Outages and Maintenance
23361,IT Support
23362,IT Support
23363,Technical Support
23364,Returns and Exchanges
23365,Sales and Pre-Sales
23366,Service Outages and Maintenance
23367,Technical Support
23368,Sales and Pre-Sales
23370,Technical Support
23372,Billing and Payments
23373,Product Support
23374,Customer Service
23375,Product Support
23377,Returns and Exchanges
23379,Product Support
23380,Technical Support
23381,Product Support
23382,IT Support
23383,Billing and Payments
23385,Technical Support
23386,Technical Support
23387,Product Support
23388,Product Support
23389,Product Support
23390,Technical Support
23391,IT Support
23392,Customer Service
23393,Customer Service
23394,Billing and Payments
23395,General Inquiry
23396,Technical Support
23398,Technical Support
23399,Sales and Pre-Sales
23400,Product Support
23401,Technical Support
23402,Billing and Payments
23403,IT Support
23404,IT Support
23406,Product Support
23407,Product Support
23408,Product Support
23410,Customer Service
23411,Technical Support
23412,IT Support
23413,Technical Support
23415,Sales and Pre-Sales
23416,Customer Service
23418,Technical Support
23420,IT Support
23421,Billing and Payments
23422,Product Support
23423,Technical Support
23424,Technical Support
23425,Sales and Pre-Sales
23426,Product Support
23427,Technical Support
23428,Product Support
23429,Technical Support
23430,Product Support
23431,Service Outages and Maintenance
23432,IT Support
23433,Customer Service
23434,Billing and Payments
23435,IT Support
23436,Technical Support
23437,Product Support
23439,Product Support
23440,Product Support
23441,Technical Support
23442,Returns and Exchanges
23443,IT Support
23444,IT Support
23446,Billing and Payments
23448,Technical Support
23449,Product Support
23450,Returns and Exchanges
23451,Technical Support
23452,Technical Support
23453,Customer Service
23454,Returns and Exchanges
23455,Billing and Payments
23456,Returns and Exchanges
23457,Product Support
23458,Product Support
23459,IT Support
23460,Technical Support
23461,Billing and Payments
23462,Technical Support
23463,Service Outages and Maintenance
23464,Billing and Payments
23465,General Inquiry
23466,Technical Support
23467,IT Support
23468,Technical Support
23469,Billing and Payments
23470,Sales and Pre-Sales
23471,Service Outages and Maintenance
23472,Technical Support
23473,Product Support
23474,Product Support
23475,Technical Support
23476,Technical Support
23477,Product Support
23478,Billing and Payments
23479,Product Support
23481,Technical Support
23483,Sales and Pre-Sales
23484,Product Support
23485,Billing and Payments
23486,IT Support
23487,Billing and Payments
23488,Technical Support
23491,Product Support
23493,IT Support
23494,Technical Support
23495,Billing and Payments
23496,Billing and Payments
23497,Customer Service
23498,Returns and Exchanges
23499,Technical Support
23500,Billing and Payments
23501,Service Outages and Maintenance
23502,Customer Service
23503,IT Support
23504,Product Support
23505,Billing and Payments
23506,Technical Support
23507,Technical Support
23508,Customer Service
23509,Billing and Payments
23510,Billing and Payments
23511,Product Support
23513,IT Support
23514,Customer Service
23515,Product Support
23516,Product Support
23517,Technical Support
23518,Customer Service
23520,Product Support
23521,Billing and Payments
23522,Technical Support
23523,Technical Support
23524,Technical Support
23525,Billing and Payments
23526,Returns and Exchanges
23527,Product Support
23528,Technical Support
23529,Returns and Exchanges
23530,Billing and Payments
23531,Billing and Payments
23532,Customer Service
23534,Customer Service
23535,Customer Service
23537,IT Support
23538,Product Support
23539,Sales and Pre-Sales
23541,Returns and Exchanges
23542,Customer Service
23544,IT Support
23546,Technical Support
23547,Technical Support
23548,Technical Support
23549,Sales and Pre-Sales
23550,Product Support
23551,Service Outages and Maintenance
23552,Technical Support
23554,Product Support
23555,Returns and Exchanges
23556,IT Support
23557,IT Support
23558,Technical Support
23559,IT Support
23562,Technical Support
23563,Technical Support
23565,Technical Support
23566,Customer Service
23567,Technical Support
23568,Product Support
23569,Product Support
23570,Customer Service
23571,Technical Support
23572,Billing and Payments
23573,Product Support
23575,Sales and Pre-Sales
23576,Product Support
23577,Product Support
23578,Product Support
23579,IT Support
23580,Technical Support
23581,Technical Support
23582,Product Support
23583,Technical Support
23584,Product Support
23585,Technical Support
23586,Customer Service
23587,Technical Support
23588,IT Support
23589,Billing and Payments
23591,Technical Support
23592,Technical Support
23594,Technical Support
23595,IT Support
23596,Technical Support
23597,Returns and Exchanges
23599,Technical Support
23601,Technical Support
23602,Technical Support
23603,Returns and Exchanges
23604,Customer Service
23605,Technical Support
23606,Billing and Payments
23609,Technical Support
23610,Technical Support
23611,Product Support
23612,Service Outages and Maintenance
23613,Product Support
23614,IT Support
23615,Customer Service
23616,Technical Support
23617,IT Support
23618,Technical Support
23619,Service Outages and Maintenance
23620,IT Support
23622,Technical Support
23623,Billing and Payments
23624,IT Support
23625,Technical Support
23626,Technical Support
23629,Technical Support
23630,Customer Service
23631,Sales and Pre-Sales
23632,Technical Support
23633,Returns and Exchanges
23634,Product Support
23635,Billing and Payments
23636,Customer Service
23637,Human Resources
23638,Customer Service
23639,IT Support
23640,Product Support
23642,IT Support
23643,Technical Support
23644,IT Support
23645,Product Support
23646,Technical Support
23647,Customer Service
23648,Billing and Payments
23649,Service Outages and Maintenance
23650,Customer Service
23651,Customer Service
23653,Technical Support
23654,Billing and Payments
23655,Service Outages and Maintenance
23656,Billing and Payments
23658,Technical Support
23659,Technical Support
23661,Billing and Payments
23662,Technical Support
23663,Technical Support
23666,Technical Support
23667,IT Support
23671,Billing and Payments
23674,IT Support
23675,Service Outages and Maintenance
23676,Returns and Exchanges
23677,Technical Support
23678,Sales and Pre-Sales
23679,IT Support
23680,IT Support
23681,Customer Service
23682,IT Support
23683,IT Support
23684,Technical Support
23686,Technical Support
23687,Technical Support
23688,Technical Support
23689,Human Resources
23690,Product Support
23691,Product Support
23692,Technical Support
23693,Customer Service
23696,Technical Support
23697,Billing and Payments
23698,Service Outages and Maintenance
23700,IT Support
23701,IT Support
23702,IT Support
23703,Billing and Payments
23704,Billing and Payments
23705,Product Support
23706,Billing and Payments
23707,Technical Support
23708,Billing and Payments
23709,Billing and Payments
23710,Technical Support
23711,Technical Support
23712,Product Support
23713,Product Support
23714,Customer Service
23715,Customer Service
23717,Technical Support
23718,Customer Service
23719,Billing and Payments
23720,Returns and Exchanges
23722,IT Support
23723,Returns and Exchanges
23724,Human Resources
23725,Product Support
23726,Technical Support
23727,Customer Service
23729,Billing and Payments
23730,Customer Service
23731,Billing and Payments
23732,Product Support
23734,Technical Support
23735,Returns and Exchanges
23736,Human Resources
23737,Technical Support
23738,Product Support
23739,Customer Service
23740,Technical Support
23741,IT Support
23742,Technical Support
23743,IT Support
23744,Product Support
23746,Customer Service
23748,Product Support
23749,Product Support
23751,Technical Support
23753,IT Support
23755,Human Resources
23757,Service Outages and Maintenance
23758,IT Support
23759,Human Resources
23760,Technical Support
23762,Product Support
23763,Technical Support
23765,Billing and Payments
23766,Customer Service
23767,Technical Support
23768,IT Support
23771,Technical Support
23774,IT Support
23775,Billing and Payments
23776,Product Support
23777,Technical Support
23778,Technical Support
23779,Technical Support
23780,Billing and Payments
23781,Technical Support
23782,Customer Service
23783,Customer Service
23785,Product Support
23786,Technical Support
23788,Technical Support
23789,IT Support
23790,Technical Support
23791,Billing and Payments
23792,Billing and Payments
23795,IT Support
23796,Billing and Payments
23797,Technical Support
23798,Product Support
23799,Technical Support
23800,Technical Support
23801,Customer Service
23802,Customer Service
23803,IT Support
23804,Billing and Payments
23805,Billing and Payments
23806,Product Support
23808,Product Support
23809,Customer Service
23810,Product Support
23811,Human Resources
23812,IT Support
23814,Product Support
23815,Technical Support
23816,Technical Support
23819,Billing and Payments
23820,Billing and Payments
23821,Technical Support
23822,IT Support
23824,IT Support
23827,Product Support
23828,Customer Service
23829,Technical Support
23830,Product Support
23832,Technical Support
23833,Technical Support
23835,Product Support
23836,IT Support
23837,IT Support
23840,IT Support
23841,Returns and Exchanges
23842,IT Support
23843,Billing and Payments
23844,Technical Support
23845,IT Support
23846,Customer Service
23847,Customer Service
23848,Customer Service
23850,IT Support
23851,Billing and Payments
23852,Sales and Pre-Sales
23853,Product Support
23854,Customer Service
23855,Billing and Payments
23856,Technical Support
23857,IT Support
23859,Sales and Pre-Sales
23860,IT Support
23861,Customer Service
23862,Customer Service
23864,Customer Service
23865,Customer Service
23866,Technical Support
23867,Technical Support
23869,Technical Support
23871,Customer Service
23872,Technical Support
23873,IT Support
23874,Technical Support
23875,Technical Support
23876,Technical Support
23877,Technical Support
23879,Billing and Payments
23880,Customer Service
23881,Technical Support
23882,IT Support
23883,Technical Support
23884,IT Support
23885,Technical Support
23886,Billing and Payments
23887,Technical Support
23888,Technical Support
23889,Technical Support
23890,Product Support
23891,Customer Service
23892,Technical Support
23893,Billing and Payments
23894,IT Support
23895,Customer Service
23896,Product Support
23897,General Inquiry
23899,Technical Support
23900,Technical Support
23901,IT Support
23902,Product Support
23903,Customer Service
23904,Customer Service
23905,Technical Support
23906,Customer Service
23908,Product Support
23909,Technical Support
23911,Customer Service
23913,Technical Support
23915,Customer Service
23918,Technical Support
23920,Technical Support
23921,IT Support
23922,Product Support
23923,Customer Service
23924,Technical Support
23925,Product Support
23926,Technical Support
23927,Returns and Exchanges
23929,Billing and Payments
23931,Returns and Exchanges
23932,Customer Service
23933,Customer Service
23934,Technical Support
23935,Customer Service
23936,Product Support
23938,Billing and Payments
23939,Customer Service
23940,Product Support
23942,Human Resources
23943,Customer Service
23945,Returns and Exchanges
23946,Technical Support
23947,IT Support
23948,Product Support
23949,IT Support
23950,Sales and Pre-Sales
23951,Service Outages and Maintenance
23952,Product Support
23953,Billing and Payments
23954,IT Support
23955,Billing and Payments
23956,Product Support
23957,IT Support
23958,Technical Support
23960,IT Support
23961,Technical Support
23962,Customer Service
23963,Sales and Pre-Sales
23964,Sales and Pre-Sales
23965,Customer Service
23966,Customer Service
23967,Product Support
23968,Billing and Payments
23969,Billing and Payments
23970,Customer Service
23971,Technical Support
23972,Billing and Payments
23973,IT Support
23974,Product Support
23975,IT Support
23976,Product Support
23977,Billing and Payments
23979,Technical Support
23981,Service Outages and Maintenance
23982,Returns and Exchanges
23983,Returns and Exchanges
23984,Service Outages and Maintenance
23985,Product Support
23986,IT Support
23987,Technical Support
23988,Technical Support
23990,Customer Service
23992,Product Support
23995,Technical Support
23996,Product Support
23997,Product Support
23998,Technical Support
23999,Customer Service
24001,Product Support
24002,Technical Support
24003,Sales and Pre-Sales
24004,Customer Service
24005,Product Support
24006,Customer Service
24007,Service Outages and Maintenance
24008,Technical Support
24009,Customer Service
24010,Customer Service
24011,Technical Support
24012,Customer Service
24014,Technical Support
24015,Billing and Payments
24017,Technical Support
24019,Human Resources
24020,Customer Service
24021,Product Support
24022,Technical Support
24023,Technical Support
24024,Technical Support
24027,IT Support
24028,Customer Service
24029,Technical Support
24030,Technical Support
24031,Technical Support
24032,Product Support
24033,Customer Service
24034,Customer Service
24035,Product Support
24036,Product Support
24037,Technical Support
24039,Billing and Payments
24040,Technical Support
24043,Technical Support
24044,Customer Service
24046,Product Support
24047,IT Support
24048,Returns and Exchanges
24049,Technical Support
24050,Billing and Payments
24051,Technical Support
24052,Customer Service
24054,Product Support
24055,Technical Support
24056,Product Support
24058,IT Support
24060,Human Resources
24062,Product Support
24064,Sales and Pre-Sales
24065,IT Support
24066,Customer Service
24067,Customer Service
24068,IT Support
24069,Customer Service
24070,Billing and Payments
24071,Technical Support
24073,Product Support
24074,Billing and Payments
24075,Customer Service
24077,Product Support
24079,Technical Support
24080,Service Outages and Maintenance
24082,Customer Service
24083,Technical Support
24084,Technical Support
24085,Product Support
24087,Product Support
24088,Technical Support
24090,Technical Support
24091,Customer Service
24092,Product Support
24093,IT Support
24094,Product Support
24095,General Inquiry
24098,Customer Service
24099,IT Support
24101,Technical Support
24102,Technical Support
24103,IT Support
24104,Returns and Exchanges
24105,Technical Support
24106,Billing and Payments
24107,Billing and Payments
24108,Billing and Payments
24110,Billing and Payments
24113,Technical Support
24114,IT Support
24115,Billing and Payments
24116,Technical Support
24117,Customer Service
24118,Product Support
24119,Technical Support
24120,Technical Support
24121,Product Support
24122,Technical Support
24123,Service Outages and Maintenance
24124,Billing and Payments
24128,Billing and Payments
24129,Technical Support
24130,IT Support
24131,Customer Service
24133,Product Support
24134,IT Support
24135,Customer Service
24136,Customer Service
24137,Technical Support
24138,Customer Service
24139,Product Support
24141,Technical Support
24142,Product Support
24143,Product Support
24144,Technical Support
24145,Product Support
24146,IT Support
24147,IT Support
24148,Customer Service
24150,Product Support
24151,Technical Support
24154,Technical Support
24156,Customer Service
24157,Technical Support
24158,Technical Support
24159,Sales and Pre-Sales
24160,IT Support
24161,Billing and Payments
24162,Product Support
24164,Customer Service
24165,IT Support
24166,General Inquiry
24167,Technical Support
24168,General Inquiry
24169,IT Support
24170,Product Support
24171,Human Resources
24172,Technical Support
24173,Service Outages and Maintenance
24175,Technical Support
24176,Technical Support
24179,Product Support
24180,Customer Service
24181,Product Support
24182,Customer Service
24183,Billing and Payments
24184,IT Support
24185,Technical Support
24186,Product Support
24187,IT Support
24188,Returns and Exchanges
24190,Customer Service
24191,Product Support
24192,IT Support
24193,Technical Support
24194,Technical Support
24196,Technical Support
24197,Technical Support
24199,Sales and Pre-Sales
24200,Product Support
24201,Sales and Pre-Sales
24202,Technical Support
24203,Billing and Payments
24204,Product Support
24205,Technical Support
24207,Customer Service
24208,Service Outages and Maintenance
24209,Product Support
24210,Product Support
24211,Technical Support
24212,Billing and Payments
24213,Product Support
24215,Technical Support
24217,Product Support
24218,Technical Support
24219,Product Support
24220,Billing and Payments
24221,Sales and Pre-Sales
24222,Customer Service
24223,Billing and Payments
24224,IT Support
24226,Billing and Payments
24227,Service Outages and Maintenance
24228,Technical Support
24231,Human Resources
24232,Technical Support
24233,Billing and Payments
24234,Billing and Payments
24235,Customer Service
24236,Billing and Payments
24237,Product Support
24239,Product Support
24240,Product Support
24241,Service Outages and Maintenance
24242,Customer Service
24243,Technical Support
24244,Returns and Exchanges
24245,Returns and Exchanges
24246,Technical Support
24247,Customer Service
24248,Product Support
24250,Billing and Payments
24251,Product Support
24252,Billing and Payments
24253,IT Support
24254,Returns and Exchanges
24255,Technical Support
24257,Customer Service
24258,Customer Service
24259,Technical Support
24260,IT Support
24261,IT Support
24262,Product Support
24263,Sales and Pre-Sales
24264,Technical Support
24265,Technical Support
24268,Service Outages and Maintenance
24269,IT Support
24270,Technical Support
24271,Product Support
24272,Returns and Exchanges
24273,Customer Service
24275,Billing and Payments
24276,Technical Support
24277,Technical Support
24278,Technical Support
24279,Customer Service
24280,Sales and Pre-Sales
24281,Billing and Payments
24282,Technical Support
24283,Technical Support
24285,Sales and Pre-Sales
24286,IT Support
24288,Returns and Exchanges
24291,Technical Support
24292,IT Support
24293,Sales and Pre-Sales
24294,Product Support
24295,IT Support
24296,Customer Service
24297,Customer Service
24299,Product Support
24300,Returns and Exchanges
24301,Returns and Exchanges
24302,Product Support
24303,Technical Support
24304,Customer Service
24305,Customer Service
24307,Technical Support
24308,Returns and Exchanges
24309,Product Support
24310,Technical Support
24312,Service Outages and Maintenance
24313,Customer Service
24315,Product Support
24316,Billing and Payments
24317,Technical Support
24318,Customer Service
24319,Technical Support
24320,Customer Service
24322,Product Support
24324,General Inquiry
24325,Returns and Exchanges
24326,Product Support
24328,Billing and Payments
24329,Customer Service
24330,Product Support
24331,Product Support
24332,Product Support
24334,Technical Support
24335,General Inquiry
24337,Product Support
24338,Sales and Pre-Sales
24339,Billing and Payments
24340,Service Outages and Maintenance
24341,Product Support
24342,Customer Service
24343,Product Support
24344,Technical Support
24345,Product Support
24346,Technical Support
24347,Billing and Payments
24348,Billing and Payments
24349,Billing and Payments
24351,IT Support
24352,IT Support
24353,Billing and Payments
24354,Technical Support
24355,Customer Service
24356,IT Support
24357,IT Support
24358,Billing and Payments
24359,Customer Service
24360,Customer Service
24361,Billing and Payments
24362,Customer Service
24363,Product Support
24367,Product Support
24368,Customer Service
24369,Product Support
24370,Customer Service
24371,Product Support
24372,Billing and Payments
24373,Customer Service
24374,Technical Support
24375,IT Support
24376,IT Support
24377,Technical Support
24378,Customer Service
24380,Service Outages and Maintenance
24381,Product Support
24382,Technical Support
24383,Billing and Payments
24384,IT Support
24385,Human Resources
24386,Technical Support
24387,Customer Service
24388,Technical Support
24390,Service Outages and Maintenance
24391,Customer Service
24392,Technical Support
24393,Billing and Payments
24394,Sales and Pre-Sales
24396,Technical Support
24397,Service Outages and Maintenance
24398,Technical Support
24400,Technical Support
24401,Customer Service
24402,Technical Support
24403,Technical Support
24405,Returns and Exchanges
24407,IT Support
24408,Customer Service
24409,Billing and Payments
24410,Customer Service
24411,Technical Support
24412,Sales and Pre-Sales
24413,Billing and Payments
24414,Service Outages and Maintenance
24416,Customer Service
24417,Billing and Payments
24418,Technical Support
24419,Product Support
24420,Product Support
24422,Product Support
24423,Product Support
24424,Customer Service
24426,Technical Support
24428,Product Support
24430,Billing and Payments
24431,IT Support
24432,Technical Support
24433,Customer Service
24435,Product Support
24436,Customer Service
24437,Billing and Payments
24439,Human Resources
24440,Customer Service
24441,Technical Support
24442,Service Outages and Maintenance
24443,Customer Service
24445,Human Resources
24446,Sales and Pre-Sales
24449,IT Support
24450,Customer Service
24453,Technical Support
24455,Technical Support
24456,Customer Service
24458,Billing and Payments
24459,Returns and Exchanges
24460,General Inquiry
24464,Product Support
24466,Technical Support
24467,Customer Service
24468,Product Support
24469,Technical Support
24470,Technical Support
24471,Product Support
24472,Technical Support
24473,Technical Support
24475,Billing and Payments
24476,Billing and Payments
24477,Technical Support
24478,Customer Service
24479,Service Outages and Maintenance
24480,Billing and Payments
24481,Product Support
24482,Product Support
24483,Technical Support
24484,Customer Service
24485,Technical Support
24487,Technical Support
24488,Service Outages and Maintenance
24489,Technical Support
24490,Customer Service
24491,Returns and Exchanges
24493,Technical Support
24495,Technical Support
24496,Product Support
24497,Returns and Exchanges
24500,Billing and Payments
24503,Technical Support
24504,Technical Support
24506,IT Support
24507,Technical Support
24508,Technical Support
24509,Product Support
24510,Billing and Payments
24511,Technical Support
24512,Technical Support
24513,Technical Support
24515,IT Support
24516,Service Outages and Maintenance
24517,IT Support
24519,Sales and Pre-Sales
24520,IT Support
24521,Product Support
24522,Customer Service
24523,Customer Service
24524,Product Support
24525,Product Support
24527,Returns and Exchanges
24528,IT Support
24529,Technical Support
24530,Customer Service
24531,IT Support
24532,Customer Service
24533,Technical Support
24534,IT Support
24535,Technical Support
24536,Technical Support
24537,Returns and Exchanges
24538,Billing and Payments
24539,Product Support
24540,Customer Service
24541,Sales and Pre-Sales
24542,Returns and Exchanges
24543,Technical Support
24544,Technical Support
24545,Customer Service
24547,Customer Service
24548,Billing and Payments
24550,Technical Support
24551,Technical Support
24552,Product Support
24553,Customer Service
24554,Product Support
24555,Technical Support
24556,Billing and Payments
24558,Returns and Exchanges
24559,IT Support
24560,Billing and Payments
24561,IT Support
24562,Human Resources
24563,Product Support
24564,Technical Support
24565,Product Support
24566,IT Support
24567,Returns and Exchanges
24568,Technical Support
24569,Billing and Payments
24570,Technical Support
24571,Service Outages and Maintenance
24572,Technical Support
24573,Technical Support
24574,Technical Support
24575,IT Support
24576,Billing and Payments
24577,Billing and Payments
24578,Technical Support
24579,Billing and Payments
24580,Product Support
24581,IT Support
24582,Returns and Exchanges
24583,Technical Support
24585,Customer Service
24586,Returns and Exchanges
24587,Technical Support
24588,Sales and Pre-Sales
24590,Customer Service
24592,Billing and Payments
24593,Product Support
24594,Technical Support
24595,Technical Support
24596,General Inquiry
24597,Technical Support
24598,Customer Service
24599,IT Support
24600,Technical Support
24601,Returns and Exchanges
24603,Technical Support
24604,Technical Support
24605,Product Support
24608,Technical Support
24609,General Inquiry
24610,Returns and Exchanges
24612,Product Support
24613,Billing and Payments
24614,Returns and Exchanges
24615,Sales and Pre-Sales
24616,Technical Support
24617,Technical Support
24618,Product Support
24619,Customer Service
24620,Service Outages and Maintenance
24621,Billing and Payments
24622,Technical Support
24623,Technical Support
24624,Technical Support
24625,Returns and Exchanges
24626,IT Support
24627,Technical Support
24628,Product Support
24629,Customer Service
24630,Product Support
24631,Product Support
24632,Customer Service
24633,Technical Support
24634,Product Support
24635,Technical Support
24636,Technical Support
24637,Customer Service
24638,Technical Support
24639,Technical Support
24640,Technical Support
24641,Product Support
24642,Technical Support
24644,Product Support
24645,Technical Support
24648,Product Support
24649,Service Outages and Maintenance
24650,Product Support
24651,IT Support
24652,Technical Support
24653,Customer Service
24654,Technical Support
24655,Customer Service
24656,Customer Service
24657,Billing and Payments
24658,Technical Support
24659,Technical Support
24663,Returns and Exchanges
24666,Billing and Payments
24668,Technical Support
24669,Product Support
24671,Billing and Payments
24672,Customer Service
24673,Human Resources
24674,Technical Support
24676,Product Support
24677,IT Support
24678,Customer Service
24679,Service Outages and Maintenance
24680,Customer Service
24681,Product Support
24682,Customer Service
24683,Technical Support
24684,IT Support
24685,Customer Service
24687,IT Support
24688,Billing and Payments
24689,Returns and Exchanges
24690,Technical Support
24691,Customer Service
24692,Customer Service
24693,Technical Support
24694,Billing and Payments
24695,IT Support
24696,Technical Support
24697,Human Resources
24698,Customer Service
24699,Product Support
24700,Technical Support
24701,IT Support
24702,IT Support
24705,Technical Support
24706,Customer Service
24707,Customer Service
24708,Technical Support
24710,Customer Service
24712,Customer Service
24713,Customer Service
24715,Product Support
24716,IT Support
24717,IT Support
24718,Customer Service
24719,Product Support
24721,Customer Service
24722,Technical Support
24724,Customer Service
24725,Product Support
24726,Customer Service
24729,Billing and Payments
24731,IT Support
24732,General Inquiry
24733,Customer Service
24734,Product Support
24736,Sales and Pre-Sales
24739,Service Outages and Maintenance
24740,Technical Support
24741,Customer Service
24742,IT Support
24744,Service Outages and Maintenance
24746,IT Support
24747,General Inquiry
24748,Technical Support
24749,Customer Service
24750,Technical Support
24751,Service Outages and Maintenance
24752,Customer Service
24753,Sales and Pre-Sales
24754,Billing and Payments
24755,Technical Support
24756,Product Support
24758,Technical Support
24759,Technical Support
24760,Technical Support
24762,Billing and Payments
24763,General Inquiry
24764,Returns and Exchanges
24765,Product Support
24766,Customer Service
24767,Returns and Exchanges
24768,Customer Service
24769,Customer Service
24770,Customer Service
24771,Product Support
24772,Technical Support
24773,Product Support
24774,Technical Support
24775,Billing and Payments
24778,Product Support
24779,Customer Service
24780,Customer Service
24783,Customer Service
24785,Service Outages and Maintenance
24786,Service Outages and Maintenance
24788,Billing and Payments
24789,Product Support
24790,Product Support
24791,Customer Service
24792,Product Support
24793,Returns and Exchanges
24794,Returns and Exchanges
24795,Customer Service
24796,Product Support
24797,Product Support
24799,Customer Service
24800,General Inquiry
24801,Technical Support
24802,Technical Support
24803,Returns and Exchanges
24804,IT Support
24805,Customer Service
24806,Technical Support
24808,Product Support
24809,Product Support
24811,Technical Support
24812,Product Support
24814,Returns and Exchanges
24815,Product Support
24816,Product Support
24818,Billing and Payments
24819,Product Support
24820,Product Support
24821,Technical Support
24822,Returns and Exchanges
24824,Customer Service
24825,Technical Support
24826,IT Support
24827,Product Support
24828,Product Support
24829,Product Support
24830,Product Support
24834,Technical Support
24835,General Inquiry
24836,Customer Service
24837,IT Support
24838,Customer Service
24839,Customer Service
24841,IT Support
24842,Technical Support
24843,Technical Support
24844,Customer Service
24846,IT Support
24848,Technical Support
24849,Technical Support
24851,Customer Service
24852,Billing and Payments
24853,Sales and Pre-Sales
24854,Customer Service
24855,Billing and Payments
24856,Customer Service
24857,Customer Service
24858,Technical Support
24860,Product Support
24861,Technical Support
24862,Product Support
24863,Product Support
24864,Returns and Exchanges
24865,IT Support
24866,Technical Support
24867,Technical Support
24868,Customer Service
24869,Customer Service
24870,Customer Service
24871,Technical Support
24872,Customer Service
24874,Product Support
24875,Technical Support
24876,Product Support
24877,Service Outages and Maintenance
24878,IT Support
24879,Technical Support
24880,Customer Service
24881,Product Support
24882,Customer Service
24883,Customer Service
24884,Product Support
24885,Customer Service
24887,Technical Support
24888,Customer Service
24890,Technical Support
24891,Product Support
24892,Product Support
24893,Billing and Payments
24894,Billing and Payments
24895,Returns and Exchanges
24896,Service Outages and Maintenance
24897,Technical Support
24899,Product Support
24900,Technical Support
24901,Technical Support
24902,Product Support
24903,Service Outages and Maintenance
24904,Technical Support
24905,Technical Support
24906,Product Support
24907,Technical Support
24908,Technical Support
24909,Customer Service
24911,IT Support
24912,Technical Support
24913,Technical Support
24915,Technical Support
24917,Technical Support
24918,Product Support
24919,Technical Support
24920,Technical Support
24921,Product Support
24922,Technical Support
24923,Billing and Payments
24924,Technical Support
24925,Customer Service
24926,Technical Support
24927,Customer Service
24928,Technical Support
24929,Customer Service
24930,Product Support
24931,Billing and Payments
24932,Billing and Payments
24933,Billing and Payments
24934,Customer Service
24935,IT Support
24936,Technical Support
24938,Billing and Payments
24939,Customer Service
24941,Customer Service
24942,Product Support
24943,Billing and Payments
24944,IT Support
24945,Sales and Pre-Sales
24946,Technical Support
24947,Service Outages and Maintenance
24949,Customer Service
24951,Billing and Payments
24952,Customer Service
24953,Product Support
24954,Returns and Exchanges
24955,Technical Support
24957,Customer Service
24958,Customer Service
24959,Technical Support
24960,Billing and Payments
24961,Customer Service
24963,Returns and Exchanges
24964,IT Support
24965,Product Support
24966,Technical Support
24968,Customer Service
24970,Product Support
24971,Sales and Pre-Sales
24973,Customer Service
24974,IT Support
24976,Product Support
24977,Product Support
24978,Customer Service
24979,Human Resources
24980,Technical Support
24984,Product Support
24985,IT Support
24986,Customer Service
24988,Product Support
24989,IT Support
24991,Technical Support
24992,Returns and Exchanges
24993,Technical Support
24996,Technical Support
24997,Product Support
24999,Customer Service
25000,Service Outages and Maintenance
25001,IT Support
25002,Product Support
25003,IT Support
25004,Technical Support
25006,General Inquiry
25007,Returns and Exchanges
25008,IT Support
25009,Product Support
25011,Technical Support
25012,Technical Support
25013,IT Support
25014,Technical Support
25015,Billing and Payments
25016,Technical Support
25017,Service Outages and Maintenance
25019,Technical Support
25020,Product Support
25021,Customer Service
25022,Service Outages and Maintenance
25025,Technical Support
25026,Product Support
25027,Billing and Payments
25028,Product Support
25031,Product Support
25032,Product Support
25033,Customer Service
25034,Customer Service
25035,Technical Support
25036,Technical Support
25037,IT Support
25038,Customer Service
25039,Billing and Payments
25040,Customer Service
25042,Sales and Pre-Sales
25043,Service Outages and Maintenance
25044,Product Support
25046,Product Support
25047,Technical Support
25051,Product Support
25052,Service Outages and Maintenance
25053,Technical Support
25054,Product Support
25056,Product Support
25058,Product Support
25059,Product Support
25060,Technical Support
25061,Technical Support
25062,Human Resources
25063,Billing and Payments
25065,Technical Support
25066,Customer Service
25067,Sales and Pre-Sales
25068,IT Support
25069,Product Support
25070,Technical Support
25071,Product Support
25073,Product Support
25074,General Inquiry
25077,Sales and Pre-Sales
25079,Technical Support
25080,Technical Support
25081,Returns and Exchanges
25083,Product Support
25084,Product Support
25085,Customer Service
25086,Technical Support
25088,IT Support
25089,Customer Service
25090,Customer Service
25091,IT Support
25092,General Inquiry
25094,Human Resources
25095,Product Support
25096,Technical Support
25097,General Inquiry
25098,Technical Support
25099,Sales and Pre-Sales
25100,IT Support
25102,Technical Support
25103,Returns and Exchanges
25104,Product Support
25105,IT Support
25108,Customer Service
25109,Customer Service
25110,IT Support
25111,Technical Support
25113,Sales and Pre-Sales
25114,Product Support
25116,Technical Support
25117,IT Support
25118,Product Support
25119,Customer Service
25120,Product Support
25121,Technical Support
25122,Customer Service
25123,Billing and Payments
25124,Product Support
25125,Technical Support
25128,Customer Service
25129,Customer Service
25130,Technical Support
25132,Billing and Payments
25133,Technical Support
25134,Product Support
25136,Technical Support
25137,Technical Support
25139,Customer Service
25141,Technical Support
25142,Customer Service
25143,Product Support
25144,Technical Support
25145,Customer Service
25146,Returns and Exchanges
25147,Customer Service
25149,Technical Support
25150,IT Support
25151,Returns and Exchanges
25152,Returns and Exchanges
25153,Service Outages and Maintenance
25154,Billing and Payments
25155,Returns and Exchanges
25156,Customer Service
25158,Technical Support
25159,Technical Support
25160,Customer Service
25161,Technical Support
25162,Technical Support
25163,IT Support
25165,Customer Service
25166,Product Support
25167,Billing and Payments
25168,Technical Support
25169,Billing and Payments
25172,Returns and Exchanges
25174,IT Support
25175,Technical Support
25176,Product Support
25177,Technical Support
25178,Customer Service
25179,Service Outages and Maintenance
25180,Product Support
25181,Technical Support
25182,Technical Support
25183,Technical Support
25184,Customer Service
25185,Billing and Payments
25186,Technical Support
25187,Technical Support
25188,Technical Support
25189,Customer Service
25190,Billing and Payments
25191,Returns and Exchanges
25192,IT Support
25194,Customer Service
25195,Customer Service
25196,Returns and Exchanges
25197,Returns and Exchanges
25199,Customer Service
25200,Sales and Pre-Sales
25201,Customer Service
25202,Technical Support
25203,Billing and Payments
25205,IT Support
25206,Product Support
25207,IT Support
25208,Sales and Pre-Sales
25210,Product Support
25213,Returns and Exchanges
25215,IT Support
25216,Billing and Payments
25217,IT Support
25218,Technical Support
25219,IT Support
25220,Technical Support
25221,IT Support
25222,Product Support
25223,Technical Support
25224,Technical Support
25225,Customer Service
25230,Customer Service
25231,Technical Support
25232,Billing and Payments
25233,Customer Service
25234,Product Support
25235,Service Outages and Maintenance
25236,Product Support
25237,Returns and Exchanges
25238,IT Support
25239,Technical Support
25240,Product Support
25241,IT Support
25242,Product Support
25243,Technical Support
25245,Technical Support
25246,Technical Support
25247,Billing and Payments
25249,Product Support
25250,Human Resources
25251,Billing and Payments
25252,IT Support
25253,Returns and Exchanges
25254,Billing and Payments
25255,Customer Service
25256,Product Support
25257,Technical Support
25258,Technical Support
25264,Billing and Payments
25265,Product Support
25266,Product Support
25267,Technical Support
25268,Technical Support
25269,Technical Support
25270,Customer Service
25271,Technical Support
25272,Billing and Payments
25273,Technical Support
25274,Service Outages and Maintenance
25275,Customer Service
25276,Human Resources
25278,Technical Support
25280,Service Outages and Maintenance
25281,Technical Support
25282,Service Outages and Maintenance
25283,Customer Service
25284,Product Support
25285,Sales and Pre-Sales
25286,Product Support
25288,Customer Service
25289,Technical Support
25291,Customer Service
25292,Technical Support
25293,Customer Service
25294,Technical Support
25295,Technical Support
25296,Product Support
25297,Returns and Exchanges
25298,Technical Support
25299,Product Support
25300,Product Support
25301,Sales and Pre-Sales
25302,IT Support
25303,Technical Support
25304,Product Support
25305,Technical Support
25306,Customer Service
25307,Billing and Payments
25308,Product Support
25309,Technical Support
25310,Human Resources
25311,Customer Service
25312,Product Support
25313,Product Support
25314,Technical Support
25315,Technical Support
25316,Service Outages and Maintenance
25317,Billing and Payments
25320,Customer Service
25321,IT Support
25322,IT Support
25323,Product Support
25324,Customer Service
25325,Technical Support
25328,Product Support
25329,IT Support
25330,IT Support
25331,Product Support
25332,Technical Support
25333,Service Outages and Maintenance
25334,IT Support
25335,Product Support
25336,Technical Support
25337,Technical Support
25338,Technical Support
25339,Technical Support
25340,Technical Support
25341,Technical Support
25342,Technical Support
25343,Product Support
25344,Customer Service
25346,Product Support
25349,Returns and Exchanges
25350,Technical Support
25352,Technical Support
25354,Technical Support
25355,Billing and Payments
25356,Technical Support
25357,Billing and Payments
25358,Billing and Payments
25359,Product Support
25360,Billing and Payments
25362,Returns and Exchanges
25364,IT Support
25365,Technical Support
25366,IT Support
25367,Technical Support
25368,Customer Service
25369,Customer Service
25370,Billing and Payments
25371,Technical Support
25372,Technical Support
25373,Billing and Payments
25374,Returns and Exchanges
25377,IT Support
25380,IT Support
25382,Service Outages and Maintenance
25383,Technical Support
25384,Service Outages and Maintenance
25385,Customer Service
25386,Product Support
25387,Returns and Exchanges
25388,Product Support
25390,Customer Service
25391,Sales and Pre-Sales
25392,IT Support
25394,Technical Support
25395,Product Support
25397,Technical Support
25398,Technical Support
25399,Technical Support
25400,Technical Support
25401,Technical Support
25402,Technical Support
25404,Technical Support
25405,Billing and Payments
25406,Technical Support
25407,Customer Service
25408,Customer Service
25409,Service Outages and Maintenance
25410,Customer Service
25411,Customer Service
25412,Technical Support
25413,Customer Service
25414,Technical Support
25416,IT Support
25417,Technical Support
25418,Technical Support
25420,Billing and Payments
25421,Returns and Exchanges
25422,Customer Service
25423,Customer Service
25424,Technical Support
25426,Technical Support
25427,Technical Support
25428,Customer Service
25430,Returns and Exchanges
25431,Product Support
25432,Billing and Payments
25434,Returns and Exchanges
25435,Technical Support
25436,Sales and Pre-Sales
25437,Technical Support
25438,Product Support
25439,Sales and Pre-Sales
25440,Technical Support
25441,Technical Support
25442,IT Support
25444,Technical Support
25445,Product Support
25446,Billing and Payments
25447,Product Support
25448,Billing and Payments
25449,Technical Support
25450,Technical Support
25451,Billing and Payments
25452,Product Support
25453,Sales and Pre-Sales
25454,Service Outages and Maintenance
25456,Billing and Payments
25458,Technical Support
25459,Product Support
25460,Product Support
25461,Human Resources
25462,General Inquiry
25463,Technical Support
25464,Product Support
25465,Technical Support
25466,Technical Support
25467,Customer Service
25468,Product Support
25469,Customer Service
25470,Customer Service
25471,Billing and Payments
25472,Technical Support
25473,IT Support
25474,Technical Support
25476,Customer Service
25477,Sales and Pre-Sales
25478,Billing and Payments
25479,Billing and Payments
25480,Product Support
25481,IT Support
25482,Technical Support
25483,Product Support
25484,Product Support
25485,IT Support
25486,Technical Support
25487,Returns and Exchanges
25489,Technical Support
25490,Technical Support
25491,Customer Service
25492,Product Support
25493,Returns and Exchanges
25494,Billing and Payments
25495,Customer Service
25496,Returns and Exchanges
25497,Product Support
25498,Technical Support
25500,IT Support
25501,Customer Service
25502,Technical Support
25503,Billing and Payments
25504,Technical Support
25505,Customer Service
25506,Product Support
25507,Technical Support
25508,Billing and Payments
25509,Technical Support
25511,Billing and Payments
25513,Technical Support
25514,Technical Support
25515,Customer Service
25516,Product Support
25517,IT Support
25518,Product Support
25519,General Inquiry
25520,IT Support
25521,Billing and Payments
25522,Billing and Payments
25523,Customer Service
25525,Technical Support
25526,Sales and Pre-Sales
25528,Technical Support
25529,Technical Support
25530,Billing and Payments
25531,Technical Support
25532,Technical Support
25533,Product Support
25534,Product Support
25535,Customer Service
25536,Technical Support
25537,Technical Support
25538,Customer Service
25540,Technical Support
25541,Technical Support
25542,Product Support
25543,Technical Support
25544,Technical Support
25545,Customer Service
25547,Product Support
25549,IT Support
25551,Service Outages and Maintenance
25552,Technical Support
25556,Technical Support
25557,Technical Support
25558,Customer Service
25559,Product Support
25560,Billing and Payments
25561,Customer Service
25562,Returns and Exchanges
25564,Billing and Payments
25565,IT Support
25566,General Inquiry
25567,Technical Support
25568,Sales and Pre-Sales
25569,Billing and Payments
25570,Billing and Payments
25572,Product Support
25573,Product Support
25574,Technical Support
25575,Customer Service
25576,Technical Support
25577,Technical Support
25578,Customer Service
25580,IT Support
25581,Billing and Payments
25583,Customer Service
25584,Technical Support
25586,Technical Support
25587,IT Support
25588,Product Support
25590,IT Support
25591,Product Support
25593,Customer Service
25595,Customer Service
25596,Customer Service
25599,Billing and Payments
25600,Sales and Pre-Sales
25601,Billing and Payments
25603,Product Support
25606,Product Support
25607,Billing and Payments
25608,Technical Support
25609,Technical Support
25610,Technical Support
25611,Product Support
25612,Product Support
25613,Product Support
25614,Technical Support
25615,Customer Service
25616,Customer Service
25617,Technical Support
25620,Product Support
25621,Customer Service
25622,IT Support
25623,General Inquiry
25624,Human Resources
25626,Service Outages and Maintenance
25627,Product Support
25628,Product Support
25630,Technical Support
25631,Technical Support
25633,Product Support
25635,IT Support
25636,Service Outages and Maintenance
25637,Technical Support
25638,IT Support
25639,Billing and Payments
25640,Returns and Exchanges
25641,Technical Support
25642,Product Support
25643,Technical Support
25644,Product Support
25645,Technical Support
25646,Product Support
25647,Billing and Payments
25649,Technical Support
25650,IT Support
25651,Technical Support
25652,Sales and Pre-Sales
25653,Technical Support
25654,Human Resources
25655,Product Support
25656,Technical Support
25659,Product Support
25661,IT Support
25662,Product Support
25663,Service Outages and Maintenance
25665,Customer Service
25666,Product Support
25667,IT Support
25668,Product Support
25669,Technical Support
25670,IT Support
25671,Product Support
25672,General Inquiry
25673,Customer Service
25675,Billing and Payments
25676,Sales and Pre-Sales
25677,IT Support
25678,Customer Service
25679,Technical Support
25680,Billing and Payments
25681,Customer Service
25682,IT Support
25685,Billing and Payments
25686,Billing and Payments
25689,Product Support
25691,Technical Support
25692,Technical Support
25693,Service Outages and Maintenance
25696,Customer Service
25697,Billing and Payments
25698,Product Support
25700,Product Support
25702,Product Support
25703,Technical Support
25704,Product Support
25705,Customer Service
25707,Technical Support
25709,Customer Service
25710,Customer Service
25711,Product Support
25712,Sales and Pre-Sales
25713,Billing and Payments
25714,Sales and Pre-Sales
25715,IT Support
25716,IT Support
25717,Customer Service
25718,Billing and Payments
25720,Technical Support
25721,Returns and Exchanges
25722,Product Support
25723,Product Support
25724,Customer Service
25725,Customer Service
25728,Service Outages and Maintenance
25729,Billing and Payments
25730,IT Support
25734,Technical Support
25735,Product Support
25736,Billing and Payments
25737,Billing and Payments
25739,Technical Support
25740,IT Support
25741,Product Support
25742,Product Support
25743,Service Outages and Maintenance
25745,Technical Support
25746,Product Support
25748,Billing and Payments
25749,Customer Service
25750,Product Support
25751,Technical Support
25752,Service Outages and Maintenance
25753,Service Outages and Maintenance
25755,Technical Support
25756,Technical Support
25757,Technical Support
25758,Technical Support
25759,Product Support
25760,Technical Support
25761,Returns and Exchanges
25762,Returns and Exchanges
25763,Human Resources
25764,Billing and Payments
25765,Product Support
25766,Product Support
25767,Billing and Payments
25768,Product Support
25769,IT Support
25770,Customer Service
25771,Product Support
25772,Customer Service
25773,Billing and Payments
25775,IT Support
25776,Technical Support
25777,IT Support
25778,Product Support
25779,Technical Support
25781,Billing and Payments
25782,Billing and Payments
25783,Technical Support
25784,Service Outages and Maintenance
25785,Customer Service
25786,Product Support
25787,Customer Service
25788,IT Support
25790,Billing and Payments
25791,Product Support
25792,IT Support
25793,Service Outages and Maintenance
25794,Returns and Exchanges
25795,Customer Service
25796,Returns and Exchanges
25797,Customer Service
25798,Product Support
25799,Technical Support
25800,Technical Support
25801,Technical Support
25803,Product Support
25805,Human Resources
25806,Product Support
25807,Customer Service
25808,Customer Service
25809,Technical Support
25811,Customer Service
25814,Technical Support
25815,Customer Service
25816,Product Support
25817,Customer Service
25818,Product Support
25819,Product Support
25820,IT Support
25821,Billing and Payments
25822,Returns and Exchanges
25824,Billing and Payments
25825,Billing and Payments
25827,Billing and Payments
25829,Customer Service
25830,Customer Service
25831,Sales and Pre-Sales
25832,Technical Support
25833,Customer Service
25834,Product Support
25836,Returns and Exchanges
25838,Billing and Payments
25839,Technical Support
25840,Customer Service
25843,Product Support
25844,IT Support
25846,Customer Service
25847,IT Support
25848,Technical Support
25849,Customer Service
25850,Billing and Payments
25851,Technical Support
25852,Product Support
25853,IT Support
25854,Sales and Pre-Sales
25855,Service Outages and Maintenance
25856,Technical Support
25857,Technical Support
25858,Sales and Pre-Sales
25860,Product Support
25861,Technical Support
25862,Customer Service
25863,Customer Service
25864,Technical Support
25865,IT Support
25866,Product Support
25867,Technical Support
25868,Billing and Payments
25869,Customer Service
25870,Returns and Exchanges
25871,Billing and Payments
25872,Product Support
25873,Returns and Exchanges
25874,Product Support
25875,Technical Support
25876,Product Support
25877,Customer Service
25878,Billing and Payments
25880,Technical Support
25882,Product Support
25883,Technical Support
25884,Customer Service
25885,Sales and Pre-Sales
25887,Technical Support
25888,Technical Support
25889,Service Outages and Maintenance
25890,Technical Support
25891,Customer Service
25893,Product Support
25894,Billing and Payments
25895,IT Support
25896,Technical Support
25897,IT Support
25898,IT Support
25899,Product Support
25901,Billing and Payments
25902,Product Support
25903,Sales and Pre-Sales
25906,Product Support
25907,IT Support
25908,IT Support
25909,IT Support
25910,Service Outages and Maintenance
25913,IT Support
25914,Technical Support
25915,Technical Support
25916,Product Support
25918,Billing and Payments
25919,Customer Service
25922,Customer Service
25923,Customer Service
25925,Customer Service
25926,Technical Support
25927,IT Support
25928,Product Support
25929,Product Support
25931,General Inquiry
25932,Technical Support
25933,IT Support
25934,Product Support
25935,Technical Support
25936,Product Support
25937,Sales and Pre-Sales
25939,Technical Support
25942,Technical Support
25943,Customer Service
25946,Billing and Payments
25947,Technical Support
25948,Technical Support
25951,Technical Support
25952,IT Support
25953,Product Support
25954,Product Support
25955,Product Support
25956,Product Support
25957,Technical Support
25959,Technical Support
25960,Customer Service
25961,Service Outages and Maintenance
25963,Service Outages and Maintenance
25964,Customer Service
25965,Technical Support
25966,Billing and Payments
25967,Billing and Payments
25968,Technical Support
25969,Technical Support
25970,Technical Support
25972,IT Support
25973,Returns and Exchanges
25974,Human Resources
25975,Service Outages and Maintenance
25976,Product Support
25977,Sales and Pre-Sales
25978,IT Support
25979,General Inquiry
25980,Service Outages and Maintenance
25981,Product Support
25982,Technical Support
25984,Technical Support
25985,IT Support
25986,IT Support
25987,Sales and Pre-Sales
25989,Customer Service
25990,Product Support
25991,Technical Support
25992,Product Support
25993,Product Support
25994,Technical Support
25995,Technical Support
25996,Product Support
25998,Product Support
25999,Technical Support
26000,IT Support
26001,Technical Support
26002,Product Support
26004,Customer Service
26005,Technical Support
26006,Technical Support
26007,Product Support
26009,Product Support
26011,Service Outages and Maintenance
26013,Customer Service
26014,Billing and Payments
26015,Product Support
26016,Technical Support
26017,Product Support
26018,IT Support
26019,Technical Support
26020,Product Support
26021,Billing and Payments
26023,Product Support
26024,Product Support
26025,Product Support
26026,Customer Service
26027,Customer Service
26028,Billing and Payments
26030,Technical Support
26031,Human Resources
26032,Technical Support
26033,Technical Support
26034,Technical Support
26037,Billing and Payments
26038,Technical Support
26039,Customer Service
26040,Billing and Payments
26043,Billing and Payments
26046,Service Outages and Maintenance
26047,Customer Service
26048,Technical Support
26049,Technical Support
26052,Technical Support
26053,Technical Support
26054,Billing and Payments
26055,Service Outages and Maintenance
26056,General Inquiry
26057,Billing and Payments
26060,Technical Support
26061,IT Support
26063,Returns and Exchanges
26064,Billing and Payments
26065,Product Support
26066,Billing and Payments
26067,Customer Service
26068,General Inquiry
26069,Human Resources
26071,Technical Support
26072,Billing and Payments
26074,Billing and Payments
26075,Billing and Payments
26077,Technical Support
26079,Product Support
26080,Product Support
26081,Technical Support
26082,Billing and Payments
26083,Product Support
26084,Product Support
26085,Technical Support
26086,Technical Support
26087,Technical Support
26088,IT Support
26090,Service Outages and Maintenance
26091,Product Support
26092,Technical Support
26093,Customer Service
26095,Product Support
26096,Technical Support
26097,Technical Support
26098,Technical Support
26099,Customer Service
26100,Technical Support
26101,Customer Service
26103,Product Support
26104,Technical Support
26105,Product Support
26106,Billing and Payments
26107,Returns and Exchanges
26108,Customer Service
26109,Human Resources
26110,Customer Service
26111,Technical Support
26114,Billing and Payments
26115,Technical Support
26116,IT Support
26117,Customer Service
26118,IT Support
26120,IT Support
26121,Technical Support
26123,Technical Support
26124,Service Outages and Maintenance
26125,Service Outages and Maintenance
26126,Technical Support
26127,Billing and Payments
26128,General Inquiry
26129,Sales and Pre-Sales
26130,Billing and Payments
26131,Product Support
26132,Customer Service
26133,Returns and Exchanges
26134,Product Support
26135,Technical Support
26136,Billing and Payments
26137,Product Support
26138,Returns and Exchanges
26139,Technical Support
26140,Human Resources
26141,Human Resources
26142,Product Support
26144,Product Support
26145,Product Support
26146,Technical Support
26148,Customer Service
26149,Technical Support
26150,Billing and Payments
26152,IT Support
26153,Returns and Exchanges
26154,Sales and Pre-Sales
26156,Technical Support
26158,Product Support
26159,Technical Support
26160,IT Support
26161,IT Support
26162,Technical Support
26163,Customer Service
26164,Product Support
26166,Customer Service
26169,Returns and Exchanges
26170,Product Support
26171,Technical Support
26172,IT Support
26173,Product Support
26174,Returns and Exchanges
26175,Customer Service
26176,IT Support
26177,Returns and Exchanges
26178,General Inquiry
26180,Service Outages and Maintenance
26181,Technical Support
26182,Technical Support
26183,Sales and Pre-Sales
26184,Billing and Payments
26185,Customer Service
26186,Service Outages and Maintenance
26187,Product Support
26189,Technical Support
26191,Customer Service
26193,Technical Support
26194,Returns and Exchanges
26195,Technical Support
26196,IT Support
26200,IT Support
26201,Customer Service
26202,Returns and Exchanges
26203,Product Support
26204,Technical Support
26205,IT Support
26206,IT Support
26207,Technical Support
26208,Technical Support
26209,Technical Support
26210,Product Support
26211,Customer Service
26212,Customer Service
26213,IT Support
26214,IT Support
26215,Technical Support
26216,IT Support
26217,IT Support
26218,IT Support
26221,Product Support
26222,Returns and Exchanges
26223,Product Support
26225,Customer Service
26226,Service Outages and Maintenance
26227,Product Support
26228,Technical Support
26229,Product Support
26230,Service Outages and Maintenance
26231,Human Resources
26232,Billing and Payments
26233,Product Support
26234,Customer Service
26235,IT Support
26236,Product Support
26238,Product Support
26239,IT Support
26240,Technical Support
26241,Product Support
26243,Product Support
26244,Customer Service
26245,Product Support
26246,IT Support
26248,Service Outages and Maintenance
26249,Technical Support
26250,Technical Support
26251,Customer Service
26254,Product Support
26255,Technical Support
26256,Returns and Exchanges
26257,Technical Support
26258,Customer Service
26259,Customer Service
26260,Product Support
26261,Product Support
26262,IT Support
26263,Technical Support
26264,Technical Support
26265,Product Support
26266,Product Support
26267,Technical Support
26268,Service Outages and Maintenance
26269,Product Support
26270,Technical Support
26271,Billing and Payments
26272,Technical Support
26273,IT Support
26276,Technical Support
26278,Technical Support
26279,Returns and Exchanges
26280,Customer Service
26281,Customer Service
26282,Billing and Payments
26284,Technical Support
26285,Service Outages and Maintenance
26286,Service Outages and Maintenance
26287,Product Support
26288,Technical Support
26289,Sales and Pre-Sales
26290,Technical Support
26295,Customer Service
26296,Product Support
26297,Technical Support
26298,Technical Support
26299,Technical Support
26301,Product Support
26302,IT Support
26303,Returns and Exchanges
26304,Product Support
26305,Customer Service
26306,Product Support
26307,Billing and Payments
26308,IT Support
26309,Technical Support
26310,IT Support
26311,Product Support
26312,Product Support
26313,Technical Support
26314,IT Support
26316,Human Resources
26317,Product Support
26319,Product Support
26322,Product Support
26323,IT Support
26324,Technical Support
26325,IT Support
26326,Product Support
26328,Product Support
26329,IT Support
26330,Customer Service
26331,Technical Support
26333,Billing and Payments
26334,Billing and Payments
26335,Sales and Pre-Sales
26336,Returns and Exchanges
26337,Product Support
26338,Product Support
26339,Technical Support
26340,Technical Support
26341,Technical Support
26342,Customer Service
26344,Product Support
26345,Technical Support
26347,Technical Support
26348,Technical Support
26349,Billing and Payments
26350,Technical Support
26351,Product Support
26352,Technical Support
26353,Product Support
26355,Billing and Payments
26356,Technical Support
26357,Customer Service
26358,Product Support
26359,Customer Service
26360,Product Support
26362,Billing and Payments
26363,Returns and Exchanges
26364,Service Outages and Maintenance
26366,Product Support
26368,Technical Support
26370,Customer Service
26372,Product Support
26373,Technical Support
26374,IT Support
26375,Service Outages and Maintenance
26376,Technical Support
26379,IT Support
26381,Returns and Exchanges
26382,Customer Service
26384,Service Outages and Maintenance
26385,Service Outages and Maintenance
26386,Technical Support
26387,IT Support
26388,Technical Support
26389,Technical Support
26391,Product Support
26394,Billing and Payments
26395,IT Support
26396,Technical Support
26397,Billing and Payments
26398,Product Support
26399,Technical Support
26403,Technical Support
26404,Customer Service
26405,Customer Service
26406,Customer Service
26408,Product Support
26409,General Inquiry
26410,Technical Support
26412,Billing and Payments
26413,Sales and Pre-Sales
26414,IT Support
26415,Customer Service
26416,Customer Service
26417,Billing and Payments
26419,Product Support
26420,IT Support
26421,Technical Support
26422,Billing and Payments
26423,Customer Service
26424,Service Outages and Maintenance
26425,Human Resources
26426,Technical Support
26427,Billing and Payments
26429,Customer Service
26430,Service Outages and Maintenance
26431,Service Outages and Maintenance
26432,Billing and Payments
26433,Billing and Payments
26435,Technical Support
26436,Customer Service
26437,Billing and Payments
26438,Product Support
26439,Customer Service
26440,Customer Service
26441,Human Resources
26442,Technical Support
26443,Technical Support
26444,IT Support
26446,Returns and Exchanges
26447,Technical Support
26448,Customer Service
26449,Product Support
26450,Technical Support
26451,Customer Service
26452,Billing and Payments
26453,IT Support
26454,Billing and Payments
26457,Technical Support
26458,Product Support
26460,Returns and Exchanges
26464,Product Support
26465,Human Resources
26467,Product Support
26468,Technical Support
26469,Customer Service
26470,IT Support
26471,Customer Service
26472,Technical Support
26474,Product Support
26475,Technical Support
26476,Technical Support
26477,Returns and Exchanges
26478,Customer Service
26479,IT Support
26480,IT Support
26481,Customer Service
26482,Returns and Exchanges
26483,Technical Support
26484,Billing and Payments
26485,Product Support
26486,Technical Support
26487,IT Support
26488,Technical Support
26489,Product Support
26491,Returns and Exchanges
26492,Technical Support
26493,Returns and Exchanges
26495,IT Support
26496,Service Outages and Maintenance
26497,IT Support
26498,Technical Support
26500,Technical Support
26502,Technical Support
26503,Product Support
26505,Customer Service
26506,Technical Support
26507,Sales and Pre-Sales
26508,Returns and Exchanges
26509,Customer Service
26510,Customer Service
26513,Product Support
26514,Product Support
26515,Product Support
26516,Product Support
26518,Billing and Payments
26519,Product Support
26520,Technical Support
26521,Product Support
26522,Customer Service
26523,Customer Service
26524,Product Support
26525,Product Support
26526,Human Resources
26527,Customer Service
26528,Product Support
26530,Technical Support
26531,Technical Support
26532,Product Support
26533,Service Outages and Maintenance
26534,Billing and Payments
26535,Product Support
26536,IT Support
26537,Customer Service
26539,Technical Support
26540,Returns and Exchanges
26542,IT Support
26543,Technical Support
26544,Customer Service
26546,IT Support
26547,Technical Support
26548,Product Support
26550,Technical Support
26553,Technical Support
26555,Billing and Payments
26556,Customer Service
26558,Sales and Pre-Sales
26559,Technical Support
26561,IT Support
26563,Billing and Payments
26564,Product Support
26565,Service Outages and Maintenance
26566,IT Support
26568,Product Support
26569,Sales and Pre-Sales
26570,Customer Service
26571,Product Support
26572,IT Support
26574,Technical Support
26575,Technical Support
26577,Product Support
26578,Technical Support
26580,Product Support
26581,Technical Support
26582,Technical Support
26585,Product Support
26587,Billing and Payments
26588,Technical Support
26589,Technical Support
26590,Technical Support
26591,Product Support
26592,Customer Service
26593,Customer Service
26594,IT Support
26595,Customer Service
26596,Technical Support
26597,Customer Service
26598,Technical Support
26599,IT Support
26600,Product Support
26602,General Inquiry
26603,Customer Service
26604,Billing and Payments
26605,Technical Support
26606,IT Support
26607,Technical Support
26608,Customer Service
26610,IT Support
26611,Technical Support
26612,IT Support
26613,Product Support
26614,Service Outages and Maintenance
26615,Billing and Payments
26616,IT Support
26617,Returns and Exchanges
26618,Customer Service
26620,Technical Support
26621,Technical Support
26622,Service Outages and Maintenance
26623,Product Support
26624,Customer Service
26625,Customer Service
26626,Billing and Payments
26628,Product Support
26630,Technical Support
26631,Technical Support
26632,Billing and Payments
26633,Returns and Exchanges
26634,Product Support
26636,Technical Support
26637,Technical Support
26638,Billing and Payments
26640,Customer Service
26641,Customer Service
26642,IT Support
26643,Customer Service
26646,Billing and Payments
26649,Billing and Payments
26650,Technical Support
26652,Customer Service
26653,Technical Support
26655,IT Support
26656,Technical Support
26657,Billing and Payments
26658,Technical Support
26659,Customer Service
26661,Product Support
26662,Technical Support
26663,Product Support
26664,Service Outages and Maintenance
26665,Technical Support
26666,Returns and Exchanges
26667,Technical Support
26668,Billing and Payments
26669,IT Support
26670,Technical Support
26671,Billing and Payments
26672,IT Support
26674,Billing and Payments
26675,Product Support
26676,IT Support
26677,Technical Support
26681,Billing and Payments
26682,Returns and Exchanges
26683,Technical Support
26684,Technical Support
26685,Technical Support
26686,Customer Service
26687,Returns and Exchanges
26688,Billing and Payments
26689,IT Support
26690,IT Support
26691,Customer Service
26692,Billing and Payments
26693,Technical Support
26694,IT Support
26696,Product Support
26697,Technical Support
26698,Technical Support
26699,Technical Support
26700,Product Support
26701,Customer Service
26702,Service Outages and Maintenance
26704,General Inquiry
26705,IT Support
26706,Technical Support
26707,Returns and Exchanges
26708,Technical Support
26709,Customer Service
26711,Service Outages and Maintenance
26713,Technical Support
26716,Product Support
26717,Billing and Payments
26718,Technical Support
26721,Product Support
26722,Customer Service
26724,IT Support
26725,Technical Support
26726,Technical Support
26728,Product Support
26729,Technical Support
26730,Customer Service
26731,Customer Service
26735,Product Support
26737,Technical Support
26738,IT Support
26739,Technical Support
26740,IT Support
26741,Billing and Payments
26742,Billing and Payments
26743,Billing and Payments
26744,Billing and Payments
26745,Billing and Payments
26748,Product Support
26749,Technical Support
26750,Customer Service
26751,Customer Service
26752,Technical Support
26754,Technical Support
26755,Product Support
26756,IT Support
26757,Product Support
26758,Product Support
26759,Product Support
26760,Billing and Payments
26761,Service Outages and Maintenance
26762,Billing and Payments
26763,Billing and Payments
26764,Customer Service
26766,Technical Support
26767,Technical Support
26768,Technical Support
26769,Product Support
26770,IT Support
26773,Billing and Payments
26774,Product Support
26775,General Inquiry
26776,IT Support
26777,Product Support
26778,Product Support
26779,IT Support
26781,Product Support
26782,Technical Support
26783,Technical Support
26784,Product Support
26785,Technical Support
26786,Customer Service
26787,Returns and Exchanges
26789,Product Support
26790,Service Outages and Maintenance
26791,IT Support
26793,Billing and Payments
26795,Customer Service
26797,Technical Support
26798,Product Support
26800,IT Support
26801,Product Support
26802,Technical Support
26803,Sales and Pre-Sales
26804,IT Support
26805,Customer Service
26806,Technical Support
26807,Product Support
26808,Billing and Payments
26809,IT Support
26810,Customer Service
26811,Product Support
26812,Technical Support
26813,Product Support
26814,IT Support
26815,Technical Support
26816,Customer Service
26817,Technical Support
26819,Product Support
26821,Product Support
26822,Product Support
26823,Technical Support
26824,Product Support
26825,IT Support
26827,Returns and Exchanges
26828,Technical Support
26829,Customer Service
26830,IT Support
26831,IT Support
26832,Technical Support
26834,Product Support
26835,Product Support
26836,Returns and Exchanges
26837,Technical Support
26840,Returns and Exchanges
26842,Sales and Pre-Sales
26843,Service Outages and Maintenance
26844,Technical Support
26845,Returns and Exchanges
26846,IT Support
26847,Product Support
26848,IT Support
26850,Technical Support
26851,Human Resources
26852,Technical Support
26853,Customer Service
26854,Technical Support
26855,Billing and Payments
26856,Technical Support
26857,Technical Support
26858,Customer Service
26859,Sales and Pre-Sales
26860,Product Support
26861,Product Support
26862,Billing and Payments
26865,Customer Service
26867,Returns and Exchanges
26868,Technical Support
26869,Billing and Payments
26870,Technical Support
26872,Customer Service
26873,Technical Support
26874,Product Support
26875,Service Outages and Maintenance
26876,Service Outages and Maintenance
26877,Returns and Exchanges
26878,Service Outages and Maintenance
26879,Product Support
26881,Customer Service
26882,Customer Service
26883,Product Support
26884,Product Support
26886,Product Support
26887,Sales and Pre-Sales
26888,Product Support
26889,Technical Support
26890,IT Support
26892,Technical Support
26893,Product Support
26894,Product Support
26895,Technical Support
26896,Technical Support
26897,Customer Service
26899,IT Support
26901,Technical Support
26902,Technical Support
26903,Technical Support
26904,Product Support
26905,IT Support
26906,Billing and Payments
26907,Service Outages and Maintenance
26908,Product Support
26909,Billing and Payments
26911,Technical Support
26912,Customer Service
26913,Returns and Exchanges
26914,Customer Service
26916,Product Support
26917,IT Support
26919,Technical Support
26920,Customer Service
26922,Returns and Exchanges
26923,Customer Service
26924,Technical Support
26926,Human Resources
26927,IT Support
26928,Billing and Payments
26930,Product Support
26931,Service Outages and Maintenance
26932,Technical Support
26933,Service Outages and Maintenance
26936,Product Support
26937,Customer Service
26939,Returns and Exchanges
26940,Customer Service
26941,Technical Support
26942,Product Support
26944,Customer Service
26945,Product Support
26947,Technical Support
26949,Technical Support
26950,Billing and Payments
26951,Billing and Payments
26952,Customer Service
26954,Product Support
26955,Customer Service
26959,Product Support
26960,Technical Support
26961,Customer Service
26962,Customer Service
26963,Billing and Payments
26965,Customer Service
26966,Sales and Pre-Sales
26967,Service Outages and Maintenance
26969,Customer Service
26971,Technical Support
26973,Service Outages and Maintenance
26974,Technical Support
26975,Customer Service
26976,Product Support
26978,Technical Support
26979,Technical Support
26980,Billing and Payments
26981,Technical Support
26982,IT Support
26983,Technical Support
26984,Technical Support
26985,Technical Support
26986,Technical Support
26987,IT Support
26990,Technical Support
26991,IT Support
26992,Technical Support
26993,Product Support
26994,Billing and Payments
26995,Technical Support
26996,Technical Support
26998,Customer Service
26999,Customer Service
27000,IT Support
27002,IT Support
27003,Human Resources
27004,Sales and Pre-Sales
27006,Technical Support
27007,Product Support
27009,Human Resources
27010,Technical Support
27011,Product Support
27012,Technical Support
27015,Product Support
27016,Customer Service
27017,Returns and Exchanges
27018,Product Support
27019,Product Support
27020,Technical Support
27021,IT Support
27022,Customer Service
27024,Technical Support
27025,Sales and Pre-Sales
27026,Billing and Payments
27027,Product Support
27028,Billing and Payments
27030,Customer Service
27031,Product Support
27032,Returns and Exchanges
27033,Technical Support
27034,IT Support
27035,Service Outages and Maintenance
27036,Billing and Payments
27037,Technical Support
27038,Product Support
27039,Product Support
27040,Product Support
27041,Customer Service
27042,Product Support
27044,IT Support
27045,Product Support
27046,Technical Support
27047,Technical Support
27048,Product Support
27049,Billing and Payments
27050,Technical Support
27051,Sales and Pre-Sales
27052,Human Resources
27053,Billing and Payments
27056,Product Support
27057,IT Support
27058,Returns and Exchanges
27059,Technical Support
27060,IT Support
27061,Technical Support
27062,IT Support
27063,Technical Support
27065,Service Outages and Maintenance
27066,Billing and Payments
27067,Technical Support
27068,Technical Support
27069,Customer Service
27070,Customer Service
27071,Technical Support
27072,Returns and Exchanges
27073,Customer Service
27074,Product Support
27075,Technical Support
27078,Human Resources
27079,Product Support
27080,Service Outages and Maintenance
27083,Product Support
27085,Product Support
27086,Product Support
27089,Billing and Payments
27090,Service Outages and Maintenance
27092,Product Support
27093,Product Support
27095,Product Support
27097,Technical Support
27098,Returns and Exchanges
27099,IT Support
27100,Billing and Payments
27101,Product Support
27102,Customer Service
27103,Technical Support
27105,IT Support
27106,IT Support
27107,Technical Support
27109,IT Support
27110,IT Support
27111,Technical Support
27112,Technical Support
27113,Customer Service
27115,Billing and Payments
27116,Customer Service
27117,Product Support
27118,Product Support
27119,Billing and Payments
27120,IT Support
27121,Technical Support
27122,Technical Support
27123,Billing and Payments
27125,Technical Support
27127,General Inquiry
27128,Billing and Payments
27129,IT Support
27131,IT Support
27132,Billing and Payments
27133,IT Support
27134,Billing and Payments
27135,Billing and Payments
27136,Billing and Payments
27137,Customer Service
27138,Billing and Payments
27139,Technical Support
27140,Service Outages and Maintenance
27142,IT Support
27143,Customer Service
27146,Customer Service
27147,IT Support
27148,Technical Support
27149,Technical Support
27150,IT Support
27151,Technical Support
27153,Technical Support
27154,Customer Service
27155,IT Support
27156,Technical Support
27158,Sales and Pre-Sales
27159,Product Support
27160,Customer Service
27161,Billing and Payments
27162,IT Support
27163,IT Support
27165,IT Support
27166,Service Outages and Maintenance
27167,Product Support
27168,Returns and Exchanges
27169,IT Support
27170,Technical Support
27172,IT Support
27173,General Inquiry
27174,Product Support
27175,Product Support
27176,Technical Support
27178,Product Support
27179,Technical Support
27181,Returns and Exchanges
27182,IT Support
27183,Technical Support
27186,Returns and Exchanges
27187,Technical Support
27188,Sales and Pre-Sales
27190,Returns and Exchanges
27191,Technical Support
27193,Customer Service
27194,Technical Support
27195,Product Support
27196,Technical Support
27198,IT Support
27199,IT Support
27200,Sales and Pre-Sales
27201,Customer Service
27204,IT Support
27205,Technical Support
27206,Billing and Payments
27207,Technical Support
27208,IT Support
27209,Technical Support
27210,Product Support
27211,Customer Service
27212,Customer Service
27213,Sales and Pre-Sales
27215,Customer Service
27216,Product Support
27217,Returns and Exchanges
27218,Technical Support
27219,Technical Support
27220,General Inquiry
27222,IT Support
27223,Technical Support
27224,Billing and Payments
27225,Customer Service
27226,Product Support
27227,IT Support
27228,Product Support
27229,IT Support
27230,Returns and Exchanges
27231,Customer Service
27232,IT Support
27236,IT Support
27237,Technical Support
27238,Technical Support
27240,IT Support
27241,Product Support
27242,Technical Support
27243,Product Support
27244,Technical Support
27246,Billing and Payments
27247,IT Support
27248,Customer Service
27249,Product Support
27250,Product Support
27251,General Inquiry
27257,Product Support
27258,Product Support
27261,Technical Support
27262,Product Support
27263,Technical Support
27264,IT Support
27265,Technical Support
27267,IT Support
27269,Technical Support
27270,Product Support
27271,Billing and Payments
27272,Returns and Exchanges
27273,Returns and Exchanges
27275,Product Support
27276,Technical Support
27278,Technical Support
27279,IT Support
27282,Customer Service
27283,Technical Support
27284,Product Support
27285,Product Support
27286,Product Support
27287,Technical Support
27288,Returns and Exchanges
27289,Product Support
27290,Product Support
27291,Service Outages and Maintenance
27292,Technical Support
27293,Product Support
27294,Product Support
27297,Technical Support
27298,IT Support
27299,Customer Service
27300,Technical Support
27301,Returns and Exchanges
27302,Technical Support
27304,Billing and Payments
27305,Product Support
27306,Technical Support
27307,Billing and Payments
27308,IT Support
27309,Product Support
27310,Product Support
27312,Customer Service
27313,Service Outages and Maintenance
27314,Billing and Payments
27315,Product Support
27316,Technical Support
27317,Product Support
27320,Technical Support
27322,Sales and Pre-Sales
27323,Customer Service
27324,Technical Support
27325,Technical Support
27326,Product Support
27328,Technical Support
27330,Technical Support
27331,General Inquiry
27332,Billing and Payments
27333,Technical Support
27334,Returns and Exchanges
27335,Customer Service
27336,Customer Service
27338,Human Resources
27339,Billing and Payments
27340,Technical Support
27341,Billing and Payments
27343,Billing and Payments
27344,Product Support
27345,Customer Service
27346,Service Outages and Maintenance
27347,Technical Support
27348,Customer Service
27349,IT Support
27350,Technical Support
27351,Customer Service
27352,IT Support
27353,Technical Support
27354,Technical Support
27355,Product Support
27356,Customer Service
27357,Customer Service
27358,Customer Service
27359,Customer Service
27360,Product Support
27361,IT Support
27362,Technical Support
27363,Billing and Payments
27364,Product Support
27366,Technical Support
27367,Billing and Payments
27368,Billing and Payments
27370,Billing and Payments
27371,Returns and Exchanges
27372,Technical Support
27374,Returns and Exchanges
27375,Billing and Payments
27376,Customer Service
27378,Product Support
27379,Customer Service
27381,Billing and Payments
27382,Technical Support
27383,Billing and Payments
27385,Technical Support
27386,Returns and Exchanges
27387,Customer Service
27388,Billing and Payments
27389,Billing and Payments
27390,Technical Support
27391,Billing and Payments
27392,Customer Service
27393,Technical Support
27394,Returns and Exchanges
27395,Technical Support
27396,Technical Support
27397,IT Support
27398,Billing and Payments
27400,Technical Support
27401,Customer Service
27402,Billing and Payments
27403,Technical Support
27405,IT Support
27406,Billing and Payments
27407,Technical Support
27408,Product Support
27410,Returns and Exchanges
27411,Billing and Payments
27412,Product Support
27413,Technical Support
27414,Technical Support
27415,Technical Support
27417,IT Support
27418,Product Support
27419,Technical Support
27421,Product Support
27422,Customer Service
27423,Technical Support
27424,Customer Service
27426,Product Support
27427,IT Support
27428,Product Support
27429,Technical Support
27430,Product Support
27432,Customer Service
27433,Billing and Payments
27436,Product Support
27437,Billing and Payments
27438,Billing and Payments
27439,Product Support
27441,Billing and Payments
27442,Customer Service
27443,Product Support
27444,Billing and Payments
27445,Technical Support
27446,Service Outages and Maintenance
27448,Technical Support
27449,Returns and Exchanges
27450,Technical Support
27451,Service Outages and Maintenance
27452,Customer Service
27453,Technical Support
27454,Technical Support
27455,Customer Service
27456,Technical Support
27458,Customer Service
27459,Technical Support
27460,Customer Service
27461,Customer Service
27462,Billing and Payments
27463,Service Outages and Maintenance
27464,Customer Service
27465,Product Support
27466,Returns and Exchanges
27467,Human Resources
27469,Technical Support
27470,General Inquiry
27471,Sales and Pre-Sales
27472,Technical Support
27473,Billing and Payments
27474,Technical Support
27475,Technical Support
27476,Technical Support
27477,Product Support
27478,Customer Service
27479,Billing and Payments
27480,Service Outages and Maintenance
27481,Service Outages and Maintenance
27482,Returns and Exchanges
27483,Customer Service
27484,Product Support
27486,Product Support
27487,IT Support
27488,Technical Support
27489,Technical Support
27490,Customer Service
27491,IT Support
27493,Technical Support
27495,Technical Support
27497,Product Support
27498,Customer Service
27500,Customer Service
27501,Product Support
27503,Product Support
27504,Product Support
27505,Product Support
27507,Technical Support
27508,Customer Service
27509,Billing and Payments
27510,Technical Support
27513,IT Support
27514,Returns and Exchanges
27515,Returns and Exchanges
27516,Customer Service
27517,Billing and Payments
27518,Service Outages and Maintenance
27519,IT Support
27520,IT Support
27521,Technical Support
27522,Technical Support
27523,Billing and Payments
27524,Product Support
27525,Technical Support
27528,IT Support
27529,Customer Service
27530,Technical Support
27531,Technical Support
27532,Product Support
27533,Customer Service
27534,Product Support
27535,IT Support
27536,Technical Support
27537,Customer Service
27539,Technical Support
27540,IT Support
27541,Product Support
27542,Customer Service
27543,Technical Support
27546,Billing and Payments
27548,Billing and Payments
27549,Product Support
27550,Customer Service
27551,Service Outages and Maintenance
27552,Product Support
27553,Returns and Exchanges
27554,Product Support
27557,Customer Service
27558,Billing and Payments
27559,IT Support
27560,Returns and Exchanges
27561,Technical Support
27562,Technical Support
27564,Billing and Payments
27565,Service Outages and Maintenance
27567,Billing and Payments
27568,Product Support
27569,Product Support
27570,Returns and Exchanges
27571,IT Support
27572,Technical Support
27574,IT Support
27575,Technical Support
27576,Technical Support
27577,Service Outages and Maintenance
27578,Technical Support
27579,Product Support
27580,Service Outages and Maintenance
27581,Service Outages and Maintenance
27582,Sales and Pre-Sales
27584,Product Support
27585,Technical Support
27587,Technical Support
27589,Technical Support
27590,Product Support
27591,IT Support
27592,IT Support
27593,Returns and Exchanges
27594,Customer Service
27595,Customer Service
27596,IT Support
27597,Product Support
27599,IT Support
27601,Customer Service
27602,Billing and Payments
27603,Product Support
27604,Customer Service
27605,Returns and Exchanges
27606,Returns and Exchanges
27607,Customer Service
27608,Service Outages and Maintenance
27610,Product Support
27612,Technical Support
27613,Technical Support
27615,Technical Support
27616,Returns and Exchanges
27617,IT Support
27618,Billing and Payments
27619,Product Support
27620,Technical Support
27621,Customer Service
27623,Customer Service
27624,Product Support
27626,Technical Support
27627,Technical Support
27628,Returns and Exchanges
27629,Product Support
27631,Service Outages and Maintenance
27632,IT Support
27634,Customer Service
27635,Billing and Payments
27636,Technical Support
27637,Service Outages and Maintenance
27638,Returns and Exchanges
27639,Customer Service
27640,Product Support
27641,Technical Support
27642,Billing and Payments
27643,Customer Service
27645,Technical Support
27646,Technical Support
27647,Technical Support
27650,Returns and Exchanges
27651,Customer Service
27652,IT Support
27653,Billing and Payments
27654,Customer Service
27656,Billing and Payments
27657,Customer Service
27658,Product Support
27659,IT Support
27661,Returns and Exchanges
27662,Technical Support
27663,Product Support
27666,General Inquiry
27668,Product Support
27669,Billing and Payments
27670,Product Support
27672,Technical Support
27673,Customer Service
27674,Product Support
27675,Technical Support
27676,Product Support
27678,Returns and Exchanges
27679,Product Support
27680,Customer Service
27681,Technical Support
27683,IT Support
27684,IT Support
27685,Technical Support
27686,Billing and Payments
27689,Sales and Pre-Sales
27690,Technical Support
27692,Billing and Payments
27693,Billing and Payments
27695,Technical Support
27696,Customer Service
27697,IT Support
27698,Customer Service
27699,Technical Support
27701,Product Support
27702,Technical Support
27703,IT Support
27704,Service Outages and Maintenance
27705,Returns and Exchanges
27706,Customer Service
27707,Returns and Exchanges
27708,General Inquiry
27710,Returns and Exchanges
27711,General Inquiry
27712,Product Support
27713,Technical Support
27714,Technical Support
27715,Service Outages and Maintenance
27717,Technical Support
27718,Product Support
27719,Product Support
27720,Customer Service
27721,Customer Service
27722,Customer Service
27723,Human Resources
27724,Technical Support
27725,Product Support
27726,Technical Support
27727,Technical Support
27728,Customer Service
27730,IT Support
27731,Technical Support
27732,Technical Support
27733,Billing and Payments
27734,Customer Service
27736,Billing and Payments
27737,IT Support
27738,Billing and Payments
27739,Technical Support
27740,Product Support
27741,Technical Support
27742,Customer Service
27743,Technical Support
27744,Returns and Exchanges
27745,Returns and Exchanges
27746,Technical Support
27747,Technical Support
27748,Returns and Exchanges
27750,Technical Support
27751,Technical Support
27752,Billing and Payments
27754,Technical Support
27756,Billing and Payments
27757,Service Outages and Maintenance
27758,Customer Service
27759,Product Support
27760,Customer Service
27761,IT Support
27762,Customer Service
27763,Human Resources
27764,Billing and Payments
27765,Product Support
27767,Technical Support
27768,Customer Service
27769,Product Support
27770,IT Support
27771,Billing and Payments
27772,Customer Service
27773,IT Support
27774,Product Support
27775,Product Support
27776,Technical Support
27777,Product Support
27779,Technical Support
27780,IT Support
27781,IT Support
27783,IT Support
27785,Billing and Payments
27786,Technical Support
27787,Returns and Exchanges
27789,General Inquiry
27790,Technical Support
27791,Technical Support
27792,Technical Support
27793,Customer Service
27794,Customer Service
27795,Billing and Payments
27797,Technical Support
27799,IT Support
27800,Customer Service
27802,IT Support
27803,Billing and Payments
27804,Technical Support
27806,Product Support
27807,IT Support
27808,Technical Support
27809,General Inquiry
27810,Technical Support
27811,Product Support
27812,Returns and Exchanges
27813,Product Support
27815,Technical Support
27816,Technical Support
27817,Billing and Payments
27818,Sales and Pre-Sales
27819,Product Support
27820,Billing and Payments
27821,Service Outages and Maintenance
27822,IT Support
27823,IT Support
27825,Sales and Pre-Sales
27826,IT Support
27827,Product Support
27828,Product Support
27829,Billing and Payments
27831,Customer Service
27832,Technical Support
27833,Billing and Payments
27835,Customer Service
27836,Billing and Payments
27837,Product Support
27838,Technical Support
27839,Product Support
27843,Technical Support
27845,Customer Service
27846,Product Support
27847,Technical Support
27849,Customer Service
27851,Customer Service
27852,General Inquiry
27853,IT Support
27855,Technical Support
27856,Customer Service
27858,Sales and Pre-Sales
27859,Sales and Pre-Sales
27860,Technical Support
27861,Billing and Payments
27862,Product Support
27863,Returns and Exchanges
27864,Human Resources
27865,Technical Support
27866,Returns and Exchanges
27867,Technical Support
27870,Human Resources
27871,Customer Service
27872,Product Support
27873,Technical Support
27874,IT Support
27875,Product Support
27876,IT Support
27877,Product Support
27879,Product Support
27880,Sales and Pre-Sales
27881,Customer Service
27882,General Inquiry
27883,Service Outages and Maintenance
27884,Product Support
27886,Service Outages and Maintenance
27887,Service Outages and Maintenance
27888,Customer Service
27890,Billing and Payments
27891,Technical Support
27892,General Inquiry
27894,Returns and Exchanges
27895,Technical Support
27896,Product Support
27897,IT Support
27898,Billing and Payments
27899,Sales and Pre-Sales
27900,Product Support
27903,General Inquiry
27905,Billing and Payments
27906,Billing and Payments
27907,Customer Service
27908,Technical Support
27909,Product Support
27910,Technical Support
27911,Customer Service
27912,Customer Service
27913,Product Support
27915,Technical Support
27916,Product Support
27917,Technical Support
27919,Billing and Payments
27920,Technical Support
27921,Human Resources
27922,Technical Support
27923,Technical Support
27925,Technical Support
27926,Customer Service
27927,Customer Service
27929,Product Support
27932,Returns and Exchanges
27933,Technical Support
27934,Billing and Payments
27935,Customer Service
27936,Customer Service
27937,Technical Support
27938,Returns and Exchanges
27939,IT Support
27940,Sales and Pre-Sales
27941,IT Support
27942,Billing and Payments
27943,Billing and Payments
27944,Customer Service
27945,Technical Support
27946,IT Support
27947,Product Support
27948,Customer Service
27949,Product Support
27950,Technical Support
27951,Sales and Pre-Sales
27953,Customer Service
27954,IT Support
27955,Technical Support
27956,Technical Support
27957,IT Support
27958,Product Support
27960,Technical Support
27961,Product Support
27962,Customer Service
27963,Technical Support
27965,Technical Support
27966,Product Support
27967,Technical Support
27968,Billing and Payments
27969,Technical Support
27970,Technical Support
27971,Technical Support
27972,IT Support
27973,Returns and Exchanges
27974,Returns and Exchanges
27976,Technical Support
27977,IT Support
27979,Product Support
27980,Returns and Exchanges
27981,Customer Service
27982,Customer Service
27983,Service Outages and Maintenance
27984,Technical Support
27985,Technical Support
27986,Sales and Pre-Sales
27987,IT Support
27988,Technical Support
27989,Customer Service
27990,Technical Support
27991,General Inquiry
27992,Billing and Payments
27993,Technical Support
27994,Customer Service
27996,Customer Service
27997,Technical Support
27998,Product Support
27999,Product Support
28000,Customer Service
28001,Customer Service
28002,Service Outages and Maintenance
28003,Sales and Pre-Sales
28004,Customer Service
28005,Technical Support
28006,Customer Service
28007,Technical Support
28008,Returns and Exchanges
28009,Customer Service
28010,Product Support
28011,Product Support
28012,IT Support
28013,Billing and Payments
28014,Technical Support
28015,Billing and Payments
28017,Technical Support
28018,Technical Support
28019,Service Outages and Maintenance
28020,Customer Service
28021,Product Support
28022,Customer Service
28025,Technical Support
28026,Technical Support
28027,IT Support
28028,Billing and Payments
28030,Technical Support
28031,Billing and Payments
28032,Product Support
28035,Billing and Payments
28037,Returns and Exchanges
28038,Billing and Payments
28040,Customer Service
28041,Product Support
28042,Technical Support
28043,IT Support
28045,Returns and Exchanges
28047,Service Outages and Maintenance
28048,Technical Support
28049,Billing and Payments
28050,Product Support
28051,Product Support
28052,IT Support
28053,General Inquiry
28054,Technical Support
28055,Returns and Exchanges
28056,IT Support
28057,Product Support
28058,Customer Service
28062,Customer Service
28063,Product Support
28064,Returns and Exchanges
28065,Product Support
28066,Customer Service
28067,Product Support
28069,Billing and Payments
28070,IT Support
28071,Billing and Payments
28073,Technical Support
28075,Product Support
28076,Customer Service
28077,Technical Support
28079,Service Outages and Maintenance
28080,Billing and Payments
28081,Technical Support
28082,Technical Support
28083,General Inquiry
28087,Customer Service
28088,Product Support
28090,Technical Support
28092,Customer Service
28093,Technical Support
28094,Billing and Payments
28096,Technical Support
28097,Service Outages and Maintenance
28099,Product Support
28100,Product Support
28101,Technical Support
28102,Technical Support
28103,IT Support
28104,Customer Service
28105,Service Outages and Maintenance
28107,Technical Support
28108,Billing and Payments
28109,Customer Service
28110,Product Support
28112,Customer Service
28113,Billing and Payments
28114,Customer Service
28115,Technical Support
28116,Technical Support
28119,Returns and Exchanges
28121,Customer Service
28122,IT Support
28123,Customer Service
28124,Technical Support
28125,Technical Support
28126,Technical Support
28127,IT Support
28129,Customer Service
28130,Technical Support
28131,Technical Support
28132,Technical Support
28133,Customer Service
28135,IT Support
28136,IT Support
28137,Returns and Exchanges
28138,Human Resources
28139,Billing and Payments
28140,Technical Support
28141,Technical Support
28142,Billing and Payments
28144,Customer Service
28145,IT Support
28146,IT Support
28147,Service Outages and Maintenance
28148,General Inquiry
28149,Billing and Payments
28150,Service Outages and Maintenance
28151,Technical Support
28152,Technical Support
28153,Technical Support
28154,General Inquiry
28156,IT Support
28157,Product Support
28159,Human Resources
28160,Technical Support
28163,Technical Support
28164,Billing and Payments
28165,IT Support
28166,Technical Support
28167,Customer Service
28168,Technical Support
28170,Product Support
28171,Technical Support
28173,Sales and Pre-Sales
28174,Service Outages and Maintenance
28175,Billing and Payments
28176,Technical Support
28178,Sales and Pre-Sales
28180,Technical Support
28181,Technical Support
28183,Product Support
28184,Technical Support
28186,Product Support
28187,Customer Service
28188,Technical Support
28189,Technical Support
28190,Product Support
28191,IT Support
28194,Technical Support
28200,Technical Support
28201,Returns and Exchanges
28202,Product Support
28203,Service Outages and Maintenance
28204,Technical Support
28205,Product Support
28206,Product Support
28207,Customer Service
28208,Technical Support
28210,Returns and Exchanges
28211,Product Support
28212,Product Support
28213,Customer Service
28215,Product Support
28216,Technical Support
28217,Technical Support
28218,Technical Support
28221,Customer Service
28222,Service Outages and Maintenance
28223,Customer Service
28224,Billing and Payments
28225,Technical Support
28226,Product Support
28228,Technical Support
28229,Technical Support
28230,Technical Support
28231,Customer Service
28232,Technical Support
28233,Human Resources
28235,Customer Service
28236,Product Support
28239,IT Support
28241,Customer Service
28242,Product Support
28243,Product Support
28244,Sales and Pre-Sales
28245,Product Support
28246,Customer Service
28247,Technical Support
28248,Customer Service
28250,Returns and Exchanges
28251,Product Support
28253,Technical Support
28255,Technical Support
28256,Technical Support
28257,Billing and Payments
28258,Technical Support
28259,Technical Support
28260,Billing and Payments
28263,Service Outages and Maintenance
28264,Product Support
28265,Technical Support
28267,Service Outages and Maintenance
28268,Billing and Payments
28270,Technical Support
28271,Product Support
28272,Billing and Payments
28273,Product Support
28274,Product Support
28275,Customer Service
28276,Technical Support
28278,Technical Support
28279,Customer Service
28280,Billing and Payments
28282,Technical Support
28283,Technical Support
28285,Customer Service
28286,Technical Support
28287,Returns and Exchanges
28288,Product Support
28289,Customer Service
28290,Billing and Payments
28291,Service Outages and Maintenance
28293,Technical Support
28294,Technical Support
28295,Sales and Pre-Sales
28296,Returns and Exchanges
28297,Technical Support
28298,Technical Support
28300,IT Support
28303,Returns and Exchanges
28305,Technical Support
28306,IT Support
28307,Product Support
28308,Billing and Payments
28310,Technical Support
28312,IT Support
28313,Technical Support
28315,Product Support
28316,Product Support
28317,Customer Service
28318,Technical Support
28319,Customer Service
28320,Technical Support
28321,Product Support
28322,Technical Support
28323,Billing and Payments
28324,Product Support
28325,Returns and Exchanges
28327,IT Support
28328,Sales and Pre-Sales
28329,Customer Service
28330,Technical Support
28332,Product Support
28333,IT Support
28334,Technical Support
28335,Billing and Payments
28336,Technical Support
28337,IT Support
28338,Customer Service
28339,Technical Support
28340,Technical Support
28341,IT Support
28342,Product Support
28343,Customer Service
28344,Technical Support
28345,Customer Service
28347,Technical Support
28348,Technical Support
28349,Technical Support
28350,Customer Service
28353,Product Support
28354,Returns and Exchanges
28355,IT Support
28356,Technical Support
28357,IT Support
28358,Billing and Payments
28359,Billing and Payments
28360,Product Support
28362,Product Support
28363,Customer Service
28364,Customer Service
28365,Product Support
28366,Product Support
28367,Returns and Exchanges
28368,Sales and Pre-Sales
28369,Product Support
28370,Technical Support
28371,Customer Service
28373,Technical Support
28374,Technical Support
28375,Technical Support
28376,Returns and Exchanges
28378,Product Support
28380,Technical Support
28381,General Inquiry
28382,Technical Support
28384,Technical Support
28385,Returns and Exchanges
28386,IT Support
28387,Product Support
28388,Technical Support
28389,Customer Service
28390,Customer Service
28391,Billing and Payments
28392,Technical Support
28394,IT Support
28395,Customer Service
28396,Billing and Payments
28397,Billing and Payments
28398,Customer Service
28400,Product Support
28401,Product Support
28402,Billing and Payments
28404,Billing and Payments
28405,Customer Service
28406,Technical Support
28407,Returns and Exchanges
28409,Product Support
28410,Technical Support
28411,Product Support
28412,Technical Support
28413,Returns and Exchanges
28414,IT Support
28415,Technical Support
28416,Returns and Exchanges
28417,Billing and Payments
28418,IT Support
28419,Customer Service
28420,Technical Support
28421,Technical Support
28423,Technical Support
28424,Product Support
28425,Customer Service
28426,Billing and Payments
28427,Technical Support
28428,Technical Support
28430,Sales and Pre-Sales
28432,Customer Service
28433,Customer Service
28434,Customer Service
28435,Billing and Payments
28436,IT Support
28437,Technical Support
28439,Customer Service
28440,Product Support
28441,Customer Service
28442,Product Support
28444,Product Support
28445,IT Support
28447,Customer Service
28448,IT Support
28449,Product Support
28450,Billing and Payments
28451,Technical Support
28452,Product Support
28453,Technical Support
28454,Product Support
28455,Billing and Payments
28457,IT Support
28458,Technical Support
28459,Technical Support
28460,Technical Support
28461,Technical Support
28463,Technical Support
28464,Technical Support
28465,Technical Support
28466,Product Support
28467,Customer Service
28468,IT Support
28469,Technical Support
28470,Customer Service
28471,Customer Service
28472,IT Support
28473,Customer Service
28474,Customer Service
28476,Customer Service
28477,Customer Service
28478,Technical Support
28479,Returns and Exchanges
28480,IT Support
28482,Product Support
28483,Technical Support
28484,Service Outages and Maintenance
28485,Technical Support
28486,Billing and Payments
28487,Customer Service
28488,Technical Support
28489,Technical Support
28490,Technical Support
28492,Technical Support
28493,Product Support
28496,Returns and Exchanges
28497,Technical Support
28498,Technical Support
28499,Customer Service
28500,Technical Support
28502,Technical Support
28503,Returns and Exchanges
28504,Returns and Exchanges
28505,Customer Service
28508,Customer Service
28510,Customer Service
28511,Product Support
28512,Technical Support
28513,Technical Support
28514,Product Support
28515,Customer Service
28517,Customer Service
28518,Returns and Exchanges
28519,Product Support
28520,Technical Support
28521,Technical Support
28522,IT Support
28523,Technical Support
28525,Technical Support
28526,Product Support
28527,Technical Support
28528,IT Support
28529,Technical Support
28530,Returns and Exchanges
28531,Service Outages and Maintenance
28532,IT Support
28533,Billing and Payments
28534,Technical Support
28535,Technical Support
28536,Technical Support
28538,IT Support
28539,Billing and Payments
28540,Service Outages and Maintenance
28542,Customer Service
28543,Sales and Pre-Sales
28544,Technical Support
28545,Technical Support
28546,Technical Support
28547,Technical Support
28548,Technical Support
28549,Service Outages and Maintenance
28550,Customer Service
28551,Technical Support
28552,Technical Support
28553,Technical Support
28554,Billing and Payments
28555,Technical Support
28556,Sales and Pre-Sales
28558,Customer Service
28559,Product Support
28560,Customer Service
28561,Technical Support
28563,Returns and Exchanges
28564,Product Support
28565,Sales and Pre-Sales
28566,Technical Support
28568,Billing and Payments
28569,Technical Support
28573,Technical Support
28574,Technical Support
28575,Returns and Exchanges
28576,Technical Support
28577,Technical Support
28580,Technical Support
28581,Technical Support
28582,Billing and Payments
28585,Technical Support
28586,IT Support
28587,Customer Service
28588,Technical Support
28589,Technical Support
28590,Technical Support
28591,IT Support
28592,Returns and Exchanges
28594,Billing and Payments
28595,IT Support
28596,Customer Service
28597,Returns and Exchanges
28599,Customer Service
28600,IT Support
28601,Product Support
28603,Product Support
28604,Customer Service
28605,Technical Support
28606,Customer Service
28607,Product Support
28608,Technical Support
28609,Product Support
28611,Customer Service
28612,Product Support
28613,IT Support
28615,Technical Support
28617,IT Support
28618,Customer Service
28620,Customer Service
28621,Customer Service
28623,Billing and Payments
28624,Customer Service
28625,IT Support
28626,Customer Service
28628,Product Support
28630,Product Support
28631,Product Support
28632,Billing and Payments
28634,Billing and Payments
28635,Product Support
28636,Product Support
28637,Service Outages and Maintenance
28638,Technical Support
28639,Customer Service
28640,Technical Support
28642,Service Outages and Maintenance
28643,Customer Service
28644,Product Support
28645,Product Support
28646,Product Support
28650,Technical Support
28651,Customer Service
28652,Technical Support
28653,Billing and Payments
28654,Customer Service
28655,IT Support
28658,Customer Service
28659,Customer Service
28660,Technical Support
28661,Technical Support
28662,Technical Support
28663,Technical Support
28664,Technical Support
28665,Technical Support
28666,Technical Support
28667,IT Support
28668,Product Support
28669,Billing and Payments
28671,IT Support
28672,Product Support
28673,Product Support
28674,Technical Support
28675,Product Support
28676,Product Support
28677,IT Support
28678,Service Outages and Maintenance
28679,Technical Support
28680,Sales and Pre-Sales
28681,Customer Service
28682,Technical Support
28683,Customer Service
28684,Customer Service
28685,Technical Support
28686,Customer Service
28687,Billing and Payments
28688,Billing and Payments
28689,Technical Support
28690,Customer Service
28691,Product Support
28692,Technical Support
28694,IT Support
28695,General Inquiry
28697,Technical Support
28698,Product Support
28699,IT Support
28700,Human Resources
28701,Product Support
28704,Billing and Payments
28705,Service Outages and Maintenance
28706,Technical Support
28708,Customer Service
28709,Billing and Payments
28710,Customer Service
28711,Billing and Payments
28712,Technical Support
28713,Product Support
28714,Billing and Payments
28715,Billing and Payments
28716,Returns and Exchanges
28717,Product Support
28719,Product Support
28720,General Inquiry
28721,Sales and Pre-Sales
28722,Customer Service
28723,IT Support
28724,Product Support
28725,Technical Support
28726,Technical Support
28728,Technical Support
28729,Technical Support
28730,Customer Service
28731,Technical Support
28732,IT Support
28733,Product Support
28734,Technical Support
28735,IT Support
28736,IT Support
28738,Technical Support
28739,Product Support
28742,Service Outages and Maintenance
28743,IT Support
28744,Technical Support
28745,Product Support
28746,Customer Service
28747,Product Support
28748,Technical Support
28749,Product Support
28750,Technical Support
28751,Technical Support
28752,Technical Support
28753,Billing and Payments
28754,Customer Service
28756,IT Support
28757,Billing and Payments
28758,Product Support
28759,Billing and Payments
28760,Product Support
28761,IT Support
28762,Technical Support
28764,Technical Support
28765,IT Support
28766,General Inquiry
28767,Customer Service
28768,Technical Support
28769,Product Support
28770,Customer Service
28772,Product Support
28774,Technical Support
28778,Service Outages and Maintenance
28779,Customer Service
28781,Billing and Payments
28782,Technical Support
28785,Billing and Payments
28786,Technical Support
28788,Technical Support
28789,Product Support
28790,Product Support
28794,Billing and Payments
28796,Sales and Pre-Sales
28797,Technical Support
28798,Technical Support
28799,Technical Support
28800,Customer Service
28801,Billing and Payments
28803,Product Support
28804,Technical Support
28805,Customer Service
28806,Customer Service
28807,Customer Service
28808,Technical Support
28809,Customer Service
28810,Customer Service
28812,Technical Support
28814,Technical Support
28815,Product Support
28816,Customer Service
28818,IT Support
28819,General Inquiry
28820,Product Support
28824,Customer Service
28825,Technical Support
28828,IT Support
28829,Product Support
28830,Customer Service
28831,Technical Support
28832,IT Support
28833,IT Support
28834,Billing and Payments
28835,Service Outages and Maintenance
28836,Product Support
28837,Customer Service
28838,Technical Support
28839,Technical Support
28840,Technical Support
28841,IT Support
28843,Billing and Payments
28844,Technical Support
28845,Technical Support
28846,Technical Support
28847,Customer Service
28849,Technical Support
28850,Billing and Payments
28851,Service Outages and Maintenance
28853,Technical Support
28854,Technical Support
28856,Technical Support
28857,IT Support
28858,Billing and Payments
28859,Technical Support
28861,IT Support
28862,Technical Support
28863,Product Support
28864,Product Support
28865,Technical Support
28866,IT Support
28869,Technical Support
28870,Customer Service
28871,Technical Support
28872,Customer Service
28873,Product Support
28875,Product Support
28877,Product Support
28879,Returns and Exchanges
28882,IT Support
28883,Product Support
28884,Technical Support
28885,IT Support
28887,Technical Support
28888,Product Support
28889,Technical Support
28890,Product Support
28891,Customer Service
28892,Product Support
28893,Product Support
28895,Technical Support
28896,Sales and Pre-Sales
28897,Technical Support
28898,Returns and Exchanges
28899,Product Support
28900,Service Outages and Maintenance
28901,IT Support
28904,Technical Support
28905,IT Support
28907,Billing and Payments
28909,Billing and Payments
28910,Technical Support
28912,Product Support
28913,Technical Support
28914,Billing and Payments
28915,Technical Support
28917,Product Support
28918,Technical Support
28919,Billing and Payments
28920,Customer Service
28921,Human Resources
28922,Billing and Payments
28923,Returns and Exchanges
28924,Product Support
28925,IT Support
28926,IT Support
28927,Technical Support
28928,IT Support
28929,IT Support
28931,Product Support
28932,Billing and Payments
28933,Customer Service
28934,Billing and Payments
28935,Technical Support
28938,Technical Support
28939,IT Support
28940,IT Support
28941,Service Outages and Maintenance
28942,Customer Service
28943,Product Support
28944,Technical Support
28945,Sales and Pre-Sales
28947,Technical Support
28949,Customer Service
28950,IT Support
28951,Technical Support
28952,Customer Service
28953,Product Support
28954,Technical Support
28955,Product Support
28956,Technical Support
28957,Customer Service
28958,Billing and Payments
28959,IT Support
28960,IT Support
28961,IT Support
28962,Product Support
28963,Product Support
28964,Returns and Exchanges
28965,Technical Support
28966,Technical Support
28967,IT Support
28968,Customer Service
28970,General Inquiry
28971,Technical Support
28972,Technical Support
28973,Technical Support
28974,IT Support
28975,Customer Service
28976,Technical Support
28977,Customer Service
28978,Technical Support
28979,Product Support
28980,Technical Support
28981,Technical Support
28982,IT Support
28983,General Inquiry
28984,Product Support
28985,Product Support
28986,Product Support
28987,IT Support
28988,Technical Support
28989,Product Support
28990,Product Support
28992,Customer Service
28993,IT Support
28995,Billing and Payments
28996,Product Support
28997,Customer Service
28998,IT Support
28999,Product Support
29001,Customer Service
29002,Technical Support
29003,Billing and Payments
29004,IT Support
29005,Billing and Payments
29006,Technical Support
29007,IT Support
29008,Customer Service
29011,Technical Support
29012,IT Support
29013,Technical Support
29015,Technical Support
29016,IT Support
29018,Technical Support
29019,Technical Support
29020,Technical Support
29021,Customer Service
29022,Technical Support
29023,Technical Support
29024,Service Outages and Maintenance
29025,Technical Support
29026,Technical Support
29027,Technical Support
29028,Product Support
29029,Sales and Pre-Sales
29030,Customer Service
29031,IT Support
29032,Billing and Payments
29033,Returns and Exchanges
29034,Technical Support
29035,IT Support
29036,Technical Support
29037,Sales and Pre-Sales
29038,Technical Support
29040,Technical Support
29042,IT Support
29043,Returns and Exchanges
29044,Technical Support
29046,Customer Service
29048,Customer Service
29049,IT Support
29050,Technical Support
29051,Product Support
29052,Customer Service
29053,Returns and Exchanges
29055,Product Support
29056,Technical Support
29057,IT Support
29059,Product Support
29060,Customer Service
29062,Human Resources
29063,Sales and Pre-Sales
29065,Technical Support
29067,Billing and Payments
29068,Technical Support
29069,Technical Support
29070,Returns and Exchanges
29071,General Inquiry
29072,IT Support
29075,Product Support
29077,Technical Support
29078,Customer Service
29079,IT Support
29082,Billing and Payments
29083,Technical Support
29084,Customer Service
29085,Customer Service
29086,Product Support
29087,Technical Support
29088,Technical Support
29090,Billing and Payments
29091,Sales and Pre-Sales
29092,Product Support
29093,Service Outages and Maintenance
29094,IT Support
29095,Product Support
29096,Product Support
29097,IT Support
29098,Technical Support
29099,Technical Support
29100,Technical Support
29101,Technical Support
29102,Technical Support
29103,Technical Support
29105,Technical Support
29106,Customer Service
29108,Technical Support
29109,Billing and Payments
29110,Sales and Pre-Sales
29111,Customer Service
29112,Product Support
29114,Technical Support
29115,Product Support
29116,Product Support
29117,Technical Support
29118,Product Support
29119,IT Support
29120,Billing and Payments
29121,IT Support
29122,Technical Support
29123,Customer Service
29124,Billing and Payments
29126,Customer Service
29127,IT Support
29128,Technical Support
29129,Billing and Payments
29130,Technical Support
29131,Product Support
29133,Customer Service
29134,Technical Support
29135,Technical Support
29136,Technical Support
29137,Product Support
29138,Technical Support
29140,Human Resources
29141,Customer Service
29142,Technical Support
29145,Technical Support
29148,IT Support
29149,Customer Service
29150,Technical Support
29151,Technical Support
29152,Customer Service
29153,IT Support
29156,Customer Service
29157,Customer Service
29158,Technical Support
29159,IT Support
29160,Product Support
29162,General Inquiry
29163,Technical Support
29164,Customer Service
29165,Product Support
29166,Product Support
29169,IT Support
29170,IT Support
29171,Technical Support
29172,Returns and Exchanges
29173,Technical Support
29174,Customer Service
29175,Technical Support
29176,Technical Support
29178,Product Support
29179,Technical Support
29182,Technical Support
29184,Product Support
29185,Technical Support
29186,Technical Support
29187,Customer Service
29188,Billing and Payments
29189,Returns and Exchanges
29191,IT Support
29192,IT Support
29193,Technical Support
29194,Customer Service
29195,Customer Service
29196,Service Outages and Maintenance
29199,IT Support
29200,Technical Support
29201,Service Outages and Maintenance
29202,Product Support
29203,Technical Support
29204,General Inquiry
29206,Technical Support
29207,Technical Support
29208,Service Outages and Maintenance
29210,IT Support
29211,Product Support
29212,Human Resources
29213,Technical Support
29214,Product Support
29216,Technical Support
29217,Sales and Pre-Sales
29218,Returns and Exchanges
29219,IT Support
29223,Product Support
29226,Billing and Payments
29227,Customer Service
29229,Customer Service
29230,Technical Support
29231,Product Support
29233,Billing and Payments
29236,Technical Support
29237,Service Outages and Maintenance
29238,Technical Support
29239,Product Support
29240,Billing and Payments
29241,IT Support
29242,Customer Service
29244,Product Support
29245,IT Support
29246,Technical Support
29247,Product Support
29249,Technical Support
29250,Technical Support
29251,Customer Service
29252,Product Support
29253,Billing and Payments
29254,Technical Support
29255,Technical Support
29258,Returns and Exchanges
29259,Technical Support
29261,Technical Support
29262,Product Support
29263,Technical Support
29265,Technical Support
29266,Technical Support
29268,Product Support
29269,Technical Support
29270,Customer Service
29271,Product Support
29272,Service Outages and Maintenance
29273,Technical Support
29274,Service Outages and Maintenance
29275,Service Outages and Maintenance
29276,Technical Support
29277,Billing and Payments
29278,Technical Support
29279,Product Support
29281,Sales and Pre-Sales
29282,IT Support
29283,Sales and Pre-Sales
29284,Technical Support
29285,Technical Support
29287,Sales and Pre-Sales
29288,Technical Support
29289,Product Support
29290,Returns and Exchanges
29291,Product Support
29292,Customer Service
29294,Product Support
29295,IT Support
29296,Product Support
29297,Returns and Exchanges
29299,Technical Support
29300,Customer Service
29301,Technical Support
29302,Technical Support
29303,Technical Support
29304,Technical Support
29305,IT Support
29306,Technical Support
29307,Technical Support
29308,Technical Support
29309,Technical Support
29310,IT Support
29311,Product Support
29312,Customer Service
29314,IT Support
29316,IT Support
29318,Billing and Payments
29320,IT Support
29321,Technical Support
29322,IT Support
29323,Product Support
29326,Technical Support
29327,Sales and Pre-Sales
29328,Product Support
29330,Service Outages and Maintenance
29331,Billing and Payments
29332,Sales and Pre-Sales
29333,Technical Support
29334,Returns and Exchanges
29335,Product Support
29336,Technical Support
29339,Human Resources
29340,Returns and Exchanges
29341,Technical Support
29343,Technical Support
29345,Technical Support
29347,Technical Support
29348,Returns and Exchanges
29351,Technical Support
29352,Customer Service
29354,Technical Support
29355,Product Support
29356,Billing and Payments
29357,Customer Service
29358,Sales and Pre-Sales
29359,Service Outages and Maintenance
29360,Human Resources
29361,Technical Support
29362,Customer Service
29363,Customer Service
29364,IT Support
29365,Technical Support
29366,Product Support
29367,Customer Service
29369,Service Outages and Maintenance
29370,Technical Support
29373,Product Support
29374,Customer Service
29375,Product Support
29376,Technical Support
29377,Product Support
29378,Technical Support
29379,Customer Service
29380,Billing and Payments
29382,Service Outages and Maintenance
29383,Product Support
29384,Technical Support
29385,Technical Support
29386,Product Support
29387,Technical Support
29389,IT Support
29391,Technical Support
29392,Technical Support
29394,Service Outages and Maintenance
29395,Product Support
29396,IT Support
29397,Billing and Payments
29398,Product Support
29399,Billing and Payments
29400,Customer Service
29401,Product Support
29402,IT Support
29403,Customer Service
29405,Service Outages and Maintenance
29406,Technical Support
29407,IT Support
29408,Customer Service
29409,Technical Support
29411,Technical Support
29412,Returns and Exchanges
29413,Technical Support
29414,Customer Service
29415,Customer Service
29416,Product Support
29417,Customer Service
29418,Customer Service
29420,General Inquiry
29423,Billing and Payments
29424,IT Support
29425,Customer Service
29426,Technical Support
29428,Technical Support
29429,Customer Service
29430,Sales and Pre-Sales
29431,IT Support
29432,Customer Service
29433,Technical Support
29434,Sales and Pre-Sales
29435,Technical Support
29437,Technical Support
29438,Returns and Exchanges
29439,Product Support
29440,Technical Support
29441,Technical Support
29442,Technical Support
29443,Product Support
29444,Technical Support
29445,Technical Support
29446,Product Support
29447,Technical Support
29448,Customer Service
29449,IT Support
29450,Customer Service
29451,Technical Support
29452,IT Support
29453,Technical Support
29454,IT Support
29455,IT Support
29456,Technical Support
29457,Technical Support
29458,Technical Support
29460,Customer Service
29462,Technical Support
29465,Customer Service
29466,Technical Support
29469,Technical Support
29470,Billing and Payments
29471,Billing and Payments
29472,Technical Support
29473,Human Resources
29474,Product Support
29475,Technical Support
29476,Technical Support
29477,Customer Service
29478,Technical Support
29479,Technical Support
29480,Product Support
29481,Product Support
29482,Billing and Payments
29483,Customer Service
29484,Customer Service
29485,Technical Support
29486,Technical Support
29487,Product Support
29490,Customer Service
29491,Billing and Payments
29493,Product Support
29495,Product Support
29496,Human Resources
29497,Customer Service
29499,Customer Service
29500,Technical Support
29501,Technical Support
29502,IT Support
29504,IT Support
29506,IT Support
29508,Technical Support
29509,Product Support
29511,Technical Support
29512,Technical Support
29514,Technical Support
29515,Technical Support
29517,Technical Support
29519,Customer Service
29520,Technical Support
29521,Product Support
29523,Technical Support
29524,IT Support
29525,Product Support
29527,Sales and Pre-Sales
29528,Technical Support
29529,Product Support
29530,Customer Service
29531,Technical Support
29532,Billing and Payments
29533,Billing and Payments
29534,IT Support
29535,Technical Support
29536,Technical Support
29537,IT Support
29538,Technical Support
29539,Technical Support
29540,Returns and Exchanges
29541,Technical Support
29542,Product Support
29543,Customer Service
29544,Service Outages and Maintenance
29545,Technical Support
29546,Customer Service
29547,IT Support
29548,Customer Service
29549,IT Support
29550,Customer Service
29551,IT Support
29552,IT Support
29553,Technical Support
29554,Service Outages and Maintenance
29555,Product Support
29557,Product Support
29559,Product Support
29560,Technical Support
29561,IT Support
29562,Technical Support
29563,Billing and Payments
29567,Technical Support
29568,Service Outages and Maintenance
29569,Technical Support
29570,Technical Support
29571,IT Support
29572,Technical Support
29574,Technical Support
29575,Customer Service
29576,Sales and Pre-Sales
29577,Billing and Payments
29578,Technical Support
29579,Technical Support
29580,Technical Support
29581,Product Support
29582,Service Outages and Maintenance
29583,Customer Service
29584,Technical Support
29585,Technical Support
29586,IT Support
29587,Sales and Pre-Sales
29588,Technical Support
29591,Technical Support
29592,Technical Support
29593,Technical Support
29594,Product Support
29596,Product Support
29597,Product Support
29598,Technical Support
29599,Technical Support
29600,Technical Support
29601,Product Support
29602,Product Support
29603,Billing and Payments
29605,Billing and Payments
29606,Customer Service
29607,Technical Support
29608,IT Support
29609,IT Support
29610,Technical Support
29611,Technical Support
29612,Technical Support
29613,Technical Support
29614,Customer Service
29615,Service Outages and Maintenance
29617,Technical Support
29618,IT Support
29619,Technical Support
29620,IT Support
29624,IT Support
29625,IT Support
29626,IT Support
29627,IT Support
29628,Billing and Payments
29629,Customer Service
29631,Product Support
29632,Product Support
29633,Product Support
29634,Customer Service
29635,Technical Support
29636,Technical Support
29639,Technical Support
29640,Technical Support
29641,Product Support
29642,Technical Support
29643,Product Support
29645,Customer Service
29646,Sales and Pre-Sales
29648,IT Support
29649,Technical Support
